[82605:82605:0606/131301.967171:INFO:aha/components/metrics/metrics_base.cc:52] [startup] metric: crashReporterStartup, start
[82607:82607:0606/131301.970708:INFO:aha/third_party/crashpad/crashpad/handler/aha_handler_main.cc:43] #### AhaElectron (Crashpad) Startup
[82607:82607:0606/131301.970999:INFO:aha/components/manifest/manifest.cc:91] GetManifestContent exe_dir: /usr/share/trae-cn
[82607:82607:0606/131301.971025:INFO:aha/components/manifest/manifest.cc:106] AppManifest manifest_content={"appId":"787976","appVersion":"3.3.42","activeUrl":"https://log.snssdk.com/service/2/app_alert_check/","channel":"stable","language":"en","logifierDomain":"api.trae.com.cn","name":"Trae CN","package":"com.trae.app","packageType":"stable_cn","region":"CN","registryUrl":"https://log.snssdk.com/service/2/desktop/device_register/","slardarDomain":"pc-mon.zijieapi.com","slardarAid":787976,"oversea":false,"ahaNet":{"ttnet_params":{"domain_httpdns":"dig.bdurl.net","domain_netlog":"crash.snssdk.com","app_id":"787976","tnc_host_first":"tnc3-bjlgy.zijieapi.com","app_name":"trae","tnc_host_second":"","tnc_host_third":"","domain_boe":".boe-gateway.byted.org","update_version_code":"","version_code":"3342","bypass_proxy":false,"is_drop_first_tnc":false,"use_domestic_store_region":false,"get_domain_default_json":"{\"data\":{\"tnc_update_interval\":300,\"chromium_open\":1,\"http_dns_enabled\":1,\"ttnet_http_dns_enabled\":1,\"ttnet_tt_http_dns\":1,\"ttnet_http_dns_timeout\":5,\"opaque_data_enabled\":0,\"wpad_enabled\":0,\"pac_enabled\":1,\"clear_pool_enabled\":1,\"get_domain_default_json\":1,\"md5_check\":0},\"message\":\"success\"}"},"params":{"user_agent":"","experimental_options":"","enable_http2":true,"enable_brotli":true,"enable_quic":true,"enable_network_quality_estimator":false,"enable_verbose_log":false,"enable_ca_store":true,"store_idc_rule_json":"","ttnet_inner_log_switch":255,"bypass_mssdk":false},"access_policy":"{\"domain_white_list\":{\"*.trae.ai\":[\"*\"],\"*.traeapi.us\":[\"*\"],\"*.mchost.guru\":[\"*\"],\"*.bytedance.net\":[\"*\"],\"*.tiktok-row.net\":[\"*\"],\"*.byteintl.net\":[\"*\"],\"*.byted.org\":[\"*\"],\"*.trae.com.cn\":[\"*\"],\"*.trae.cn\":[\"*\"]},\"enable_detail_log\":false}"}}
[82607:82607:0606/131301.971118:WARNING:aha/components/crash_monitor/report_config/report_config.cc:48] config_path not exists, path: /home/eternity/.config/Electron/ReportConfig
[82607:82607:0606/131301.971124:ERROR:aha/components/crash_monitor/report_config/report_config.cc:64] content is empty
[82607:82607:0606/131301.971128:INFO:aha/components/crash_monitor/crash_monitor.cc:243] [CrashMonitor] Initialized: disable_report: 0
[82607:82607:0606/131301.971470:INFO:aha/components/crash_monitor/crash_monitor.cc:402] [CrashMonitor] CalcLocalDeviceId: local_device_id use device_info, device_id: b38695be47dc4b34b4945c7a809d8051
[82607:82607:0606/131301.971803:INFO:third_party/crashpad/crashpad/handler/linux/crash_report_exception_handler.cc:322] [Crashpad] Append global param key: init_device_id
[82607:82610:0606/131301.971824:INFO:aha/components/crash_monitor/crash_monitor.cc:418] [CrashMonitor] InitDeviceId: init_device_id use local_device_id, device_id: b38695be47dc4b34b4945c7a809d8051
[82605:82605:0606/131301.971825:INFO:aha/components/metrics/metrics_base.cc:64] [startup] metric: crashReporterStartup, end, latency: 4ms
[82605:82605:0606/131301.971841:INFO:electron/shell/app/electron_main_delegate.cc:603] #### AhaElectron ()  Startup #### cmd: 
[82607:82610:0606/131301.972033:INFO:aha/third_party/parfait/core_common/parfait_core.cc:157] [Parfait] Enable upload with interval 60
[82607:82610:0606/131301.972041:INFO:aha/third_party/parfait/aha/parfait_client.cc:68] [Parfait] Init ParfaitClient with config
	pft_version=1.3.0.0
	aid=787976
	user_id=anonymous
	device_id=b38695be47dc4b34b4945c7a809d8051
	version=3.3.42
	root_path=/home/eternity/.config/Electron/Crashpad
	session_id=
	data_report_url=https://pc-mon.zijieapi.com/monitor_pc/collect/api/pc_log
	crash_report_url=https://pc-mon.zijieapi.com/monitor_pc/collect/api/pc_crash
	block_report_url=https://pc-mon.zijieapi.com/monitor_pc/collect/api/pc_jank
	matrix_report_url=https://pc-mon.zijieapi.com/monitor_pc/collect/api/pc_matrix
	settings_enabled=0
	settings_url=
	tenant_id=
[82607:82610:0606/131301.972054:INFO:aha/components/crash_monitor/crash_monitor.cc:283] [CrashMonitor] InitParfait: InitParfait success, aid:787976, did:b38695be47dc4b34b4945c7a809d8051
[82607:82609:0606/131301.972047:INFO:aha/third_party/parfait/core_common/parfait_core.cc:165] [Parfait] Set upload interval 60
[82605:82605:0606/131301.999755:INFO:aha/components/metrics/metrics_base.cc:52] [startup] metric: initRunBrowser, start
[82605:82605:0606/131302.001365:INFO:aha/components/metrics/metrics_base.cc:64] [startup] metric: initRunBrowser, end, latency: 2ms
[82605:82605:0606/131302.026598:INFO:electron/shell/browser/electron_browser_main_parts.cc:337] init towel master_binder in browser
[82605:82605:0606/131302.026631:INFO:aha/components/towel/embedder/interface_binder.cc:17] [TOWEL]InterfaceBinder Intialized. ProcessType(2)
[82605:82605:0606/131302.026639:INFO:aha/components/metrics/metrics_base.cc:52] [startup] metric: createNodeEnv, start
[82605:82605:0606/131302.029670:INFO:gin/isolate_holder.cc:165] SetPartitionAllocOomCallback and RegisterIsolateHolder
[82605:82605:0606/131302.059507:INFO:aha/components/metrics/metrics_base.cc:64] [startup] metric: createNodeEnv, end, latency: 33ms
[82605:82605:0606/131302.059530:INFO:aha/components/metrics/metrics_base.cc:52] [startup] metric: initNodeEnv, start
[82605:82605:0606/131302.087151:INFO:aha/components/metrics/metrics_base.cc:64] [startup] metric: initNodeEnv, end, latency: 28ms
[82605:82605:0606/131302.087171:INFO:aha/components/metrics/metrics_base.cc:52] [startup] metric: loadAppCode, start
[82605:82605:0606/131302.188878:INFO:aha/components/ipc/ipc_client.cc:13] [AhaIpc] set request_timeout_ms: 1000
[82605:82605:0606/131302.188907:INFO:aha/components/towel/embedder/master_binder.cc:60] [TOWEL]BindMasterInAnyProcess, ProcessType(2)
[82605:82605:0606/131302.188914:INFO:aha/components/towel/embedder/master_binder.cc:52] [TOWEL]BindMasterInBrowser, ProcessType(2)
[82605:82605:0606/131302.188946:INFO:aha/components/towel/embedder/master_binder.cc:55] [TOWEL]BindMasterInBrowser, run in main thread, bind.
[82605:82605:0606/131302.188960:INFO:aha/components/towel/common/ap_impl.cc:26] [TOWEL][APImpl::APImpl] create ap, id is RoutingId(-1, 1754160339)
[82605:82605:0606/131302.188965:INFO:aha/components/towel/common/ap_impl.cc:31] [TOWEL][APImpl] register to master, current id is RoutingId(-1, 1754160339)
[82605:82605:0606/131302.192080:INFO:aha/components/towel/embedder/master_binder.cc:60] [TOWEL]BindMasterInAnyProcess, ProcessType(2)
[82605:82605:0606/131302.192095:INFO:aha/components/towel/embedder/master_binder.cc:52] [TOWEL]BindMasterInBrowser, ProcessType(2)
[82605:82605:0606/131302.192107:INFO:aha/components/towel/embedder/master_binder.cc:55] [TOWEL]BindMasterInBrowser, run in main thread, bind.
[82605:82605:0606/131302.192115:INFO:aha/components/towel/common/ap_impl.cc:26] [TOWEL][APImpl::APImpl] create ap, id is RoutingId(-1, 535166659)
[82605:82605:0606/131302.192120:INFO:aha/components/towel/common/ap_impl.cc:31] [TOWEL][APImpl] register to master, current id is RoutingId(-1, 535166659)
[82605:82605:0606/131302.192134:WARNING:aha/components/towel/common/ap_impl.cc:220] [TOWEL][APImpl::ListensEvents] no provider for event ai::PUSH_PACKET
[82605:82605:0606/131302.192139:INFO:aha/components/towel/common/ap_impl.cc:594] [TOWEL][APImpl::ListensEvents] start, RoutingId(-1, 535166659)
[82605:82605:0606/131302.192144:INFO:aha/components/towel/common/ap_impl.cc:596] [TOWEL][APImpl::ListensEvents] no pending_listen_requests_, do nothing
[82605:82605:0606/131302.192149:INFO:aha/components/towel/common/static_routing_ap.cc:171] [TOWEL][StaticRoutingAP::TryAddPendingEvents] provider not ready, store event and wait. event ai::PUSH_PACKET
[82605:82605:0606/131302.192335:INFO:aha/components/towel/embedder/master_binder.cc:60] [TOWEL]BindMasterInAnyProcess, ProcessType(2)
[82605:82605:0606/131302.192345:INFO:aha/components/towel/embedder/master_binder.cc:52] [TOWEL]BindMasterInBrowser, ProcessType(2)
[82605:82605:0606/131302.192365:INFO:aha/components/towel/embedder/master_binder.cc:55] [TOWEL]BindMasterInBrowser, run in main thread, bind.
[82605:82605:0606/131302.192378:INFO:aha/components/towel/common/ap_impl.cc:26] [TOWEL][APImpl::APImpl] create ap, id is RoutingId(-1, 535166659)
[82605:82605:0606/131302.192383:INFO:aha/components/towel/common/ap_impl.cc:31] [TOWEL][APImpl] register to master, current id is RoutingId(-1, 535166659)
[82605:82605:0606/131302.192398:WARNING:aha/components/towel/common/ap_impl.cc:220] [TOWEL][APImpl::ListensEvents] no provider for event AhaNet::TNCConfigUpdated
[82605:82605:0606/131302.192404:INFO:aha/components/towel/common/ap_impl.cc:594] [TOWEL][APImpl::ListensEvents] start, RoutingId(-1, 535166659)
[82605:82605:0606/131302.192408:INFO:aha/components/towel/common/ap_impl.cc:596] [TOWEL][APImpl::ListensEvents] no pending_listen_requests_, do nothing
[82605:82605:0606/131302.192413:INFO:aha/components/towel/common/static_routing_ap.cc:171] [TOWEL][StaticRoutingAP::TryAddPendingEvents] provider not ready, store event and wait. event AhaNet::TNCConfigUpdated
[82605:82605:0606/131302.300146:INFO:aha/components/metrics/metrics_base.cc:64] [startup] metric: loadAppCode, end, latency: 213ms
[82605:82605:0606/131302.300160:INFO:aha/components/metrics/metrics_base.cc:52] [startup] metric: joinAppCode, start
[82605:82605:0606/131302.300165:INFO:aha/components/metrics/metrics_base.cc:64] [startup] metric: joinAppCode, end, latency: 0ms
[82605:82605:0606/131302.300545:WARNING:ui/ozone/platform/wayland/common/wayland_object.cc:119] Binding to wl_shm version 1 but version 2 is available.
[82605:82605:0606/131302.300572:WARNING:ui/ozone/platform/wayland/common/wayland_object.cc:119] Binding to zwp_pointer_gestures_v1 version 1 but version 3 is available.
[82605:82605:0606/131302.300623:WARNING:ui/ozone/platform/wayland/common/wayland_object.cc:119] Binding to wl_seat version 8 but version 9 is available.
[82605:82605:0606/131302.300645:WARNING:ui/ozone/platform/wayland/common/wayland_object.cc:119] Binding to wp_cursor_shape_manager_v1 version 1 but version 2 is available.
[82605:82605:0606/131302.300657:WARNING:ui/ozone/platform/wayland/common/wayland_object.cc:119] Binding to zwp_linux_dmabuf_v1 version 4 but version 5 is available.
[82605:82605:0606/131302.301076:WARNING:ui/ozone/platform/wayland/host/wayland_drm.cc:114] Drm prime capability is not supported
[82605:82605:0606/131302.347941:INFO:electron/shell/browser/electron_browser_main_parts.cc:577] [ElectronBrowserMainParts] PreMainMessageLoopRun
[82607:82607:0606/131302.347979:INFO:third_party/crashpad/crashpad/handler/linux/crash_report_exception_handler.cc:322] [Crashpad] Append global param key: lifecycle_stage
[82607:82607:0606/131302.348028:INFO:third_party/crashpad/crashpad/handler/linux/crash_report_exception_handler.cc:322] [Crashpad] Append global param key: country_code
[82605:82605:0606/131302.348042:INFO:aha/components/detector/block_detector.cc:92] BlockDetectorManager::Init,this:0xfd401586b40
[82605:82605:0606/131302.348048:INFO:aha/components/detector/block_detector.cc:133] Initializing Towel provider with name: BlockDetectorProvider
[82605:82605:0606/131302.348054:INFO:aha/components/towel/embedder/master_binder.cc:60] [TOWEL]BindMasterInAnyProcess, ProcessType(2)
[82605:82605:0606/131302.348059:INFO:aha/components/towel/embedder/master_binder.cc:52] [TOWEL]BindMasterInBrowser, ProcessType(2)
[82605:82605:0606/131302.348066:INFO:aha/components/towel/embedder/master_binder.cc:55] [TOWEL]BindMasterInBrowser, run in main thread, bind.
[82605:82605:0606/131302.348081:INFO:aha/components/towel/public/provider.cc:76] [TOWEL][Provider::Mount] mount provider, name= BlockDetectorProvider, force_reset=0
[82605:82605:0606/131302.348087:INFO:aha/components/detector/block_detector.cc:143] Towel provider mounted successfully.
[82605:82605:0606/131302.351446:INFO:aha/components/metrics/metrics_base.cc:52] [startup] metric: emitReadyEvent, start
[82605:82605:0606/131302.352175:INFO:aha/components/metrics/metrics_base.cc:64] [startup] metric: emitReadyEvent, end, latency: 1ms
[82605:82605:0606/131302.358097:INFO:aha/components/device_service/device_service.cc:869] DeviceService: register device
[82605:82605:0606/131302.358129:INFO:aha/components/device_service/device_service.h:33] DeviceService BuildRegisterDeviceRequest, cost time: 0 ms
[82605:82605:0606/131302.358349:INFO:aha/components/monitor/monitor_service_instance_impl.cc:109] [MonitorService] CalculateLocalDeviceId: use device_info, device_id: b38695be47dc4b34b4945c7a809d8051
[82605:82605:0606/131302.358359:WARNING:aha/components/monitor/monitor_service_instance_impl.cc:141] [MonitorService] Restart: launch monitor service
[82605:82605:0606/131302.359964:INFO:aha/components/perf/collector/perf_collector_cpu.cc:117] PerfCollectorCPU created
[82605:82605:0606/131302.360008:INFO:aha/components/perf/perf_abnormal_observer.cc:452] [PerfAbnormal] CreateInstance, 
[82605:82605:0606/131302.360025:INFO:aha/components/perf/perf_abnormal_observer.cc:421] [PerfAbnormal] PerfAbnormalObserver, 
[82605:82605:0606/131302.360082:INFO:aha/components/perf/collector/perf_collector_base.cc:81] [perf collector][function=Start]  delay 300 seconds
[82605:82605:0606/131302.360093:INFO:aha/components/perf/collector/perf_collector_base.cc:81] [perf collector][function=Start]  delay 5 seconds
[82605:82605:0606/131302.360105:INFO:aha/components/perf/perf_manager_base.cc:427] [perf manager][function = AddProcess] add process:82605
[82605:82605:0606/131302.360135:INFO:aha/components/perf/collector/perf_collector_base.cc:29] [perf collector][function=ShouldCollectProcess] AddProcess pid:82605 cmd:/usr/share/trae-cn/trae-cn
[82605:82605:0606/131302.360150:INFO:aha/components/perf/collector/perf_collector_base.cc:29] [perf collector][function=ShouldCollectProcess] AddProcess pid:82605 cmd:/usr/share/trae-cn/trae-cn
[82605:82605:0606/131302.360165:INFO:aha/components/perf/collector/perf_collector_base.cc:29] [perf collector][function=ShouldCollectProcess] AddProcess pid:82605 cmd:/usr/share/trae-cn/trae-cn
[82605:82605:0606/131302.360173:INFO:aha/components/perf/collector/perf_collector_disk.cc:30] [perf collector][function=SetPath] PerfCollectorDisk::SetPath: 0
[82605:82605:0606/131302.362038:INFO:aha/components/towel/common/master_impl.cc:39] [TOWEL][MasterImpl::AddAPWithId] add ap 1541359579
[82605:82605:0606/131302.362053:INFO:aha/components/towel/common/master_impl.cc:55] [TOWEL][MasterImpl::AddAP] add ap 1541359579
[82605:82605:0606/131302.362068:INFO:aha/components/towel/common/master_impl.cc:39] [TOWEL][MasterImpl::AddAPWithId] add ap 2045090369
[82605:82605:0606/131302.362075:INFO:aha/components/towel/common/master_impl.cc:55] [TOWEL][MasterImpl::AddAP] add ap 2045090369
[82605:82605:0606/131302.362088:INFO:aha/components/towel/common/master_impl.cc:39] [TOWEL][MasterImpl::AddAPWithId] add ap 818093854
[82605:82605:0606/131302.362095:INFO:aha/components/towel/common/master_impl.cc:55] [TOWEL][MasterImpl::AddAP] add ap 818093854
[82605:82605:0606/131302.362665:INFO:aha/components/towel/common/master_impl.cc:153] [TOWEL][MasterImpl::RegisterProvider] success BlockDetectorProvider provider size now is 1
[82605:82605:0606/131302.362687:INFO:aha/components/process_observer/aha_process_observer.cc:43] [process observer][process launched] type is:gpu-process, pid is:82659
[82605:82605:0606/131302.362696:INFO:aha/components/towel/embedder/master_binder.cc:60] [TOWEL]BindMasterInAnyProcess, ProcessType(2)
[82605:82605:0606/131302.362701:INFO:aha/components/towel/embedder/master_binder.cc:52] [TOWEL]BindMasterInBrowser, ProcessType(2)
[82605:82605:0606/131302.362711:INFO:aha/components/towel/embedder/master_binder.cc:55] [TOWEL]BindMasterInBrowser, run in main thread, bind.
[82605:82605:0606/131302.362718:INFO:aha/components/towel/common/ap_impl.cc:26] [TOWEL][APImpl::APImpl] create ap, id is RoutingId(-1, 371905689)
[82605:82605:0606/131302.362722:INFO:aha/components/towel/common/ap_impl.cc:31] [TOWEL][APImpl] register to master, current id is RoutingId(-1, 371905689)
[82605:82605:0606/131302.362747:INFO:aha/components/towel/common/static_routing_ap.cc:135] [TOWEL][StaticRoutingAP::TryAddPendingRequest] provider not ready, store request and wait. method monitor::MONITOR_EVENT
[82605:82605:0606/131302.362755:INFO:aha/components/towel/common/static_routing_ap.cc:144] [TOWEL][StaticRoutingAP] start timeout checker
[82605:82605:0606/131302.362762:INFO:aha/components/perf/perf_manager_base.cc:427] [perf manager][function = AddProcess] add process:82659
[82605:82605:0606/131302.362782:INFO:aha/components/perf/collector/perf_collector_base.cc:29] [perf collector][function=ShouldCollectProcess] AddProcess pid:82659 cmd:/usr/share/trae-cn/trae-cn --type=zygote --no-zygote-sandbox --crashpad-handler-pid=82607
[82605:82605:0606/131302.362794:INFO:aha/components/perf/collector/perf_collector_base.cc:29] [perf collector][function=ShouldCollectProcess] AddProcess pid:82659 cmd:/usr/share/trae-cn/trae-cn --type=zygote --no-zygote-sandbox --crashpad-handler-pid=82607
[82605:82605:0606/131302.362804:INFO:aha/components/perf/collector/perf_collector_base.cc:29] [perf collector][function=ShouldCollectProcess] AddProcess pid:82659 cmd:/usr/share/trae-cn/trae-cn --type=zygote --no-zygote-sandbox --crashpad-handler-pid=82607
[82605:82605:0606/131302.364682:INFO:aha/components/process_observer/aha_process_observer.cc:43] [process observer][process launched] type is:NetworkService, pid is:82666
[82605:82605:0606/131302.364700:INFO:aha/components/towel/common/static_routing_ap.cc:135] [TOWEL][StaticRoutingAP::TryAddPendingRequest] provider not ready, store request and wait. method monitor::MONITOR_EVENT
[82605:82605:0606/131302.364707:INFO:aha/components/perf/perf_manager_base.cc:427] [perf manager][function = AddProcess] add process:82666
[82605:82605:0606/131302.364731:INFO:aha/components/perf/collector/perf_collector_base.cc:29] [perf collector][function=ShouldCollectProcess] AddProcess pid:82666 cmd:/proc/self/exe --type=utility --utility-sub-type=network.mojom.NetworkService --lang=zh-CN --service-sandbox-type=none --render-node-override=/dev/dri/renderD129 --crashpad-handler-pid=82607 --enable-crash-reporter=177566f7-f9a4-4531-8f1c-c94b9515485f,no_channel --user-data-dir=/home/eternity/.config/Trae CN --standard-schemes=vscode-webview,vscode-file --enable-sandbox --secure-schemes=vscode-webview,vscode-file --cors-schemes=vscode-webview,vscode-file --fetch-schemes=vscode-webview,vscode-file --service-worker-schemes=vscode-webview --code-cache-schemes=vscode-webview,vscode-file --shared-files=v8_context_snapshot_data:100 --field-trial-handle=3,i,17594549591296045096,16278442203122042983,262144 --enable-features=DocumentPolicyIncludeJSCallStacksInCrashReports,EarlyEstablishGpuChannel,EstablishGpuChannelAsync,PdfUseShowSaveFilePicker --disable-features=CalculateNativeWinOcclusion,LocalNetworkAccessChecks,ScreenAIOCREnabled,SpareRendererForSitePerProcess,TraceSiteInstanceGetProcessCreation --variations-seed-version --trace-process-track-uuid=3190708989122997041
[82605:82605:0606/131302.364746:INFO:aha/components/perf/collector/perf_collector_base.cc:29] [perf collector][function=ShouldCollectProcess] AddProcess pid:82666 cmd:/proc/self/exe --type=utility --utility-sub-type=network.mojom.NetworkService --lang=zh-CN --service-sandbox-type=none --render-node-override=/dev/dri/renderD129 --crashpad-handler-pid=82607 --enable-crash-reporter=177566f7-f9a4-4531-8f1c-c94b9515485f,no_channel --user-data-dir=/home/eternity/.config/Trae CN --standard-schemes=vscode-webview,vscode-file --enable-sandbox --secure-schemes=vscode-webview,vscode-file --cors-schemes=vscode-webview,vscode-file --fetch-schemes=vscode-webview,vscode-file --service-worker-schemes=vscode-webview --code-cache-schemes=vscode-webview,vscode-file --shared-files=v8_context_snapshot_data:100 --field-trial-handle=3,i,17594549591296045096,16278442203122042983,262144 --enable-features=DocumentPolicyIncludeJSCallStacksInCrashReports,EarlyEstablishGpuChannel,EstablishGpuChannelAsync,PdfUseShowSaveFilePicker --disable-features=CalculateNativeWinOcclusion,LocalNetworkAccessChecks,ScreenAIOCREnabled,SpareRendererForSitePerProcess,TraceSiteInstanceGetProcessCreation --variations-seed-version --trace-process-track-uuid=3190708989122997041
[82605:82605:0606/131302.364762:INFO:aha/components/perf/collector/perf_collector_base.cc:29] [perf collector][function=ShouldCollectProcess] AddProcess pid:82666 cmd:/proc/self/exe --type=utility --utility-sub-type=network.mojom.NetworkService --lang=zh-CN --service-sandbox-type=none --render-node-override=/dev/dri/renderD129 --crashpad-handler-pid=82607 --enable-crash-reporter=177566f7-f9a4-4531-8f1c-c94b9515485f,no_channel --user-data-dir=/home/eternity/.config/Trae CN --standard-schemes=vscode-webview,vscode-file --enable-sandbox --secure-schemes=vscode-webview,vscode-file --cors-schemes=vscode-webview,vscode-file --fetch-schemes=vscode-webview,vscode-file --service-worker-schemes=vscode-webview --code-cache-schemes=vscode-webview,vscode-file --shared-files=v8_context_snapshot_data:100 --field-trial-handle=3,i,17594549591296045096,16278442203122042983,262144 --enable-features=DocumentPolicyIncludeJSCallStacksInCrashReports,EarlyEstablishGpuChannel,EstablishGpuChannelAsync,PdfUseShowSaveFilePicker --disable-features=CalculateNativeWinOcclusion,LocalNetworkAccessChecks,ScreenAIOCREnabled,SpareRendererForSitePerProcess,TraceSiteInstanceGetProcessCreation --variations-seed-version --trace-process-track-uuid=3190708989122997041
[82605:82605:0606/131302.366329:INFO:aha/components/process_observer/aha_process_observer.cc:43] [process observer][process launched] type is:MonitorService, pid is:82668
[82605:82605:0606/131302.366345:INFO:aha/components/towel/common/static_routing_ap.cc:135] [TOWEL][StaticRoutingAP::TryAddPendingRequest] provider not ready, store request and wait. method monitor::MONITOR_EVENT
[82605:82605:0606/131302.366351:INFO:aha/components/perf/perf_manager_base.cc:427] [perf manager][function = AddProcess] add process:82668
[82605:82605:0606/131302.366373:INFO:aha/components/perf/collector/perf_collector_base.cc:29] [perf collector][function=ShouldCollectProcess] AddProcess pid:82668 cmd:/proc/self/exe --type=utility --utility-sub-type=monitor.mojom.MonitorService --lang=zh-CN --service-sandbox-type=none --render-node-override=/dev/dri/renderD129 --crashpad-handler-pid=82607 --enable-crash-reporter=177566f7-f9a4-4531-8f1c-c94b9515485f,no_channel --user-data-dir=/home/eternity/.config/Trae CN --standard-schemes=vscode-webview,vscode-file --enable-sandbox --secure-schemes=vscode-webview,vscode-file --cors-schemes=vscode-webview,vscode-file --fetch-schemes=vscode-webview,vscode-file --service-worker-schemes=vscode-webview --code-cache-schemes=vscode-webview,vscode-file --shared-files=v8_context_snapshot_data:100 --field-trial-handle=3,i,17594549591296045096,16278442203122042983,262144 --enable-features=DocumentPolicyIncludeJSCallStacksInCrashReports,EarlyEstablishGpuChannel,EstablishGpuChannelAsync,PdfUseShowSaveFilePicker --disable-features=CalculateNativeWinOcclusion,LocalNetworkAccessChecks,ScreenAIOCREnabled,SpareRendererForSitePerProcess,TraceSiteInstanceGetProcessCreation --variations-seed-version --trace-process-track-uuid=3190708990060038890
[82605:82605:0606/131302.366386:INFO:aha/components/perf/collector/perf_collector_base.cc:29] [perf collector][function=ShouldCollectProcess] AddProcess pid:82668 cmd:/proc/self/exe --type=utility --utility-sub-type=monitor.mojom.MonitorService --lang=zh-CN --service-sandbox-type=none --render-node-override=/dev/dri/renderD129 --crashpad-handler-pid=82607 --enable-crash-reporter=177566f7-f9a4-4531-8f1c-c94b9515485f,no_channel --user-data-dir=/home/eternity/.config/Trae CN --standard-schemes=vscode-webview,vscode-file --enable-sandbox --secure-schemes=vscode-webview,vscode-file --cors-schemes=vscode-webview,vscode-file --fetch-schemes=vscode-webview,vscode-file --service-worker-schemes=vscode-webview --code-cache-schemes=vscode-webview,vscode-file --shared-files=v8_context_snapshot_data:100 --field-trial-handle=3,i,17594549591296045096,16278442203122042983,262144 --enable-features=DocumentPolicyIncludeJSCallStacksInCrashReports,EarlyEstablishGpuChannel,EstablishGpuChannelAsync,PdfUseShowSaveFilePicker --disable-features=CalculateNativeWinOcclusion,LocalNetworkAccessChecks,ScreenAIOCREnabled,SpareRendererForSitePerProcess,TraceSiteInstanceGetProcessCreation --variations-seed-version --trace-process-track-uuid=3190708990060038890
[82605:82605:0606/131302.366402:INFO:aha/components/perf/collector/perf_collector_base.cc:29] [perf collector][function=ShouldCollectProcess] AddProcess pid:82668 cmd:/proc/self/exe --type=utility --utility-sub-type=monitor.mojom.MonitorService --lang=zh-CN --service-sandbox-type=none --render-node-override=/dev/dri/renderD129 --crashpad-handler-pid=82607 --enable-crash-reporter=177566f7-f9a4-4531-8f1c-c94b9515485f,no_channel --user-data-dir=/home/eternity/.config/Trae CN --standard-schemes=vscode-webview,vscode-file --enable-sandbox --secure-schemes=vscode-webview,vscode-file --cors-schemes=vscode-webview,vscode-file --fetch-schemes=vscode-webview,vscode-file --service-worker-schemes=vscode-webview --code-cache-schemes=vscode-webview,vscode-file --shared-files=v8_context_snapshot_data:100 --field-trial-handle=3,i,17594549591296045096,16278442203122042983,262144 --enable-features=DocumentPolicyIncludeJSCallStacksInCrashReports,EarlyEstablishGpuChannel,EstablishGpuChannelAsync,PdfUseShowSaveFilePicker --disable-features=CalculateNativeWinOcclusion,LocalNetworkAccessChecks,ScreenAIOCREnabled,SpareRendererForSitePerProcess,TraceSiteInstanceGetProcessCreation --variations-seed-version --trace-process-track-uuid=3190708990060038890
[82605:82605:0606/131302.366423:INFO:aha/components/perf/collector/perf_collector_system.cc:55] get manufacturer:MECHREVO
[82605:82605:0606/131302.366434:INFO:aha/components/towel/common/static_routing_ap.cc:135] [TOWEL][StaticRoutingAP::TryAddPendingRequest] provider not ready, store request and wait. method monitor::MONITOR_EVENT
[82605:82605:0606/131302.366438:INFO:aha/components/perf/perf_manager_base.cc:397] [perf manager][function = RecordLaunchInner] [device info] , total_memory:31249, sys_uptime:20, cpu_count:16, cpu_model:AMD Ryzen 7 7745HX with Radeon Graphics, sys_version:7.0.10-zen1-1-zen, hardware_model:, manufacturer:MECHREVO, touch_screen_availability:0, app_arch:x86_64, chip_arch:x86_64
[82605:82605:0606/131302.366449:INFO:aha/components/towel/common/static_routing_ap.cc:135] [TOWEL][StaticRoutingAP::TryAddPendingRequest] provider not ready, store request and wait. method monitor::MONITOR_EVENT
[82605:82605:0606/131302.366454:INFO:aha/components/perf/perf_manager_base.cc:608] [perf manager][function = CollectDiskInfo]  PerfManagerBase::CollectDiskInfo 
[82605:82624:0606/131302.366471:INFO:aha/components/perf/collector/perf_collector_disk.cc:14] [perf collector][function=Collect] PerfCollectorDisk::Collect: 1
[82605:82605:0606/131302.366486:INFO:aha/components/towel/common/ap_impl.cc:416] [TOWEL][APImpl::OnAddToMaster] real_id is RoutingId(82605, 1541359579), fake_id is RoutingId(-1, 1754160339)
[82605:82605:0606/131302.366492:INFO:aha/components/towel/common/ap_impl.cc:594] [TOWEL][APImpl::ListensEvents] start, RoutingId(82605, 1541359579)
[82605:82605:0606/131302.366496:INFO:aha/components/towel/common/ap_impl.cc:596] [TOWEL][APImpl::ListensEvents] no pending_listen_requests_, do nothing
[82605:82605:0606/131302.366507:INFO:aha/components/towel/common/master_impl.cc:193] [TOWEL][MasterImpl::GetAllProviders] provider size is 1 given size is 1
[82605:82605:0606/131302.366525:INFO:aha/components/towel/common/ap_impl.cc:416] [TOWEL][APImpl::OnAddToMaster] real_id is RoutingId(82605, 2045090369), fake_id is RoutingId(-1, 535166659)
[82605:82605:0606/131302.366529:INFO:aha/components/towel/common/ap_impl.cc:594] [TOWEL][APImpl::ListensEvents] start, RoutingId(82605, 2045090369)
[82605:82605:0606/131302.366533:INFO:aha/components/towel/common/ap_impl.cc:596] [TOWEL][APImpl::ListensEvents] no pending_listen_requests_, do nothing
[82605:82605:0606/131302.366542:INFO:aha/components/towel/common/master_impl.cc:193] [TOWEL][MasterImpl::GetAllProviders] provider size is 1 given size is 1
[82605:82605:0606/131302.366556:INFO:aha/components/towel/common/ap_impl.cc:416] [TOWEL][APImpl::OnAddToMaster] real_id is RoutingId(82605, 818093854), fake_id is RoutingId(-1, 535166659)
[82605:82605:0606/131302.366562:INFO:aha/components/towel/common/ap_impl.cc:594] [TOWEL][APImpl::ListensEvents] start, RoutingId(82605, 818093854)
[82605:82605:0606/131302.366566:INFO:aha/components/towel/common/ap_impl.cc:596] [TOWEL][APImpl::ListensEvents] no pending_listen_requests_, do nothing
[82605:82605:0606/131302.366577:INFO:aha/components/towel/common/master_impl.cc:193] [TOWEL][MasterImpl::GetAllProviders] provider size is 1 given size is 1
[82605:82605:0606/131302.366637:INFO:aha/components/towel/common/ap_impl.cc:406] [TOWEL][APImpl::OnProviderAdded] provider_name BlockDetectorProvider, RoutingId(82605, 818093854)
[82605:82605:0606/131302.366647:INFO:aha/components/towel/common/static_routing_ap.cc:181] [TOWEL][StaticRoutingAP::RunPendingRequestAndEvents] provider_name= BlockDetectorProvider
[82605:82605:0606/131302.366656:INFO:aha/components/towel/common/ap_impl.cc:406] [TOWEL][APImpl::OnProviderAdded] provider_name BlockDetectorProvider, RoutingId(82605, 1541359579)
[82605:82605:0606/131302.366661:INFO:aha/components/ipc/ipc_client.cc:172] [AhaIpc] provider connected, name: BlockDetectorProvider
[82605:82605:0606/131302.366665:INFO:aha/components/towel/common/static_routing_ap.cc:181] [TOWEL][StaticRoutingAP::RunPendingRequestAndEvents] provider_name= BlockDetectorProvider
[82605:82605:0606/131302.366677:INFO:aha/components/towel/common/ap_impl.cc:406] [TOWEL][APImpl::OnProviderAdded] provider_name BlockDetectorProvider, RoutingId(82605, 2045090369)
[82605:82605:0606/131302.366681:INFO:aha/components/towel/common/static_routing_ap.cc:181] [TOWEL][StaticRoutingAP::RunPendingRequestAndEvents] provider_name= BlockDetectorProvider
[82605:82605:0606/131302.366691:INFO:aha/components/towel/common/master_impl.cc:39] [TOWEL][MasterImpl::AddAPWithId] add ap 835596294
[82605:82605:0606/131302.366696:INFO:aha/components/towel/common/master_impl.cc:55] [TOWEL][MasterImpl::AddAP] add ap 835596294
[82605:82605:0606/131302.366801:INFO:aha/components/towel/common/static_routing_ap.cc:135] [TOWEL][StaticRoutingAP::TryAddPendingRequest] provider not ready, store request and wait. method monitor::MONITOR_EVENT
[82605:82605:0606/131302.366809:INFO:aha/components/perf/perf_logger.cc:36] [perf logger] [disk] free:250535MB total:372736MB
[82605:82605:0606/131302.366820:INFO:aha/components/towel/common/ap_impl.cc:511] [TOWEL][APImpl::OnGetAllProviders]: RoutingId(82605, 1541359579) provider size 1
[82605:82605:0606/131302.366829:INFO:aha/components/towel/common/ap_impl.cc:520] [TOWEL][APImpl::OnGetAllProviders] add provider BlockDetectorProvider
[82605:82605:0606/131302.366839:INFO:aha/components/towel/common/static_routing_ap.cc:181] [TOWEL][StaticRoutingAP::RunPendingRequestAndEvents] provider_name= BlockDetectorProvider
[82605:82605:0606/131302.366849:INFO:aha/components/towel/common/ap_impl.cc:511] [TOWEL][APImpl::OnGetAllProviders]: RoutingId(82605, 2045090369) provider size 1
[82605:82605:0606/131302.366855:INFO:aha/components/towel/common/ap_impl.cc:520] [TOWEL][APImpl::OnGetAllProviders] add provider BlockDetectorProvider
[82605:82605:0606/131302.366863:INFO:aha/components/towel/common/static_routing_ap.cc:181] [TOWEL][StaticRoutingAP::RunPendingRequestAndEvents] provider_name= BlockDetectorProvider
[82605:82605:0606/131302.366870:INFO:aha/components/towel/common/ap_impl.cc:511] [TOWEL][APImpl::OnGetAllProviders]: RoutingId(82605, 818093854) provider size 1
[82605:82605:0606/131302.366876:INFO:aha/components/towel/common/ap_impl.cc:520] [TOWEL][APImpl::OnGetAllProviders] add provider BlockDetectorProvider
[82605:82605:0606/131302.366882:INFO:aha/components/towel/common/static_routing_ap.cc:181] [TOWEL][StaticRoutingAP::RunPendingRequestAndEvents] provider_name= BlockDetectorProvider
[82605:82605:0606/131302.366920:INFO:aha/components/towel/public/provider.cc:196] [TOWEL][Provider::GetMetaInfo] provider BlockDetectorProvider, method_size is 1 method_list is BlockDetector::HEART_BEAT
[82605:82605:0606/131302.366934:INFO:aha/components/towel/common/ap_impl.cc:416] [TOWEL][APImpl::OnAddToMaster] real_id is RoutingId(82605, 835596294), fake_id is RoutingId(-1, 371905689)
[82605:82605:0606/131302.366941:INFO:aha/components/towel/common/ap_impl.cc:594] [TOWEL][APImpl::ListensEvents] start, RoutingId(82605, 835596294)
[82605:82605:0606/131302.366945:INFO:aha/components/towel/common/ap_impl.cc:596] [TOWEL][APImpl::ListensEvents] no pending_listen_requests_, do nothing
[82605:82605:0606/131302.366952:INFO:aha/components/towel/common/master_impl.cc:193] [TOWEL][MasterImpl::GetAllProviders] provider size is 1 given size is 1
[82605:82605:0606/131302.367255:INFO:aha/components/towel/public/provider.cc:196] [TOWEL][Provider::GetMetaInfo] provider BlockDetectorProvider, method_size is 1 method_list is BlockDetector::HEART_BEAT
[82605:82605:0606/131302.367271:INFO:aha/components/towel/public/provider.cc:196] [TOWEL][Provider::GetMetaInfo] provider BlockDetectorProvider, method_size is 1 method_list is BlockDetector::HEART_BEAT
[82605:82605:0606/131302.367281:INFO:aha/components/towel/public/provider.cc:196] [TOWEL][Provider::GetMetaInfo] provider BlockDetectorProvider, method_size is 1 method_list is BlockDetector::HEART_BEAT
[82605:82605:0606/131302.367289:INFO:aha/components/towel/public/provider.cc:196] [TOWEL][Provider::GetMetaInfo] provider BlockDetectorProvider, method_size is 1 method_list is BlockDetector::HEART_BEAT
[82605:82605:0606/131302.367296:INFO:aha/components/towel/public/provider.cc:196] [TOWEL][Provider::GetMetaInfo] provider BlockDetectorProvider, method_size is 1 method_list is BlockDetector::HEART_BEAT
[82605:82605:0606/131302.367304:INFO:aha/components/towel/common/ap_impl.cc:530] [TOWEL][APImpl::OnGetProviderMetaInfo]: RoutingId(82605, 818093854) provider BlockDetectorProvider
[82605:82605:0606/131302.367308:INFO:aha/components/towel/common/ap_impl.cc:540] [TOWEL][APImpl::OnGetProviderMetaInfo] update meta info for BlockDetectorProvider method_list is BlockDetector::HEART_BEAT, event_list is 
[82605:82605:0606/131302.367313:INFO:aha/components/towel/common/static_routing_ap.cc:181] [TOWEL][StaticRoutingAP::RunPendingRequestAndEvents] provider_name= BlockDetectorProvider
[82605:82605:0606/131302.367332:INFO:aha/components/towel/common/ap_impl.cc:511] [TOWEL][APImpl::OnGetAllProviders]: RoutingId(82605, 835596294) provider size 1
[82605:82605:0606/131302.367341:INFO:aha/components/towel/common/ap_impl.cc:520] [TOWEL][APImpl::OnGetAllProviders] add provider BlockDetectorProvider
[82605:82605:0606/131302.367346:INFO:aha/components/towel/common/static_routing_ap.cc:181] [TOWEL][StaticRoutingAP::RunPendingRequestAndEvents] provider_name= BlockDetectorProvider
[82605:82605:0606/131302.367528:INFO:aha/components/towel/common/ap_impl.cc:530] [TOWEL][APImpl::OnGetProviderMetaInfo]: RoutingId(82605, 1541359579) provider BlockDetectorProvider
[82605:82605:0606/131302.367537:INFO:aha/components/towel/common/ap_impl.cc:540] [TOWEL][APImpl::OnGetProviderMetaInfo] update meta info for BlockDetectorProvider method_list is BlockDetector::HEART_BEAT, event_list is 
[82605:82605:0606/131302.367542:INFO:aha/components/towel/common/static_routing_ap.cc:181] [TOWEL][StaticRoutingAP::RunPendingRequestAndEvents] provider_name= BlockDetectorProvider
[82605:82605:0606/131302.367552:INFO:aha/components/towel/common/ap_impl.cc:530] [TOWEL][APImpl::OnGetProviderMetaInfo]: RoutingId(82605, 2045090369) provider BlockDetectorProvider
[82605:82605:0606/131302.367556:INFO:aha/components/towel/common/ap_impl.cc:540] [TOWEL][APImpl::OnGetProviderMetaInfo] update meta info for BlockDetectorProvider method_list is BlockDetector::HEART_BEAT, event_list is 
[82605:82605:0606/131302.367560:INFO:aha/components/towel/common/static_routing_ap.cc:181] [TOWEL][StaticRoutingAP::RunPendingRequestAndEvents] provider_name= BlockDetectorProvider
[82605:82605:0606/131302.367582:INFO:aha/components/towel/public/provider.cc:196] [TOWEL][Provider::GetMetaInfo] provider BlockDetectorProvider, method_size is 1 method_list is BlockDetector::HEART_BEAT
[82605:82605:0606/131302.367630:INFO:aha/components/towel/common/ap_impl.cc:530] [TOWEL][APImpl::OnGetProviderMetaInfo]: RoutingId(82605, 835596294) provider BlockDetectorProvider
[82605:82605:0606/131302.367638:INFO:aha/components/towel/common/ap_impl.cc:540] [TOWEL][APImpl::OnGetProviderMetaInfo] update meta info for BlockDetectorProvider method_list is BlockDetector::HEART_BEAT, event_list is 
[82605:82605:0606/131302.367642:INFO:aha/components/towel/common/static_routing_ap.cc:181] [TOWEL][StaticRoutingAP::RunPendingRequestAndEvents] provider_name= BlockDetectorProvider
[82605:82605:0606/131302.414068:INFO:aha/components/towel/common/static_routing_ap.cc:135] [TOWEL][StaticRoutingAP::TryAddPendingRequest] provider not ready, store request and wait. method AhaNet::UpdateAhaNetAccessPolicy
[82605:82605:0606/131302.414090:INFO:aha/components/towel/common/static_routing_ap.cc:144] [TOWEL][StaticRoutingAP] start timeout checker
[82605:82605:0606/131302.420268:ERROR:electron/shell/browser/electron_browser_client.cc:1933] bind receiver for utility
[82605:82605:0606/131302.420281:INFO:aha/components/towel/embedder/master_binder.cc:52] [TOWEL]BindMasterInBrowser, ProcessType(2)
[82605:82605:0606/131302.420290:INFO:aha/components/towel/embedder/master_binder.cc:55] [TOWEL]BindMasterInBrowser, run in main thread, bind.
[82605:82605:0606/131302.420298:ERROR:electron/shell/browser/electron_browser_client.cc:1933] bind receiver for utility
[82605:82605:0606/131302.420302:INFO:aha/components/towel/embedder/master_binder.cc:52] [TOWEL]BindMasterInBrowser, ProcessType(2)
[82605:82605:0606/131302.420313:INFO:aha/components/towel/embedder/master_binder.cc:55] [TOWEL]BindMasterInBrowser, run in main thread, bind.
[82605:82605:0606/131302.420361:ERROR:electron/shell/browser/electron_browser_client.cc:1933] bind receiver for utility
[82605:82605:0606/131302.420365:INFO:aha/components/towel/embedder/master_binder.cc:52] [TOWEL]BindMasterInBrowser, ProcessType(2)
[82605:82605:0606/131302.420373:INFO:aha/components/towel/embedder/master_binder.cc:55] [TOWEL]BindMasterInBrowser, run in main thread, bind.
[82605:82605:0606/131302.421353:INFO:aha/components/towel/common/master_impl.cc:153] [TOWEL][MasterImpl::RegisterProvider] success AhaNet provider size now is 2
[82605:82605:0606/131302.421372:INFO:aha/components/towel/common/master_impl.cc:39] [TOWEL][MasterImpl::AddAPWithId] add ap 160087317
[82605:82605:0606/131302.421381:INFO:aha/components/towel/common/master_impl.cc:55] [TOWEL][MasterImpl::AddAP] add ap 160087317
[82605:82605:0606/131302.421429:INFO:aha/components/towel/common/master_impl.cc:153] [TOWEL][MasterImpl::RegisterProvider] success monitor provider size now is 3
[82605:82605:0606/131302.422317:INFO:aha/components/towel/common/ap_impl.cc:406] [TOWEL][APImpl::OnProviderAdded] provider_name AhaNet, RoutingId(82605, 818093854)
[82605:82605:0606/131302.422328:INFO:aha/services/aha_net/aha_net_client_impl.cc:80] AhaNet provider connected
[82605:82605:0606/131302.422333:INFO:aha/services/aha_net/aha_net_client_impl.cc:82] listen to provider
[82605:82605:0606/131302.422338:WARNING:aha/components/towel/common/ap_impl.cc:220] [TOWEL][APImpl::ListensEvents] no provider for event AhaNet::TNCConfigUpdated
[82605:82605:0606/131302.422342:INFO:aha/components/towel/common/ap_impl.cc:594] [TOWEL][APImpl::ListensEvents] start, RoutingId(82605, 818093854)
[82605:82605:0606/131302.422346:INFO:aha/components/towel/common/ap_impl.cc:596] [TOWEL][APImpl::ListensEvents] no pending_listen_requests_, do nothing
[82605:82605:0606/131302.422350:INFO:aha/components/towel/common/static_routing_ap.cc:171] [TOWEL][StaticRoutingAP::TryAddPendingEvents] provider not ready, store event and wait. event AhaNet::TNCConfigUpdated
[82605:82605:0606/131302.422355:INFO:aha/components/towel/common/static_routing_ap.cc:181] [TOWEL][StaticRoutingAP::RunPendingRequestAndEvents] provider_name= AhaNet
[82605:82605:0606/131302.422359:INFO:aha/components/towel/common/static_routing_ap.cc:195] [TOWEL][StaticRoutingAP::RunPendingEvents] run pending events, event_list is AhaNet::TNCConfigUpdated,AhaNet::TNCConfigUpdated
[82605:82605:0606/131302.422372:INFO:aha/components/towel/common/static_routing_ap.cc:217] [TOWEL][StaticRoutingAP::RunPendingRequestAndEvents] run pending requests, method= AhaNet::UpdateAhaNetAccessPolicy
[82605:82605:0606/131302.422397:INFO:aha/components/towel/common/ap_impl.cc:406] [TOWEL][APImpl::OnProviderAdded] provider_name AhaNet, RoutingId(82605, 835596294)
[82605:82605:0606/131302.422402:INFO:aha/components/monitor/monitor.cc:129] [Monitor] OnProviderConnected: OnProviderConnected, name: AhaNet
[82605:82605:0606/131302.422406:INFO:aha/components/towel/common/static_routing_ap.cc:181] [TOWEL][StaticRoutingAP::RunPendingRequestAndEvents] provider_name= AhaNet
[82605:82605:0606/131302.422425:INFO:aha/components/towel/common/ap_impl.cc:406] [TOWEL][APImpl::OnProviderAdded] provider_name AhaNet, RoutingId(82605, 1541359579)
[82605:82605:0606/131302.422429:INFO:aha/components/ipc/ipc_client.cc:172] [AhaIpc] provider connected, name: AhaNet
[82605:82605:0606/131302.422433:INFO:aha/components/towel/common/static_routing_ap.cc:181] [TOWEL][StaticRoutingAP::RunPendingRequestAndEvents] provider_name= AhaNet
[82605:82605:0606/131302.422448:INFO:aha/components/towel/common/ap_impl.cc:406] [TOWEL][APImpl::OnProviderAdded] provider_name AhaNet, RoutingId(82605, 2045090369)
[82605:82605:0606/131302.422453:INFO:aha/components/towel/common/static_routing_ap.cc:181] [TOWEL][StaticRoutingAP::RunPendingRequestAndEvents] provider_name= AhaNet
[82605:82605:0606/131302.422475:INFO:aha/components/towel/common/master_impl.cc:193] [TOWEL][MasterImpl::GetAllProviders] provider size is 3 given size is 3
[82605:82605:0606/131302.425824:INFO:aha/components/towel/common/ap_impl.cc:530] [TOWEL][APImpl::OnGetProviderMetaInfo]: RoutingId(82605, 818093854) provider AhaNet
[82605:82605:0606/131302.425835:INFO:aha/components/towel/common/ap_impl.cc:540] [TOWEL][APImpl::OnGetProviderMetaInfo] update meta info for AhaNet method_list is AhaNet::UpdateAhaNetAccessPolicy|AhaNet::UpdateTNCConfig|AhaNet::SetProxy|AhaNet::WsCreate|AhaNet::WsConnect|AhaNet::WsSend|AhaNet::WsDisconnect|AhaNet::WsDestroy, event_list is AhaNet::WsMessage|AhaNet::WsStatusChanged|AhaNet::WsError|AhaNet::TNCConfigUpdated
[82605:82605:0606/131302.425841:INFO:aha/components/towel/common/static_routing_ap.cc:181] [TOWEL][StaticRoutingAP::RunPendingRequestAndEvents] provider_name= AhaNet
[82605:82605:0606/131302.425865:INFO:aha/components/towel/common/ap_impl.cc:406] [TOWEL][APImpl::OnProviderAdded] provider_name monitor, RoutingId(82605, 818093854)
[82605:82605:0606/131302.425870:INFO:aha/components/towel/common/static_routing_ap.cc:181] [TOWEL][StaticRoutingAP::RunPendingRequestAndEvents] provider_name= monitor
[82605:82605:0606/131302.425880:INFO:aha/components/towel/common/master_impl.cc:78] [TOWEL][MasterImpl::BindAP] success for 818093854
[82605:82605:0606/131302.425895:INFO:aha/components/towel/common/ap_impl.cc:406] [TOWEL][APImpl::OnProviderAdded] provider_name monitor, RoutingId(82605, 835596294)
[82605:82605:0606/131302.425900:INFO:aha/components/monitor/monitor.cc:129] [Monitor] OnProviderConnected: OnProviderConnected, name: monitor
[82605:82605:0606/131302.425904:INFO:aha/components/towel/common/static_routing_ap.cc:181] [TOWEL][StaticRoutingAP::RunPendingRequestAndEvents] provider_name= monitor
[82605:82605:0606/131302.425908:INFO:aha/components/towel/common/static_routing_ap.cc:217] [TOWEL][StaticRoutingAP::RunPendingRequestAndEvents] run pending requests, method= monitor::MONITOR_EVENT
[82605:82605:0606/131302.425916:INFO:aha/components/towel/common/static_routing_ap.cc:217] [TOWEL][StaticRoutingAP::RunPendingRequestAndEvents] run pending requests, method= monitor::MONITOR_EVENT
[82605:82605:0606/131302.425923:INFO:aha/components/towel/common/static_routing_ap.cc:217] [TOWEL][StaticRoutingAP::RunPendingRequestAndEvents] run pending requests, method= monitor::MONITOR_EVENT
[82605:82605:0606/131302.425930:INFO:aha/components/towel/common/static_routing_ap.cc:217] [TOWEL][StaticRoutingAP::RunPendingRequestAndEvents] run pending requests, method= monitor::MONITOR_EVENT
[82605:82605:0606/131302.425940:INFO:aha/components/towel/common/static_routing_ap.cc:217] [TOWEL][StaticRoutingAP::RunPendingRequestAndEvents] run pending requests, method= monitor::MONITOR_EVENT
[82605:82605:0606/131302.425952:INFO:aha/components/towel/common/static_routing_ap.cc:217] [TOWEL][StaticRoutingAP::RunPendingRequestAndEvents] run pending requests, method= monitor::MONITOR_EVENT
[82605:82605:0606/131302.425968:INFO:aha/components/towel/common/ap_impl.cc:406] [TOWEL][APImpl::OnProviderAdded] provider_name monitor, RoutingId(82605, 1541359579)
[82605:82605:0606/131302.425973:INFO:aha/components/ipc/ipc_client.cc:172] [AhaIpc] provider connected, name: monitor
[82605:82605:0606/131302.425977:INFO:aha/components/towel/common/static_routing_ap.cc:181] [TOWEL][StaticRoutingAP::RunPendingRequestAndEvents] provider_name= monitor
[82605:82605:0606/131302.425989:INFO:aha/components/towel/common/ap_impl.cc:406] [TOWEL][APImpl::OnProviderAdded] provider_name monitor, RoutingId(82605, 2045090369)
[82605:82605:0606/131302.425994:INFO:aha/components/towel/common/static_routing_ap.cc:181] [TOWEL][StaticRoutingAP::RunPendingRequestAndEvents] provider_name= monitor
[82605:82605:0606/131302.426043:INFO:aha/components/towel/common/ap_impl.cc:530] [TOWEL][APImpl::OnGetProviderMetaInfo]: RoutingId(82605, 835596294) provider AhaNet
[82605:82605:0606/131302.426053:INFO:aha/components/towel/common/ap_impl.cc:540] [TOWEL][APImpl::OnGetProviderMetaInfo] update meta info for AhaNet method_list is AhaNet::UpdateAhaNetAccessPolicy|AhaNet::UpdateTNCConfig|AhaNet::SetProxy|AhaNet::WsCreate|AhaNet::WsConnect|AhaNet::WsSend|AhaNet::WsDisconnect|AhaNet::WsDestroy, event_list is AhaNet::WsMessage|AhaNet::WsStatusChanged|AhaNet::WsError|AhaNet::TNCConfigUpdated
[82605:82605:0606/131302.426060:INFO:aha/components/towel/common/static_routing_ap.cc:181] [TOWEL][StaticRoutingAP::RunPendingRequestAndEvents] provider_name= AhaNet
[82605:82605:0606/131302.426073:INFO:aha/components/towel/common/ap_impl.cc:530] [TOWEL][APImpl::OnGetProviderMetaInfo]: RoutingId(82605, 1541359579) provider AhaNet
[82605:82605:0606/131302.426078:INFO:aha/components/towel/common/ap_impl.cc:540] [TOWEL][APImpl::OnGetProviderMetaInfo] update meta info for AhaNet method_list is AhaNet::UpdateAhaNetAccessPolicy|AhaNet::UpdateTNCConfig|AhaNet::SetProxy|AhaNet::WsCreate|AhaNet::WsConnect|AhaNet::WsSend|AhaNet::WsDisconnect|AhaNet::WsDestroy, event_list is AhaNet::WsMessage|AhaNet::WsStatusChanged|AhaNet::WsError|AhaNet::TNCConfigUpdated
[82605:82605:0606/131302.426084:INFO:aha/components/towel/common/static_routing_ap.cc:181] [TOWEL][StaticRoutingAP::RunPendingRequestAndEvents] provider_name= AhaNet
[82605:82605:0606/131302.426094:INFO:aha/components/towel/common/ap_impl.cc:530] [TOWEL][APImpl::OnGetProviderMetaInfo]: RoutingId(82605, 2045090369) provider AhaNet
[82605:82605:0606/131302.426100:INFO:aha/components/towel/common/ap_impl.cc:540] [TOWEL][APImpl::OnGetProviderMetaInfo] update meta info for AhaNet method_list is AhaNet::UpdateAhaNetAccessPolicy|AhaNet::UpdateTNCConfig|AhaNet::SetProxy|AhaNet::WsCreate|AhaNet::WsConnect|AhaNet::WsSend|AhaNet::WsDisconnect|AhaNet::WsDestroy, event_list is AhaNet::WsMessage|AhaNet::WsStatusChanged|AhaNet::WsError|AhaNet::TNCConfigUpdated
[82605:82605:0606/131302.426105:INFO:aha/components/towel/common/static_routing_ap.cc:181] [TOWEL][StaticRoutingAP::RunPendingRequestAndEvents] provider_name= AhaNet
[82605:82605:0606/131302.457275:INFO:aha/components/towel/common/ap_impl.cc:530] [TOWEL][APImpl::OnGetProviderMetaInfo]: RoutingId(82605, 818093854) provider monitor
[82605:82605:0606/131302.457292:INFO:aha/components/towel/common/ap_impl.cc:540] [TOWEL][APImpl::OnGetProviderMetaInfo] update meta info for monitor method_list is monitor::MONITOR_EVENT|monitor::UPLOAD_LOGS|monitor::TOGGLE_LOGIFIER|monitor::REPORT_NETWORK_EVENT|monitor::REPORT_SLARDAR_WEB, event_list is 
[82605:82605:0606/131302.457299:INFO:aha/components/towel/common/static_routing_ap.cc:181] [TOWEL][StaticRoutingAP::RunPendingRequestAndEvents] provider_name= monitor
[82605:82605:0606/131302.457329:INFO:aha/components/towel/common/ap_impl.cc:530] [TOWEL][APImpl::OnGetProviderMetaInfo]: RoutingId(82605, 835596294) provider monitor
[82605:82605:0606/131302.457338:INFO:aha/components/towel/common/ap_impl.cc:540] [TOWEL][APImpl::OnGetProviderMetaInfo] update meta info for monitor method_list is monitor::MONITOR_EVENT|monitor::UPLOAD_LOGS|monitor::TOGGLE_LOGIFIER|monitor::REPORT_NETWORK_EVENT|monitor::REPORT_SLARDAR_WEB, event_list is 
[82605:82605:0606/131302.457342:INFO:aha/components/towel/common/static_routing_ap.cc:181] [TOWEL][StaticRoutingAP::RunPendingRequestAndEvents] provider_name= monitor
[82605:82605:0606/131302.457360:INFO:aha/components/towel/public/provider.cc:196] [TOWEL][Provider::GetMetaInfo] provider BlockDetectorProvider, method_size is 1 method_list is BlockDetector::HEART_BEAT
[82605:82605:0606/131302.457386:INFO:aha/components/towel/common/ap_impl.cc:530] [TOWEL][APImpl::OnGetProviderMetaInfo]: RoutingId(82605, 1541359579) provider monitor
[82605:82605:0606/131302.457391:INFO:aha/components/towel/common/ap_impl.cc:540] [TOWEL][APImpl::OnGetProviderMetaInfo] update meta info for monitor method_list is monitor::MONITOR_EVENT|monitor::UPLOAD_LOGS|monitor::TOGGLE_LOGIFIER|monitor::REPORT_NETWORK_EVENT|monitor::REPORT_SLARDAR_WEB, event_list is 
[82605:82605:0606/131302.457395:INFO:aha/components/towel/common/static_routing_ap.cc:181] [TOWEL][StaticRoutingAP::RunPendingRequestAndEvents] provider_name= monitor
[82605:82605:0606/131302.457404:INFO:aha/components/towel/common/ap_impl.cc:530] [TOWEL][APImpl::OnGetProviderMetaInfo]: RoutingId(82605, 2045090369) provider monitor
[82605:82605:0606/131302.457409:INFO:aha/components/towel/common/ap_impl.cc:540] [TOWEL][APImpl::OnGetProviderMetaInfo] update meta info for monitor method_list is monitor::MONITOR_EVENT|monitor::UPLOAD_LOGS|monitor::TOGGLE_LOGIFIER|monitor::REPORT_NETWORK_EVENT|monitor::REPORT_SLARDAR_WEB, event_list is 
[82605:82605:0606/131302.457413:INFO:aha/components/towel/common/static_routing_ap.cc:181] [TOWEL][StaticRoutingAP::RunPendingRequestAndEvents] provider_name= monitor
[82605:82605:0606/131302.466832:INFO:aha/components/towel/common/static_routing_ap.cc:244] [TOWEL]run timeout checker
[82605:82605:0606/131302.466848:INFO:aha/components/towel/common/static_routing_ap.cc:267] [TOWEL]stop timeout checker
[82605:82605:0606/131302.487091:INFO:aha/components/monitor/monitor.cc:115] [Monitor] SetDisableReport: SetDisableReport, disable_report: 0
[82607:82607:0606/131302.487137:INFO:third_party/crashpad/crashpad/handler/linux/crash_report_exception_handler.cc:322] [Crashpad] Append global param key: device_id
[82605:82605:0606/131302.487174:INFO:aha/components/monitor/monitor_service_instance_impl.cc:184] [MonitorService] UpdateConfig: UpdateConfig, device_id: e09f981585ab064aa9b0f2a3e11cf39fd8a3d112420c0e852c14494078daaf4c, user_id: 
[82607:82610:0606/131302.487191:INFO:aha/third_party/parfait/aha/parfait_client.cc:99] [Parfait] update ParfaitClient with config
	pft_version=1.3.0.0
	user_id=
	device_id=e09f981585ab064aa9b0f2a3e11cf39fd8a3d112420c0e852c14494078daaf4c
	session_id=
	data_report_url=https://pc-mon.zijieapi.com/monitor_pc/collect/api/pc_log
	crash_report_url=https://pc-mon.zijieapi.com/monitor_pc/collect/api/pc_crash
	block_report_url=https://pc-mon.zijieapi.com/monitor_pc/collect/api/pc_jank
	matrix_report_url=https://pc-mon.zijieapi.com/monitor_pc/collect/api/pc_matrix
	settings_url=
	tenant_id=
[82607:82607:0606/131302.487604:INFO:third_party/crashpad/crashpad/handler/linux/crash_report_exception_handler.cc:322] [Crashpad] Append global param key: machineId
[82607:82607:0606/131302.487655:INFO:third_party/crashpad/crashpad/handler/linux/crash_report_exception_handler.cc:322] [Crashpad] Append global param key: release
[82607:82607:0606/131302.487680:INFO:third_party/crashpad/crashpad/handler/linux/crash_report_exception_handler.cc:322] [Crashpad] Append global param key: hostname
[82607:82607:0606/131302.487703:INFO:third_party/crashpad/crashpad/handler/linux/crash_report_exception_handler.cc:322] [Crashpad] Append global param key: memory
[82607:82607:0606/131302.487723:INFO:third_party/crashpad/crashpad/handler/linux/crash_report_exception_handler.cc:322] [Crashpad] Append global param key: cpu
[82607:82607:0606/131302.487740:INFO:third_party/crashpad/crashpad/handler/linux/crash_report_exception_handler.cc:322] [Crashpad] Append global param key: memoryUsagePercentage
[82607:82607:0606/131302.488011:INFO:third_party/crashpad/crashpad/handler/linux/crash_report_exception_handler.cc:322] [Crashpad] Append global param key: usage
[82607:82607:0606/131302.488182:INFO:third_party/crashpad/crashpad/handler/linux/crash_report_exception_handler.cc:322] [Crashpad] Append global param key: region
[82605:82605:0606/131302.488532:INFO:aha/components/towel/embedder/master_binder.cc:60] [TOWEL]BindMasterInAnyProcess, ProcessType(2)
[82605:82605:0606/131302.488546:INFO:aha/components/towel/embedder/master_binder.cc:52] [TOWEL]BindMasterInBrowser, ProcessType(2)
[82605:82605:0606/131302.488560:INFO:aha/components/towel/embedder/master_binder.cc:55] [TOWEL]BindMasterInBrowser, run in main thread, bind.
[82605:82605:0606/131302.488577:INFO:aha/components/towel/public/provider.cc:76] [TOWEL][Provider::Mount] mount provider, name= trae-cn-config-channel, force_reset=0
[82605:82605:0606/131302.489607:INFO:aha/components/ipc/ipc_client.cc:41] [AhaIpc] listen to server first time, server=ai-agent
[82605:82605:0606/131302.489624:WARNING:aha/components/towel/common/ap_impl.cc:220] [TOWEL][APImpl::ListensEvents] no provider for event ai-agent::PUSH_PACKET
[82605:82605:0606/131302.489629:INFO:aha/components/towel/common/ap_impl.cc:594] [TOWEL][APImpl::ListensEvents] start, RoutingId(82605, 1541359579)
[82605:82605:0606/131302.489634:INFO:aha/components/towel/common/ap_impl.cc:596] [TOWEL][APImpl::ListensEvents] no pending_listen_requests_, do nothing
[82605:82605:0606/131302.489638:INFO:aha/components/towel/common/static_routing_ap.cc:171] [TOWEL][StaticRoutingAP::TryAddPendingEvents] provider not ready, store event and wait. event ai-agent::PUSH_PACKET
[82605:82605:0606/131302.489648:INFO:aha/components/towel/common/static_routing_ap.cc:135] [TOWEL][StaticRoutingAP::TryAddPendingRequest] provider not ready, store request and wait. method ai-agent::SEND
[82605:82605:0606/131302.489652:INFO:aha/components/towel/common/static_routing_ap.cc:144] [TOWEL][StaticRoutingAP] start timeout checker
[82605:82605:0606/131302.492432:INFO:aha/components/perf/system_monitor/perf_system_monitor.cc:57] PerfSystemMonitor::Start, interval 15 s
[82605:82605:0606/131302.509534:ERROR:aha/components/basil/core/native_extension_manager_impl.cc:51] [Basil][Basil] no extension found, name=ai
[82605:82605:0606/131302.509574:INFO:aha/components/basil/core/native_extension_impl.cc:105] [Basil]native_extension created, name=ai
[82605:82605:0606/131302.509584:INFO:aha/components/basil/core/native_extension_impl.cc:130] [Basil]launch native extension process start, name=ai
[82605:82605:0606/131302.509592:INFO:content/public/browser/service_process_host.cc:108] vscode_crash_reporter_process_type: is ai
[82605:82605:0606/131302.512232:ERROR:aha/components/basil/core/native_extension_manager_impl.cc:51] [Basil][Basil] no extension found, name=ckg
[82605:82605:0606/131302.512267:INFO:aha/components/basil/core/native_extension_impl.cc:105] [Basil]native_extension created, name=ckg
[82605:82605:0606/131302.512281:INFO:aha/components/basil/core/native_extension_impl.cc:130] [Basil]launch native extension process start, name=ckg
[82605:82605:0606/131302.512287:INFO:content/public/browser/service_process_host.cc:108] vscode_crash_reporter_process_type: is ckg
[82605:82605:0606/131302.514488:INFO:content/public/browser/service_process_host.cc:108] vscode_crash_reporter_process_type: is ai-server
[82605:82605:0606/131302.516457:INFO:aha/components/ipc/ipc_client.cc:41] [AhaIpc] listen to server first time, server=cueServer
[82605:82605:0606/131302.516475:WARNING:aha/components/towel/common/ap_impl.cc:220] [TOWEL][APImpl::ListensEvents] no provider for event cueServer::PUSH_PACKET
[82605:82605:0606/131302.516484:INFO:aha/components/towel/common/ap_impl.cc:594] [TOWEL][APImpl::ListensEvents] start, RoutingId(82605, 1541359579)
[82605:82605:0606/131302.516492:INFO:aha/components/towel/common/ap_impl.cc:596] [TOWEL][APImpl::ListensEvents] no pending_listen_requests_, do nothing
[82605:82605:0606/131302.516497:INFO:aha/components/towel/common/static_routing_ap.cc:171] [TOWEL][StaticRoutingAP::TryAddPendingEvents] provider not ready, store event and wait. event cueServer::PUSH_PACKET
[82605:82605:0606/131302.516517:INFO:aha/components/towel/common/static_routing_ap.cc:135] [TOWEL][StaticRoutingAP::TryAddPendingRequest] provider not ready, store request and wait. method cueServer::SEND
[82605:82605:0606/131302.516787:INFO:aha/components/towel/common/static_routing_ap.cc:135] [TOWEL][StaticRoutingAP::TryAddPendingRequest] provider not ready, store request and wait. method ai-agent::SEND
[82605:82605:0606/131302.516920:INFO:aha/components/towel/common/static_routing_ap.cc:135] [TOWEL][StaticRoutingAP::TryAddPendingRequest] provider not ready, store request and wait. method cueServer::SEND
[82605:82605:0606/131302.517993:INFO:aha/components/towel/common/master_impl.cc:153] [TOWEL][MasterImpl::RegisterProvider] success trae-cn-config-channel provider size now is 4
[82605:82605:0606/131302.518468:INFO:aha/components/basil/core/native_extension_impl.cc:206] [Basil]process launched, name=ai, pid=82725
[82605:82605:0606/131302.518650:INFO:aha/components/process_observer/aha_process_observer.cc:43] [process observer][process launched] type is:ai, pid is:82725
[82605:82605:0606/131302.518697:INFO:aha/components/perf/perf_manager_base.cc:427] [perf manager][function = AddProcess] add process:82725
[82605:82605:0606/131302.518734:INFO:aha/components/perf/collector/perf_collector_base.cc:29] [perf collector][function=ShouldCollectProcess] AddProcess pid:82725 cmd:/proc/self/exe --type=utility --utility-sub-type=basil.mojom.NativeExtensionService --lang=zh-CN --service-sandbox-type=none --render-node-override=/dev/dri/renderD129 --vscode-crash-reporter-process-type=ai --crashpad-handler-pid=82607 --enable-crash-reporter=177566f7-f9a4-4531-8f1c-c94b9515485f,no_channel --user-data-dir=/home/eternity/.config/Trae CN --standard-schemes=vscode-webview,vscode-file --enable-sandbox --secure-schemes=vscode-webview,vscode-file --cors-schemes=vscode-webview,vscode-file --fetch-schemes=vscode-webview,vscode-file --service-worker-schemes=vscode-webview --code-cache-schemes=vscode-webview,vscode-file --shared-files=v8_context_snapshot_data:100 --field-trial-handle=3,i,17594549591296045096,16278442203122042983,262144 --enable-features=DocumentPolicyIncludeJSCallStacksInCrashReports,EarlyEstablishGpuChannel,EstablishGpuChannelAsync,PdfUseShowSaveFilePicker --disable-features=CalculateNativeWinOcclusion,LocalNetworkAccessChecks,ScreenAIOCREnabled,SpareRendererForSitePerProcess,TraceSiteInstanceGetProcessCreation --variations-seed-version --trace-process-track-uuid=3190708990997080739
[82605:82605:0606/131302.518757:INFO:aha/components/perf/collector/perf_collector_base.cc:29] [perf collector][function=ShouldCollectProcess] AddProcess pid:82725 cmd:/proc/self/exe --type=utility --utility-sub-type=basil.mojom.NativeExtensionService --lang=zh-CN --service-sandbox-type=none --render-node-override=/dev/dri/renderD129 --vscode-crash-reporter-process-type=ai --crashpad-handler-pid=82607 --enable-crash-reporter=177566f7-f9a4-4531-8f1c-c94b9515485f,no_channel --user-data-dir=/home/eternity/.config/Trae CN --standard-schemes=vscode-webview,vscode-file --enable-sandbox --secure-schemes=vscode-webview,vscode-file --cors-schemes=vscode-webview,vscode-file --fetch-schemes=vscode-webview,vscode-file --service-worker-schemes=vscode-webview --code-cache-schemes=vscode-webview,vscode-file --shared-files=v8_context_snapshot_data:100 --field-trial-handle=3,i,17594549591296045096,16278442203122042983,262144 --enable-features=DocumentPolicyIncludeJSCallStacksInCrashReports,EarlyEstablishGpuChannel,EstablishGpuChannelAsync,PdfUseShowSaveFilePicker --disable-features=CalculateNativeWinOcclusion,LocalNetworkAccessChecks,ScreenAIOCREnabled,SpareRendererForSitePerProcess,TraceSiteInstanceGetProcessCreation --variations-seed-version --trace-process-track-uuid=3190708990997080739
[82605:82605:0606/131302.518779:INFO:aha/components/perf/collector/perf_collector_base.cc:29] [perf collector][function=ShouldCollectProcess] AddProcess pid:82725 cmd:/proc/self/exe --type=utility --utility-sub-type=basil.mojom.NativeExtensionService --lang=zh-CN --service-sandbox-type=none --render-node-override=/dev/dri/renderD129 --vscode-crash-reporter-process-type=ai --crashpad-handler-pid=82607 --enable-crash-reporter=177566f7-f9a4-4531-8f1c-c94b9515485f,no_channel --user-data-dir=/home/eternity/.config/Trae CN --standard-schemes=vscode-webview,vscode-file --enable-sandbox --secure-schemes=vscode-webview,vscode-file --cors-schemes=vscode-webview,vscode-file --fetch-schemes=vscode-webview,vscode-file --service-worker-schemes=vscode-webview --code-cache-schemes=vscode-webview,vscode-file --shared-files=v8_context_snapshot_data:100 --field-trial-handle=3,i,17594549591296045096,16278442203122042983,262144 --enable-features=DocumentPolicyIncludeJSCallStacksInCrashReports,EarlyEstablishGpuChannel,EstablishGpuChannelAsync,PdfUseShowSaveFilePicker --disable-features=CalculateNativeWinOcclusion,LocalNetworkAccessChecks,ScreenAIOCREnabled,SpareRendererForSitePerProcess,TraceSiteInstanceGetProcessCreation --variations-seed-version --trace-process-track-uuid=3190708990997080739
[82605:82605:0606/131302.518832:INFO:aha/components/basil/core/native_extension_impl.cc:206] [Basil]process launched, name=ckg, pid=82726
[82605:82605:0606/131302.518923:INFO:aha/electron/shell/browser/api/electron_api_aha_reporter.cc:206] setPerfContextForProcess enableCkgAhaRequest false

[82605:82605:0606/131302.518936:INFO:aha/components/perf/perf_custom_param_manager.cc:25] Add custom category param enableCkgAhaRequest = false
 for process 82726
[82605:82605:0606/131302.518999:INFO:aha/components/process_observer/aha_process_observer.cc:43] [process observer][process launched] type is:ckg, pid is:82726
[82605:82605:0606/131302.519029:INFO:aha/components/perf/perf_manager_base.cc:427] [perf manager][function = AddProcess] add process:82726
[82605:82605:0606/131302.519049:INFO:aha/components/perf/collector/perf_collector_base.cc:29] [perf collector][function=ShouldCollectProcess] AddProcess pid:82726 cmd:
[82605:82605:0606/131302.519061:INFO:aha/components/perf/collector/perf_collector_base.cc:29] [perf collector][function=ShouldCollectProcess] AddProcess pid:82726 cmd:
[82605:82605:0606/131302.519071:INFO:aha/components/perf/collector/perf_collector_base.cc:29] [perf collector][function=ShouldCollectProcess] AddProcess pid:82726 cmd:
[82605:82605:0606/131302.519486:INFO:aha/electron/shell/browser/api/electron_api_aha_reporter.cc:206] setPerfContextForProcess isSingletonCueServer true

[82605:82605:0606/131302.519497:INFO:aha/components/perf/perf_custom_param_manager.cc:25] Add custom category param isSingletonCueServer = true
 for process 82727
[82605:82605:0606/131302.519548:INFO:aha/components/process_observer/aha_process_observer.cc:43] [process observer][process launched] type is:ai-server, pid is:82727
[82605:82605:0606/131302.519573:INFO:aha/components/perf/perf_manager_base.cc:427] [perf manager][function = AddProcess] add process:82727
[82605:82605:0606/131302.519601:INFO:aha/components/perf/collector/perf_collector_base.cc:29] [perf collector][function=ShouldCollectProcess] AddProcess pid:82727 cmd:/proc/self/exe --type=utility --utility-sub-type=node.mojom.NodeService --lang=zh-CN --service-sandbox-type=none --render-node-override=/dev/dri/renderD129 --vscode-crash-reporter-process-type=ai-server --crashpad-handler-pid=82607 --enable-crash-reporter=177566f7-f9a4-4531-8f1c-c94b9515485f,no_channel --user-data-dir=/home/eternity/.config/Trae CN --standard-schemes=vscode-webview,vscode-file --enable-sandbox --secure-schemes=vscode-webview,vscode-file --cors-schemes=vscode-webview,vscode-file --fetch-schemes=vscode-webview,vscode-file --service-worker-schemes=vscode-webview --code-cache-schemes=vscode-webview,vscode-file --shared-files=v8_context_snapshot_data:100 --field-trial-handle=3,i,17594549591296045096,16278442203122042983,262144 --enable-features=DocumentPolicyIncludeJSCallStacksInCrashReports,EarlyEstablishGpuChannel,EstablishGpuChannelAsync,PdfUseShowSaveFilePicker --disable-features=CalculateNativeWinOcclusion,LocalNetworkAccessChecks,ScreenAIOCREnabled,SpareRendererForSitePerProcess,TraceSiteInstanceGetProcessCreation --variations-seed-version --trace-process-track-uuid=3190708992871164437
[82605:82605:0606/131302.519633:INFO:aha/components/perf/collector/perf_collector_base.cc:29] [perf collector][function=ShouldCollectProcess] AddProcess pid:82727 cmd:/proc/self/exe --type=utility --utility-sub-type=node.mojom.NodeService --lang=zh-CN --service-sandbox-type=none --render-node-override=/dev/dri/renderD129 --vscode-crash-reporter-process-type=ai-server --crashpad-handler-pid=82607 --enable-crash-reporter=177566f7-f9a4-4531-8f1c-c94b9515485f,no_channel --user-data-dir=/home/eternity/.config/Trae CN --standard-schemes=vscode-webview,vscode-file --enable-sandbox --secure-schemes=vscode-webview,vscode-file --cors-schemes=vscode-webview,vscode-file --fetch-schemes=vscode-webview,vscode-file --service-worker-schemes=vscode-webview --code-cache-schemes=vscode-webview,vscode-file --shared-files=v8_context_snapshot_data:100 --field-trial-handle=3,i,17594549591296045096,16278442203122042983,262144 --enable-features=DocumentPolicyIncludeJSCallStacksInCrashReports,EarlyEstablishGpuChannel,EstablishGpuChannelAsync,PdfUseShowSaveFilePicker --disable-features=CalculateNativeWinOcclusion,LocalNetworkAccessChecks,ScreenAIOCREnabled,SpareRendererForSitePerProcess,TraceSiteInstanceGetProcessCreation --variations-seed-version --trace-process-track-uuid=3190708992871164437
[82605:82605:0606/131302.519650:INFO:aha/components/perf/collector/perf_collector_base.cc:29] [perf collector][function=ShouldCollectProcess] AddProcess pid:82727 cmd:/proc/self/exe --type=utility --utility-sub-type=node.mojom.NodeService --lang=zh-CN --service-sandbox-type=none --render-node-override=/dev/dri/renderD129 --vscode-crash-reporter-process-type=ai-server --crashpad-handler-pid=82607 --enable-crash-reporter=177566f7-f9a4-4531-8f1c-c94b9515485f,no_channel --user-data-dir=/home/eternity/.config/Trae CN --standard-schemes=vscode-webview,vscode-file --enable-sandbox --secure-schemes=vscode-webview,vscode-file --cors-schemes=vscode-webview,vscode-file --fetch-schemes=vscode-webview,vscode-file --service-worker-schemes=vscode-webview --code-cache-schemes=vscode-webview,vscode-file --shared-files=v8_context_snapshot_data:100 --field-trial-handle=3,i,17594549591296045096,16278442203122042983,262144 --enable-features=DocumentPolicyIncludeJSCallStacksInCrashReports,EarlyEstablishGpuChannel,EstablishGpuChannelAsync,PdfUseShowSaveFilePicker --disable-features=CalculateNativeWinOcclusion,LocalNetworkAccessChecks,ScreenAIOCREnabled,SpareRendererForSitePerProcess,TraceSiteInstanceGetProcessCreation --variations-seed-version --trace-process-track-uuid=3190708992871164437
[82605:82605:0606/131302.522147:INFO:aha/components/towel/common/static_routing_ap.cc:244] [TOWEL]run timeout checker
[82605:82605:0606/131302.522157:INFO:aha/components/towel/common/static_routing_ap.cc:267] [TOWEL]stop timeout checker
[82605:82605:0606/131302.522234:INFO:aha/components/towel/common/ap_impl.cc:406] [TOWEL][APImpl::OnProviderAdded] provider_name trae-cn-config-channel, RoutingId(82605, 818093854)
[82605:82605:0606/131302.522242:INFO:aha/components/towel/common/static_routing_ap.cc:181] [TOWEL][StaticRoutingAP::RunPendingRequestAndEvents] provider_name= trae-cn-config-channel
[82605:82605:0606/131302.522266:INFO:aha/components/towel/common/ap_impl.cc:406] [TOWEL][APImpl::OnProviderAdded] provider_name trae-cn-config-channel, RoutingId(82605, 835596294)
[82605:82605:0606/131302.522275:INFO:aha/components/monitor/monitor.cc:129] [Monitor] OnProviderConnected: OnProviderConnected, name: trae-cn-config-channel
[82605:82605:0606/131302.522282:INFO:aha/components/towel/common/static_routing_ap.cc:181] [TOWEL][StaticRoutingAP::RunPendingRequestAndEvents] provider_name= trae-cn-config-channel
[82605:82605:0606/131302.522301:INFO:aha/components/towel/common/ap_impl.cc:406] [TOWEL][APImpl::OnProviderAdded] provider_name trae-cn-config-channel, RoutingId(82605, 1541359579)
[82605:82605:0606/131302.522305:INFO:aha/components/ipc/ipc_client.cc:172] [AhaIpc] provider connected, name: trae-cn-config-channel
[82605:82605:0606/131302.522309:INFO:aha/components/towel/common/static_routing_ap.cc:181] [TOWEL][StaticRoutingAP::RunPendingRequestAndEvents] provider_name= trae-cn-config-channel
[82605:82605:0606/131302.522325:INFO:aha/components/towel/common/ap_impl.cc:406] [TOWEL][APImpl::OnProviderAdded] provider_name trae-cn-config-channel, RoutingId(82605, 2045090369)
[82605:82605:0606/131302.522330:INFO:aha/components/towel/common/static_routing_ap.cc:181] [TOWEL][StaticRoutingAP::RunPendingRequestAndEvents] provider_name= trae-cn-config-channel
[82605:82605:0606/131302.522486:ERROR:aha/components/basil/core/native_extension_impl.cc:253] [Basil]process crashed, name=ckg, code=256
[82605:82605:0606/131302.522492:INFO:aha/components/basil/core/native_extension_impl.cc:260] [Basil]HandleTermination, exit_code=256
[82605:82605:0606/131302.522815:INFO:aha/components/basil/core/native_extension_manager_impl.cc:96] [Basil]release native_extension, name=ckg
[82605:82605:0606/131302.522870:ERROR:aha/components/process_observer/aha_process_observer.cc:70] [process observer][process gone] type is: ckg, pid is: 82726, status is: 1, exit code is: 256, run time is: -1, is sandbox: 1
[82605:82605:0606/131302.522902:INFO:aha/components/perf/perf_manager_base.cc:488] [perf manager][function = RemoveProcess] remove exited process:82726
[82605:82605:0606/131302.530102:WARNING:ui/ozone/platform/wayland/host/wayland_surface.cc:170] Server doesn't support zcr_alpha_compositing_v1.
[82605:82605:0606/131302.530122:WARNING:ui/ozone/platform/wayland/host/wayland_surface.cc:185] Server doesn't support overlay_prioritizer.
[82605:82605:0606/131302.530128:WARNING:ui/ozone/platform/wayland/host/wayland_surface.cc:200] Server doesn't support wp_content_type_v1
[82605:82605:0606/131302.530134:WARNING:ui/ozone/platform/wayland/host/wayland_surface.cc:214] Server doesn't support wp_color_management_surface_v1.
[82605:82605:0606/131302.536100:INFO:aha/components/metrics/metrics_base.cc:52] [startup] metric: createBrowserWindow, start
[82605:82605:0606/131302.536591:INFO:aha/content/public/browser/renderer_jank/aha_infra_render_block_detector.cc:81] [renderer block] AhaInfraRenderBlockDetector is created and set up!
[82605:82605:0606/131302.545053:INFO:aha/components/metrics/metrics_base.cc:64] [startup] metric: createBrowserWindow, end, latency: 9ms
[82605:82605:0606/131302.546703:INFO:aha/components/page_load_metrics/observers/page_load_metrics_observer.cc:110] [page_load_metrics][traceId-] this:0xfd4036d2940, AhaPageLoadMetricsObserver::ctor
[82605:82605:0606/131302.546715:INFO:aha/components/page_load_metrics/observers/page_load_metrics_observer.cc:163] [page_load_metrics][traceId-] this:0xfd4036d2940, OnStart: is_same_document:0, started_in_foreground:1
[82605:82605:0606/131302.546724:INFO:aha/components/page_load_metrics/observers/page_load_metrics_observer.cc:200] [page_load_metrics][traceId-] this:0xfd4036d2940, TryRegisterWidgetObserver: widget:0xfd400183a00, visible:1, minimized:0, web_contents_visible:1
[82605:82605:0606/131302.547838:INFO:aha/components/towel/common/static_routing_ap.cc:135] [TOWEL][StaticRoutingAP::TryAddPendingRequest] provider not ready, store request and wait. method ai-agent::SEND
[82605:82605:0606/131302.548111:ERROR:aha/components/basil/core/native_extension_manager_impl.cc:51] [Basil][Basil] no extension found, name=ckg
[82605:82605:0606/131302.548126:INFO:aha/components/basil/core/native_extension_impl.cc:105] [Basil]native_extension created, name=ckg
[82605:82605:0606/131302.548137:INFO:aha/components/basil/core/native_extension_impl.cc:130] [Basil]launch native extension process start, name=ckg
[82605:82605:0606/131302.548147:INFO:content/public/browser/service_process_host.cc:108] vscode_crash_reporter_process_type: is ckg
[82605:82605:0606/131302.551589:INFO:aha/components/towel/public/provider.cc:196] [TOWEL][Provider::GetMetaInfo] provider trae-cn-config-channel, method_size is 1 method_list is trae-cn-config-channel::SEND
[82605:82605:0606/131302.551807:INFO:aha/components/basil/core/native_extension_impl.cc:219] [Basil]start service success, name=ai
[82605:82605:0606/131302.552613:INFO:aha/components/process_observer/aha_child_process_observer.cc:56] [process observer]RenderProcess Launched, type = renderer, category = -1
[82605:82605:0606/131302.552630:INFO:aha/components/process_observer/aha_process_observer.cc:43] [process observer][process launched] type is:renderer, pid is:82769
[82605:82605:0606/131302.552665:INFO:aha/components/perf/perf_manager_base.cc:427] [perf manager][function = AddProcess] add process:82769
[82605:82605:0606/131302.552701:INFO:aha/components/perf/collector/perf_collector_base.cc:29] [perf collector][function=ShouldCollectProcess] AddProcess pid:82769 cmd:/usr/share/trae-cn/trae-cn --type=zygote --crashpad-handler-pid=82607
[82605:82605:0606/131302.552714:INFO:aha/components/perf/collector/perf_collector_base.cc:29] [perf collector][function=ShouldCollectProcess] AddProcess pid:82769 cmd:/usr/share/trae-cn/trae-cn --type=zygote --crashpad-handler-pid=82607
[82605:82605:0606/131302.552726:INFO:aha/components/perf/collector/perf_collector_base.cc:29] [perf collector][function=ShouldCollectProcess] AddProcess pid:82769 cmd:/usr/share/trae-cn/trae-cn --type=zygote --crashpad-handler-pid=82607
[82605:82605:0606/131302.553430:INFO:aha/components/basil/core/native_extension_impl.cc:206] [Basil]process launched, name=ckg, pid=82776
[82605:82605:0606/131302.553481:INFO:aha/electron/shell/browser/api/electron_api_aha_reporter.cc:206] setPerfContextForProcess enableCkgAhaRequest false

[82605:82605:0606/131302.553488:INFO:aha/components/perf/perf_custom_param_manager.cc:25] Add custom category param enableCkgAhaRequest = false
 for process 82776
[82605:82605:0606/131302.553528:INFO:aha/components/process_observer/aha_process_observer.cc:43] [process observer][process launched] type is:ckg, pid is:82776
[82605:82605:0606/131302.553548:INFO:aha/components/perf/perf_manager_base.cc:427] [perf manager][function = AddProcess] add process:82776
[82605:82605:0606/131302.553587:INFO:aha/components/perf/collector/perf_collector_base.cc:29] [perf collector][function=ShouldCollectProcess] AddProcess pid:82776 cmd:/proc/self/exe --type=utility --utility-sub-type=basil.mojom.NativeExtensionService --lang=zh-CN --service-sandbox-type=none --render-node-override=/dev/dri/renderD129 --vscode-crash-reporter-process-type=ckg --crashpad-handler-pid=82607 --enable-crash-reporter=177566f7-f9a4-4531-8f1c-c94b9515485f,no_channel --user-data-dir=/home/eternity/.config/Trae CN --standard-schemes=vscode-webview,vscode-file --enable-sandbox --secure-schemes=vscode-webview,vscode-file --cors-schemes=vscode-webview,vscode-file --fetch-schemes=vscode-webview,vscode-file --service-worker-schemes=vscode-webview --code-cache-schemes=vscode-webview,vscode-file --shared-files=v8_context_snapshot_data:100 --field-trial-handle=3,i,17594549591296045096,16278442203122042983,262144 --enable-features=DocumentPolicyIncludeJSCallStacksInCrashReports,EarlyEstablishGpuChannel,EstablishGpuChannelAsync,PdfUseShowSaveFilePicker --disable-features=CalculateNativeWinOcclusion,LocalNetworkAccessChecks,ScreenAIOCREnabled,SpareRendererForSitePerProcess,TraceSiteInstanceGetProcessCreation --variations-seed-version --trace-process-track-uuid=3190708994745248135
[82605:82605:0606/131302.553602:INFO:aha/components/perf/collector/perf_collector_base.cc:29] [perf collector][function=ShouldCollectProcess] AddProcess pid:82776 cmd:/proc/self/exe --type=utility --utility-sub-type=basil.mojom.NativeExtensionService --lang=zh-CN --service-sandbox-type=none --render-node-override=/dev/dri/renderD129 --vscode-crash-reporter-process-type=ckg --crashpad-handler-pid=82607 --enable-crash-reporter=177566f7-f9a4-4531-8f1c-c94b9515485f,no_channel --user-data-dir=/home/eternity/.config/Trae CN --standard-schemes=vscode-webview,vscode-file --enable-sandbox --secure-schemes=vscode-webview,vscode-file --cors-schemes=vscode-webview,vscode-file --fetch-schemes=vscode-webview,vscode-file --service-worker-schemes=vscode-webview --code-cache-schemes=vscode-webview,vscode-file --shared-files=v8_context_snapshot_data:100 --field-trial-handle=3,i,17594549591296045096,16278442203122042983,262144 --enable-features=DocumentPolicyIncludeJSCallStacksInCrashReports,EarlyEstablishGpuChannel,EstablishGpuChannelAsync,PdfUseShowSaveFilePicker --disable-features=CalculateNativeWinOcclusion,LocalNetworkAccessChecks,ScreenAIOCREnabled,SpareRendererForSitePerProcess,TraceSiteInstanceGetProcessCreation --variations-seed-version --trace-process-track-uuid=3190708994745248135
[82605:82605:0606/131302.553627:INFO:aha/components/perf/collector/perf_collector_base.cc:29] [perf collector][function=ShouldCollectProcess] AddProcess pid:82776 cmd:/proc/self/exe --type=utility --utility-sub-type=basil.mojom.NativeExtensionService --lang=zh-CN --service-sandbox-type=none --render-node-override=/dev/dri/renderD129 --vscode-crash-reporter-process-type=ckg --crashpad-handler-pid=82607 --enable-crash-reporter=177566f7-f9a4-4531-8f1c-c94b9515485f,no_channel --user-data-dir=/home/eternity/.config/Trae CN --standard-schemes=vscode-webview,vscode-file --enable-sandbox --secure-schemes=vscode-webview,vscode-file --cors-schemes=vscode-webview,vscode-file --fetch-schemes=vscode-webview,vscode-file --service-worker-schemes=vscode-webview --code-cache-schemes=vscode-webview,vscode-file --shared-files=v8_context_snapshot_data:100 --field-trial-handle=3,i,17594549591296045096,16278442203122042983,262144 --enable-features=DocumentPolicyIncludeJSCallStacksInCrashReports,EarlyEstablishGpuChannel,EstablishGpuChannelAsync,PdfUseShowSaveFilePicker --disable-features=CalculateNativeWinOcclusion,LocalNetworkAccessChecks,ScreenAIOCREnabled,SpareRendererForSitePerProcess,TraceSiteInstanceGetProcessCreation --variations-seed-version --trace-process-track-uuid=3190708994745248135
[82605:82605:0606/131302.553750:INFO:aha/components/towel/public/provider.cc:196] [TOWEL][Provider::GetMetaInfo] provider trae-cn-config-channel, method_size is 1 method_list is trae-cn-config-channel::SEND
[82605:82605:0606/131302.553768:INFO:aha/components/towel/public/provider.cc:196] [TOWEL][Provider::GetMetaInfo] provider trae-cn-config-channel, method_size is 1 method_list is trae-cn-config-channel::SEND
[82605:82605:0606/131302.553780:INFO:aha/components/towel/public/provider.cc:196] [TOWEL][Provider::GetMetaInfo] provider trae-cn-config-channel, method_size is 1 method_list is trae-cn-config-channel::SEND
[82605:82605:0606/131302.553790:INFO:aha/components/towel/public/provider.cc:196] [TOWEL][Provider::GetMetaInfo] provider trae-cn-config-channel, method_size is 1 method_list is trae-cn-config-channel::SEND
[82605:82605:0606/131302.553864:ERROR:electron/shell/browser/electron_browser_client.cc:1933] bind receiver for utility
[82605:82605:0606/131302.553870:INFO:aha/components/towel/embedder/master_binder.cc:52] [TOWEL]BindMasterInBrowser, ProcessType(2)
[82605:82605:0606/131302.553883:INFO:aha/components/towel/embedder/master_binder.cc:55] [TOWEL]BindMasterInBrowser, run in main thread, bind.
[82605:82605:0606/131302.553890:ERROR:electron/shell/browser/electron_browser_client.cc:1933] bind receiver for utility
[82605:82605:0606/131302.553894:INFO:aha/components/towel/embedder/master_binder.cc:52] [TOWEL]BindMasterInBrowser, ProcessType(2)
[82605:82605:0606/131302.553899:INFO:aha/components/towel/embedder/master_binder.cc:55] [TOWEL]BindMasterInBrowser, run in main thread, bind.
[82605:82605:0606/131302.553907:ERROR:electron/shell/browser/electron_browser_client.cc:1933] bind receiver for utility
[82605:82605:0606/131302.553914:INFO:aha/components/towel/embedder/master_binder.cc:52] [TOWEL]BindMasterInBrowser, ProcessType(2)
[82605:82605:0606/131302.553923:INFO:aha/components/towel/embedder/master_binder.cc:55] [TOWEL]BindMasterInBrowser, run in main thread, bind.
[82605:82605:0606/131302.553929:ERROR:electron/shell/browser/electron_browser_client.cc:1933] bind receiver for utility
[82605:82605:0606/131302.553933:INFO:aha/components/towel/embedder/master_binder.cc:52] [TOWEL]BindMasterInBrowser, ProcessType(2)
[82605:82605:0606/131302.553939:INFO:aha/components/towel/embedder/master_binder.cc:55] [TOWEL]BindMasterInBrowser, run in main thread, bind.
[82605:82605:0606/131302.554843:INFO:aha/components/towel/common/ap_impl.cc:530] [TOWEL][APImpl::OnGetProviderMetaInfo]: RoutingId(82605, 818093854) provider trae-cn-config-channel
[82605:82605:0606/131302.554852:INFO:aha/components/towel/common/ap_impl.cc:540] [TOWEL][APImpl::OnGetProviderMetaInfo] update meta info for trae-cn-config-channel method_list is trae-cn-config-channel::SEND, event_list is trae-cn-config-channel::PUSH_PACKET
[82605:82605:0606/131302.554858:INFO:aha/components/towel/common/static_routing_ap.cc:181] [TOWEL][StaticRoutingAP::RunPendingRequestAndEvents] provider_name= trae-cn-config-channel
[82605:82605:0606/131302.554866:INFO:aha/components/towel/common/ap_impl.cc:530] [TOWEL][APImpl::OnGetProviderMetaInfo]: RoutingId(82605, 835596294) provider trae-cn-config-channel
[82605:82605:0606/131302.554870:INFO:aha/components/towel/common/ap_impl.cc:540] [TOWEL][APImpl::OnGetProviderMetaInfo] update meta info for trae-cn-config-channel method_list is trae-cn-config-channel::SEND, event_list is trae-cn-config-channel::PUSH_PACKET
[82605:82605:0606/131302.554875:INFO:aha/components/towel/common/static_routing_ap.cc:181] [TOWEL][StaticRoutingAP::RunPendingRequestAndEvents] provider_name= trae-cn-config-channel
[82605:82605:0606/131302.554902:INFO:aha/components/towel/common/ap_impl.cc:530] [TOWEL][APImpl::OnGetProviderMetaInfo]: RoutingId(82605, 1541359579) provider trae-cn-config-channel
[82605:82605:0606/131302.554906:INFO:aha/components/towel/common/ap_impl.cc:540] [TOWEL][APImpl::OnGetProviderMetaInfo] update meta info for trae-cn-config-channel method_list is trae-cn-config-channel::SEND, event_list is trae-cn-config-channel::PUSH_PACKET
[82605:82605:0606/131302.554910:INFO:aha/components/towel/common/static_routing_ap.cc:181] [TOWEL][StaticRoutingAP::RunPendingRequestAndEvents] provider_name= trae-cn-config-channel
[82605:82605:0606/131302.554920:INFO:aha/components/towel/common/ap_impl.cc:530] [TOWEL][APImpl::OnGetProviderMetaInfo]: RoutingId(82605, 2045090369) provider trae-cn-config-channel
[82605:82605:0606/131302.554924:INFO:aha/components/towel/common/ap_impl.cc:540] [TOWEL][APImpl::OnGetProviderMetaInfo] update meta info for trae-cn-config-channel method_list is trae-cn-config-channel::SEND, event_list is trae-cn-config-channel::PUSH_PACKET
[82605:82605:0606/131302.554928:INFO:aha/components/towel/common/static_routing_ap.cc:181] [TOWEL][StaticRoutingAP::RunPendingRequestAndEvents] provider_name= trae-cn-config-channel
[82605:82605:0606/131302.554952:INFO:aha/components/towel/common/master_impl.cc:39] [TOWEL][MasterImpl::AddAPWithId] add ap 812830728
[82605:82605:0606/131302.554960:INFO:aha/components/towel/common/master_impl.cc:55] [TOWEL][MasterImpl::AddAP] add ap 812830728
[82605:82605:0606/131302.555033:INFO:aha/components/towel/common/master_impl.cc:153] [TOWEL][MasterImpl::RegisterProvider] success ai-agent provider size now is 5
[82605:82605:0606/131302.555084:INFO:aha/components/towel/common/master_impl.cc:153] [TOWEL][MasterImpl::RegisterProvider] success ai provider size now is 6
[82605:82605:0606/131302.555093:INFO:aha/components/towel/common/master_impl.cc:39] [TOWEL][MasterImpl::AddAPWithId] add ap 670874168
[82605:82605:0606/131302.555101:INFO:aha/components/towel/common/master_impl.cc:55] [TOWEL][MasterImpl::AddAP] add ap 670874168
[82605:82605:0606/131302.555681:INFO:aha/components/towel/common/master_impl.cc:193] [TOWEL][MasterImpl::GetAllProviders] provider size is 6 given size is 6
[82605:82605:0606/131302.555727:INFO:aha/components/towel/common/ap_impl.cc:406] [TOWEL][APImpl::OnProviderAdded] provider_name ai-agent, RoutingId(82605, 818093854)
[82605:82605:0606/131302.555736:INFO:aha/components/towel/common/static_routing_ap.cc:181] [TOWEL][StaticRoutingAP::RunPendingRequestAndEvents] provider_name= ai-agent
[82605:82605:0606/131302.555755:INFO:aha/components/towel/common/ap_impl.cc:406] [TOWEL][APImpl::OnProviderAdded] provider_name ai-agent, RoutingId(82605, 835596294)
[82605:82605:0606/131302.555760:INFO:aha/components/monitor/monitor.cc:129] [Monitor] OnProviderConnected: OnProviderConnected, name: ai-agent
[82605:82605:0606/131302.555764:INFO:aha/components/towel/common/static_routing_ap.cc:181] [TOWEL][StaticRoutingAP::RunPendingRequestAndEvents] provider_name= ai-agent
[82605:82605:0606/131302.555781:INFO:aha/components/towel/common/ap_impl.cc:406] [TOWEL][APImpl::OnProviderAdded] provider_name ai-agent, RoutingId(82605, 1541359579)
[82605:82605:0606/131302.555786:INFO:aha/components/ipc/ipc_client.cc:172] [AhaIpc] provider connected, name: ai-agent
[82605:82605:0606/131302.555791:WARNING:aha/components/towel/common/ap_impl.cc:220] [TOWEL][APImpl::ListensEvents] no provider for event ai-agent::PUSH_PACKET
[82605:82605:0606/131302.555795:INFO:aha/components/towel/common/ap_impl.cc:594] [TOWEL][APImpl::ListensEvents] start, RoutingId(82605, 1541359579)
[82605:82605:0606/131302.555799:INFO:aha/components/towel/common/ap_impl.cc:596] [TOWEL][APImpl::ListensEvents] no pending_listen_requests_, do nothing
[82605:82605:0606/131302.555803:INFO:aha/components/towel/common/static_routing_ap.cc:171] [TOWEL][StaticRoutingAP::TryAddPendingEvents] provider not ready, store event and wait. event ai-agent::PUSH_PACKET
[82605:82605:0606/131302.555808:INFO:aha/components/towel/common/static_routing_ap.cc:181] [TOWEL][StaticRoutingAP::RunPendingRequestAndEvents] provider_name= ai-agent
[82605:82605:0606/131302.555812:INFO:aha/components/towel/common/static_routing_ap.cc:195] [TOWEL][StaticRoutingAP::RunPendingEvents] run pending events, event_list is ai-agent::PUSH_PACKET,ai-agent::PUSH_PACKET
[82605:82605:0606/131302.555821:INFO:aha/components/towel/common/static_routing_ap.cc:217] [TOWEL][StaticRoutingAP::RunPendingRequestAndEvents] run pending requests, method= ai-agent::SEND
[82605:82605:0606/131302.555830:INFO:aha/components/towel/common/static_routing_ap.cc:217] [TOWEL][StaticRoutingAP::RunPendingRequestAndEvents] run pending requests, method= ai-agent::SEND
[82605:82605:0606/131302.555838:INFO:aha/components/towel/common/static_routing_ap.cc:217] [TOWEL][StaticRoutingAP::RunPendingRequestAndEvents] run pending requests, method= ai-agent::SEND
[82605:82605:0606/131302.555856:INFO:aha/components/towel/common/ap_impl.cc:406] [TOWEL][APImpl::OnProviderAdded] provider_name ai-agent, RoutingId(82605, 2045090369)
[82605:82605:0606/131302.555861:INFO:aha/components/towel/common/static_routing_ap.cc:181] [TOWEL][StaticRoutingAP::RunPendingRequestAndEvents] provider_name= ai-agent
[82605:82605:0606/131302.555897:INFO:aha/components/towel/common/master_impl.cc:193] [TOWEL][MasterImpl::GetAllProviders] provider size is 6 given size is 6
[82605:82605:0606/131302.556164:INFO:aha/components/towel/common/ap_impl.cc:406] [TOWEL][APImpl::OnProviderAdded] provider_name ai, RoutingId(82605, 818093854)
[82605:82605:0606/131302.556174:INFO:aha/components/towel/common/static_routing_ap.cc:181] [TOWEL][StaticRoutingAP::RunPendingRequestAndEvents] provider_name= ai
[82605:82605:0606/131302.556192:INFO:aha/components/towel/common/ap_impl.cc:406] [TOWEL][APImpl::OnProviderAdded] provider_name ai, RoutingId(82605, 835596294)
[82605:82605:0606/131302.556198:INFO:aha/components/monitor/monitor.cc:129] [Monitor] OnProviderConnected: OnProviderConnected, name: ai
[82605:82605:0606/131302.556203:INFO:aha/components/towel/common/static_routing_ap.cc:181] [TOWEL][StaticRoutingAP::RunPendingRequestAndEvents] provider_name= ai
[82605:82605:0606/131302.556231:INFO:aha/components/towel/common/ap_impl.cc:406] [TOWEL][APImpl::OnProviderAdded] provider_name ai, RoutingId(82605, 1541359579)
[82605:82605:0606/131302.556241:INFO:aha/components/ipc/ipc_client.cc:172] [AhaIpc] provider connected, name: ai
[82605:82605:0606/131302.556245:INFO:aha/components/towel/common/static_routing_ap.cc:181] [TOWEL][StaticRoutingAP::RunPendingRequestAndEvents] provider_name= ai
[82605:82605:0606/131302.556264:INFO:aha/components/towel/common/ap_impl.cc:406] [TOWEL][APImpl::OnProviderAdded] provider_name ai, RoutingId(82605, 2045090369)
[82605:82605:0606/131302.556269:INFO:aha/electron/shell/renderer/api/electron_api_towel.cc:131] [TOWEL]ai provider connected
[82605:82605:0606/131302.556273:INFO:aha/components/towel/common/static_routing_ap.cc:181] [TOWEL][StaticRoutingAP::RunPendingRequestAndEvents] provider_name= ai
[82605:82605:0606/131302.556277:INFO:aha/components/towel/common/static_routing_ap.cc:195] [TOWEL][StaticRoutingAP::RunPendingEvents] run pending events, event_list is ai::PUSH_PACKET
[82605:82605:0606/131302.556316:INFO:aha/components/towel/common/ap_impl.cc:530] [TOWEL][APImpl::OnGetProviderMetaInfo]: RoutingId(82605, 818093854) provider ai-agent
[82605:82605:0606/131302.556321:INFO:aha/components/towel/common/ap_impl.cc:540] [TOWEL][APImpl::OnGetProviderMetaInfo] update meta info for ai-agent method_list is ai-agent::SEND, event_list is ai-agent::PUSH_PACKET
[82605:82605:0606/131302.556325:INFO:aha/components/towel/common/static_routing_ap.cc:181] [TOWEL][StaticRoutingAP::RunPendingRequestAndEvents] provider_name= ai-agent
[82605:82605:0606/131302.556336:INFO:aha/components/towel/common/ap_impl.cc:530] [TOWEL][APImpl::OnGetProviderMetaInfo]: RoutingId(82605, 835596294) provider ai-agent
[82605:82605:0606/131302.556340:INFO:aha/components/towel/common/ap_impl.cc:540] [TOWEL][APImpl::OnGetProviderMetaInfo] update meta info for ai-agent method_list is ai-agent::SEND, event_list is ai-agent::PUSH_PACKET
[82605:82605:0606/131302.556344:INFO:aha/components/towel/common/static_routing_ap.cc:181] [TOWEL][StaticRoutingAP::RunPendingRequestAndEvents] provider_name= ai-agent
[82605:82605:0606/131302.556593:ERROR:aha/components/basil/core/native_extension_impl.cc:253] [Basil]process crashed, name=ckg, code=256
[82605:82605:0606/131302.556603:INFO:aha/components/basil/core/native_extension_impl.cc:260] [Basil]HandleTermination, exit_code=256
[82605:82605:0606/131302.556747:INFO:aha/components/basil/core/native_extension_manager_impl.cc:96] [Basil]release native_extension, name=ckg
[82605:82605:0606/131302.556784:ERROR:aha/components/process_observer/aha_process_observer.cc:70] [process observer][process gone] type is: ckg, pid is: 82776, status is: 1, exit code is: 256, run time is: -1, is sandbox: 1
[82605:82605:0606/131302.556808:INFO:aha/components/perf/perf_manager_base.cc:488] [perf manager][function = RemoveProcess] remove exited process:82776
[82605:82605:0606/131302.556861:INFO:aha/components/towel/common/ap_impl.cc:530] [TOWEL][APImpl::OnGetProviderMetaInfo]: RoutingId(82605, 1541359579) provider ai-agent
[82605:82605:0606/131302.556866:INFO:aha/components/towel/common/ap_impl.cc:540] [TOWEL][APImpl::OnGetProviderMetaInfo] update meta info for ai-agent method_list is ai-agent::SEND, event_list is ai-agent::PUSH_PACKET
[82605:82605:0606/131302.556870:INFO:aha/components/towel/common/static_routing_ap.cc:181] [TOWEL][StaticRoutingAP::RunPendingRequestAndEvents] provider_name= ai-agent
[82605:82605:0606/131302.557014:INFO:aha/components/towel/common/ap_impl.cc:530] [TOWEL][APImpl::OnGetProviderMetaInfo]: RoutingId(82605, 2045090369) provider ai-agent
[82605:82605:0606/131302.557023:INFO:aha/components/towel/common/ap_impl.cc:540] [TOWEL][APImpl::OnGetProviderMetaInfo] update meta info for ai-agent method_list is ai-agent::SEND, event_list is ai-agent::PUSH_PACKET
[82605:82605:0606/131302.557028:INFO:aha/components/towel/common/static_routing_ap.cc:181] [TOWEL][StaticRoutingAP::RunPendingRequestAndEvents] provider_name= ai-agent
[82605:82605:0606/131302.557049:INFO:aha/components/towel/public/provider.cc:196] [TOWEL][Provider::GetMetaInfo] provider BlockDetectorProvider, method_size is 1 method_list is BlockDetector::HEART_BEAT
[82605:82605:0606/131302.557074:INFO:aha/components/towel/public/provider.cc:196] [TOWEL][Provider::GetMetaInfo] provider trae-cn-config-channel, method_size is 1 method_list is trae-cn-config-channel::SEND
[82605:82605:0606/131302.557103:INFO:aha/components/towel/common/master_impl.cc:78] [TOWEL][MasterImpl::BindAP] success for 670874168
[82605:82605:0606/131302.557115:INFO:aha/components/towel/common/master_impl.cc:78] [TOWEL][MasterImpl::BindAP] success for 1541359579
[82605:82605:0606/131302.557234:INFO:aha/components/towel/common/ap_impl.cc:530] [TOWEL][APImpl::OnGetProviderMetaInfo]: RoutingId(82605, 818093854) provider ai
[82605:82605:0606/131302.557242:INFO:aha/components/towel/common/ap_impl.cc:540] [TOWEL][APImpl::OnGetProviderMetaInfo] update meta info for ai method_list is ai::SEND, event_list is ai::PUSH_PACKET
[82605:82605:0606/131302.557247:INFO:aha/components/towel/common/static_routing_ap.cc:181] [TOWEL][StaticRoutingAP::RunPendingRequestAndEvents] provider_name= ai
[82605:82605:0606/131302.557255:INFO:aha/components/towel/common/ap_impl.cc:530] [TOWEL][APImpl::OnGetProviderMetaInfo]: RoutingId(82605, 835596294) provider ai
[82605:82605:0606/131302.557259:INFO:aha/components/towel/common/ap_impl.cc:540] [TOWEL][APImpl::OnGetProviderMetaInfo] update meta info for ai method_list is ai::SEND, event_list is ai::PUSH_PACKET
[82605:82605:0606/131302.557263:INFO:aha/components/towel/common/static_routing_ap.cc:181] [TOWEL][StaticRoutingAP::RunPendingRequestAndEvents] provider_name= ai
[82605:82605:0606/131302.557269:INFO:aha/components/towel/common/ap_impl.cc:530] [TOWEL][APImpl::OnGetProviderMetaInfo]: RoutingId(82605, 1541359579) provider ai
[82605:82605:0606/131302.557273:INFO:aha/components/towel/common/ap_impl.cc:540] [TOWEL][APImpl::OnGetProviderMetaInfo] update meta info for ai method_list is ai::SEND, event_list is ai::PUSH_PACKET
[82605:82605:0606/131302.557277:INFO:aha/components/towel/common/static_routing_ap.cc:181] [TOWEL][StaticRoutingAP::RunPendingRequestAndEvents] provider_name= ai
[82605:82605:0606/131302.557290:INFO:aha/components/towel/common/ap_impl.cc:530] [TOWEL][APImpl::OnGetProviderMetaInfo]: RoutingId(82605, 2045090369) provider ai
[82605:82605:0606/131302.557294:INFO:aha/components/towel/common/ap_impl.cc:540] [TOWEL][APImpl::OnGetProviderMetaInfo] update meta info for ai method_list is ai::SEND, event_list is ai::PUSH_PACKET
[82605:82605:0606/131302.557298:INFO:aha/components/towel/common/static_routing_ap.cc:181] [TOWEL][StaticRoutingAP::RunPendingRequestAndEvents] provider_name= ai
[82605:82605:0606/131302.557349:INFO:aha/components/towel/common/master_impl.cc:78] [TOWEL][MasterImpl::BindAP] success for 2045090369
[82605:82605:0606/131302.557482:INFO:aha/components/towel/public/provider.cc:196] [TOWEL][Provider::GetMetaInfo] provider BlockDetectorProvider, method_size is 1 method_list is BlockDetector::HEART_BEAT
[82605:82605:0606/131302.557521:INFO:aha/components/towel/public/provider.cc:310] [TOWEL][Provider::ListenEvent] start, from ap RoutingId(82605, 812830728), event_list is trae-cn-config-channel::PUSH_PACKET
[82605:82605:0606/131302.557529:INFO:aha/components/towel/public/provider.cc:316] [TOWEL][Provider::ListenEvent] no APListenInfo, create one
[82605:82605:0606/131302.557534:INFO:aha/components/towel/public/provider.cc:325] [TOWEL][Provider::ListenEvent] no remote_ap for RoutingId(82605, 812830728), get it from master
[82605:82605:0606/131302.558209:INFO:aha/components/towel/public/provider.cc:196] [TOWEL][Provider::GetMetaInfo] provider trae-cn-config-channel, method_size is 1 method_list is trae-cn-config-channel::SEND
[82605:82605:0606/131302.559130:INFO:aha/components/towel/common/master_impl.cc:78] [TOWEL][MasterImpl::BindAP] success for 812830728
[82605:82605:0606/131302.560674:INFO:aha/components/page_load_metrics/observers/page_load_metrics_observer.cc:376] [page_load_metrics][traceId-] this:0xfd4036d2940, OnCommit: vscode-file://vscode-app/usr/share/trae-cn/resources/app/out/vs/code/electron-browser/setup/setup.html
[82605:82605:0606/131302.560692:INFO:aha/components/page_load_metrics/observers/page_load_metrics_observer.cc:200] [page_load_metrics][traceId-] this:0xfd4036d2940, TryRegisterWidgetObserver: widget:0xfd400183a00, visible:1, minimized:0, web_contents_visible:1
[82605:82605:0606/131302.569722:ERROR:electron/shell/browser/electron_browser_client.cc:1685] bind receiver for render
[82605:82605:0606/131302.569734:INFO:aha/components/towel/embedder/master_binder.cc:52] [TOWEL]BindMasterInBrowser, ProcessType(2)
[82605:82605:0606/131302.569744:INFO:aha/components/towel/embedder/master_binder.cc:55] [TOWEL]BindMasterInBrowser, run in main thread, bind.
[82605:82605:0606/131302.569758:INFO:aha/components/towel/common/master_impl.cc:39] [TOWEL][MasterImpl::AddAPWithId] add ap 1780106549
[82605:82605:0606/131302.569769:INFO:aha/components/towel/common/master_impl.cc:55] [TOWEL][MasterImpl::AddAP] add ap 1780106549
[82605:82605:0606/131302.569823:INFO:aha/components/towel/common/master_impl.cc:193] [TOWEL][MasterImpl::GetAllProviders] provider size is 6 given size is 6
[82605:82605:0606/131302.577382:INFO:aha/components/page_load_metrics/observers/page_load_metrics_observer.cc:424] [page_load_metrics][traceId-] this:0xfd4036d2940, OnLoadedResource: request_start: -1243310, response_start: -1243310, response_end: 31, main_body_bytes: 1KiB
[82605:82605:0606/131302.580240:INFO:aha/components/towel/public/provider.cc:196] [TOWEL][Provider::GetMetaInfo] provider BlockDetectorProvider, method_size is 1 method_list is BlockDetector::HEART_BEAT
[82605:82605:0606/131302.580396:INFO:aha/components/towel/public/provider.cc:196] [TOWEL][Provider::GetMetaInfo] provider trae-cn-config-channel, method_size is 1 method_list is trae-cn-config-channel::SEND
[82605:82605:0606/131302.589915:INFO:aha/components/towel/common/static_routing_ap.cc:244] [TOWEL]run timeout checker
[82605:82605:0606/131302.674721:INFO:aha/components/device_service/device_service.cc:962] DeviceService RegisterDevice success log_id: 20260606131302FE82EAF5CC0C3353C902, device_id: 3137328566855434, store_region: , store_region_src: 
[82605:82605:0606/131302.674802:INFO:aha/components/device_service/device_service.cc:724] DeviceService, GetDeviceIdByStartup completed, error_code: 0
[82605:82605:0606/131302.674831:INFO:aha/components/device_service/device_service.h:33] DeviceService RegisterDevice, cost time: 316 ms
[82605:82605:0606/131302.690114:INFO:aha/components/towel/common/static_routing_ap.cc:244] [TOWEL]run timeout checker
[82605:82605:0606/131302.694981:INFO:aha/components/device_service/device_service.cc:659] DeviceService, has cache, directly return cache: 3137328566855434
[82605:82605:0606/131302.694999:INFO:aha/components/device_service/device_service.h:33] DeviceService GetDeviceId, cost time: 0 ms
[82605:82605:0606/131302.790696:INFO:aha/components/towel/common/static_routing_ap.cc:244] [TOWEL]run timeout checker
[82605:82605:0606/131302.864286:ERROR:electron/shell/browser/electron_browser_client.cc:1933] bind receiver for utility
[82605:82605:0606/131302.864303:INFO:aha/components/towel/embedder/master_binder.cc:52] [TOWEL]BindMasterInBrowser, ProcessType(2)
[82605:82605:0606/131302.864321:INFO:aha/components/towel/embedder/master_binder.cc:55] [TOWEL]BindMasterInBrowser, run in main thread, bind.
[82605:82605:0606/131302.864454:INFO:aha/components/towel/common/master_impl.cc:39] [TOWEL][MasterImpl::AddAPWithId] add ap 892565015
[82605:82605:0606/131302.864474:INFO:aha/components/towel/common/master_impl.cc:55] [TOWEL][MasterImpl::AddAP] add ap 892565015
[82605:82605:0606/131302.864563:INFO:aha/components/towel/common/master_impl.cc:193] [TOWEL][MasterImpl::GetAllProviders] provider size is 6 given size is 6
[82605:82605:0606/131302.891267:INFO:aha/components/towel/common/static_routing_ap.cc:244] [TOWEL]run timeout checker
[82605:82605:0606/131302.892725:INFO:aha/components/device_service/device_service.h:33] DeviceService ActiveDevice, cost time: 217 ms
[82605:82605:0606/131302.892755:ERROR:electron/shell/browser/electron_browser_client.cc:1933] bind receiver for utility
[82605:82605:0606/131302.892765:INFO:aha/components/towel/embedder/master_binder.cc:52] [TOWEL]BindMasterInBrowser, ProcessType(2)
[82605:82605:0606/131302.892774:INFO:aha/components/towel/embedder/master_binder.cc:55] [TOWEL]BindMasterInBrowser, run in main thread, bind.
[82605:82605:0606/131302.892785:INFO:aha/components/towel/common/master_impl.cc:39] [TOWEL][MasterImpl::AddAPWithId] add ap 646681906
[82605:82605:0606/131302.892796:INFO:aha/components/towel/common/master_impl.cc:55] [TOWEL][MasterImpl::AddAP] add ap 646681906
[82605:82605:0606/131302.892841:INFO:aha/components/towel/common/master_impl.cc:193] [TOWEL][MasterImpl::GetAllProviders] provider size is 6 given size is 6
[82605:82605:0606/131302.892918:INFO:aha/components/towel/public/provider.cc:196] [TOWEL][Provider::GetMetaInfo] provider BlockDetectorProvider, method_size is 1 method_list is BlockDetector::HEART_BEAT
[82605:82605:0606/131302.892954:INFO:aha/components/towel/public/provider.cc:196] [TOWEL][Provider::GetMetaInfo] provider trae-cn-config-channel, method_size is 1 method_list is trae-cn-config-channel::SEND
[82605:82605:0606/131302.894051:INFO:aha/components/towel/public/provider.cc:196] [TOWEL][Provider::GetMetaInfo] provider BlockDetectorProvider, method_size is 1 method_list is BlockDetector::HEART_BEAT
[82605:82605:0606/131302.894112:INFO:aha/components/towel/public/provider.cc:196] [TOWEL][Provider::GetMetaInfo] provider trae-cn-config-channel, method_size is 1 method_list is trae-cn-config-channel::SEND
[82605:82605:0606/131302.894140:INFO:aha/components/towel/public/provider.cc:310] [TOWEL][Provider::ListenEvent] start, from ap RoutingId(82605, 892565015), event_list is trae-cn-config-channel::PUSH_PACKET
[82605:82605:0606/131302.894145:INFO:aha/components/towel/public/provider.cc:316] [TOWEL][Provider::ListenEvent] no APListenInfo, create one
[82605:82605:0606/131302.894150:INFO:aha/components/towel/public/provider.cc:325] [TOWEL][Provider::ListenEvent] no remote_ap for RoutingId(82605, 892565015), get it from master
[82605:82605:0606/131302.894184:INFO:aha/components/towel/common/master_impl.cc:78] [TOWEL][MasterImpl::BindAP] success for 892565015
[82605:82605:0606/131302.991830:INFO:aha/components/towel/common/static_routing_ap.cc:244] [TOWEL]run timeout checker
[82605:82605:0606/131303.092463:INFO:aha/components/towel/common/static_routing_ap.cc:244] [TOWEL]run timeout checker
[82605:82605:0606/131303.193021:INFO:aha/components/towel/common/static_routing_ap.cc:244] [TOWEL]run timeout checker
[82605:82605:0606/131303.293158:INFO:aha/components/towel/common/static_routing_ap.cc:244] [TOWEL]run timeout checker
[82605:82605:0606/131303.394019:INFO:aha/components/towel/common/static_routing_ap.cc:244] [TOWEL]run timeout checker
[82605:82605:0606/131303.494515:INFO:aha/components/towel/common/static_routing_ap.cc:244] [TOWEL]run timeout checker
[82605:82605:0606/131303.565736:ERROR:aha/components/basil/core/native_extension_manager_impl.cc:51] [Basil][Basil] no extension found, name=ckg
[82605:82605:0606/131303.565762:INFO:aha/components/basil/core/native_extension_impl.cc:105] [Basil]native_extension created, name=ckg
[82605:82605:0606/131303.565771:INFO:aha/components/basil/core/native_extension_impl.cc:130] [Basil]launch native extension process start, name=ckg
[82605:82605:0606/131303.565778:INFO:content/public/browser/service_process_host.cc:108] vscode_crash_reporter_process_type: is ckg
[82605:82605:0606/131303.568520:ERROR:electron/shell/browser/electron_browser_client.cc:1933] bind receiver for utility
[82605:82605:0606/131303.568541:INFO:aha/components/towel/embedder/master_binder.cc:52] [TOWEL]BindMasterInBrowser, ProcessType(2)
[82605:82605:0606/131303.568558:INFO:aha/components/towel/embedder/master_binder.cc:55] [TOWEL]BindMasterInBrowser, run in main thread, bind.
[82605:82605:0606/131303.568612:INFO:aha/components/basil/core/native_extension_impl.cc:206] [Basil]process launched, name=ckg, pid=82817
[82605:82605:0606/131303.568694:INFO:aha/electron/shell/browser/api/electron_api_aha_reporter.cc:206] setPerfContextForProcess enableCkgAhaRequest false

[82605:82605:0606/131303.568706:INFO:aha/components/perf/perf_custom_param_manager.cc:25] Add custom category param enableCkgAhaRequest = false
 for process 82817
[82605:82605:0606/131303.568813:INFO:aha/components/process_observer/aha_process_observer.cc:43] [process observer][process launched] type is:ckg, pid is:82817
[82605:82605:0606/131303.568889:INFO:aha/components/perf/perf_manager_base.cc:427] [perf manager][function = AddProcess] add process:82817
[82605:82605:0606/131303.568926:INFO:aha/components/perf/collector/perf_collector_base.cc:29] [perf collector][function=ShouldCollectProcess] AddProcess pid:82817 cmd:
[82605:82605:0606/131303.568938:INFO:aha/components/perf/collector/perf_collector_base.cc:29] [perf collector][function=ShouldCollectProcess] AddProcess pid:82817 cmd:
[82605:82605:0606/131303.568953:INFO:aha/components/perf/collector/perf_collector_base.cc:29] [perf collector][function=ShouldCollectProcess] AddProcess pid:82817 cmd:
[82605:82605:0606/131303.569672:INFO:aha/components/towel/common/master_impl.cc:153] [TOWEL][MasterImpl::RegisterProvider] success cueServer provider size now is 7
[82605:82605:0606/131303.569883:INFO:aha/components/towel/common/ap_impl.cc:406] [TOWEL][APImpl::OnProviderAdded] provider_name cueServer, RoutingId(82605, 818093854)
[82605:82605:0606/131303.569893:INFO:aha/components/towel/common/static_routing_ap.cc:181] [TOWEL][StaticRoutingAP::RunPendingRequestAndEvents] provider_name= cueServer
[82605:82605:0606/131303.569919:INFO:aha/components/towel/common/ap_impl.cc:406] [TOWEL][APImpl::OnProviderAdded] provider_name cueServer, RoutingId(82605, 835596294)
[82605:82605:0606/131303.569923:INFO:aha/components/monitor/monitor.cc:129] [Monitor] OnProviderConnected: OnProviderConnected, name: cueServer
[82605:82605:0606/131303.569927:INFO:aha/components/towel/common/static_routing_ap.cc:181] [TOWEL][StaticRoutingAP::RunPendingRequestAndEvents] provider_name= cueServer
[82605:82605:0606/131303.569944:INFO:aha/components/towel/common/ap_impl.cc:406] [TOWEL][APImpl::OnProviderAdded] provider_name cueServer, RoutingId(82605, 1541359579)
[82605:82605:0606/131303.569948:INFO:aha/components/ipc/ipc_client.cc:172] [AhaIpc] provider connected, name: cueServer
[82605:82605:0606/131303.569954:WARNING:aha/components/towel/common/ap_impl.cc:220] [TOWEL][APImpl::ListensEvents] no provider for event cueServer::PUSH_PACKET
[82605:82605:0606/131303.569958:INFO:aha/components/towel/common/ap_impl.cc:594] [TOWEL][APImpl::ListensEvents] start, RoutingId(82605, 1541359579)
[82605:82605:0606/131303.569962:INFO:aha/components/towel/common/ap_impl.cc:596] [TOWEL][APImpl::ListensEvents] no pending_listen_requests_, do nothing
[82605:82605:0606/131303.569966:INFO:aha/components/towel/common/static_routing_ap.cc:171] [TOWEL][StaticRoutingAP::TryAddPendingEvents] provider not ready, store event and wait. event cueServer::PUSH_PACKET
[82605:82605:0606/131303.569971:INFO:aha/components/towel/common/static_routing_ap.cc:181] [TOWEL][StaticRoutingAP::RunPendingRequestAndEvents] provider_name= cueServer
[82605:82605:0606/131303.569975:INFO:aha/components/towel/common/static_routing_ap.cc:195] [TOWEL][StaticRoutingAP::RunPendingEvents] run pending events, event_list is cueServer::PUSH_PACKET,cueServer::PUSH_PACKET
[82605:82605:0606/131303.569984:INFO:aha/components/towel/common/static_routing_ap.cc:217] [TOWEL][StaticRoutingAP::RunPendingRequestAndEvents] run pending requests, method= cueServer::SEND
[82605:82605:0606/131303.569991:INFO:aha/components/towel/common/static_routing_ap.cc:217] [TOWEL][StaticRoutingAP::RunPendingRequestAndEvents] run pending requests, method= cueServer::SEND
[82605:82605:0606/131303.570011:INFO:aha/components/towel/common/ap_impl.cc:406] [TOWEL][APImpl::OnProviderAdded] provider_name cueServer, RoutingId(82605, 2045090369)
[82605:82605:0606/131303.570016:INFO:aha/components/towel/common/static_routing_ap.cc:181] [TOWEL][StaticRoutingAP::RunPendingRequestAndEvents] provider_name= cueServer
[82605:82605:0606/131303.574218:ERROR:aha/components/basil/core/native_extension_impl.cc:253] [Basil]process crashed, name=ckg, code=256
[82605:82605:0606/131303.574240:INFO:aha/components/basil/core/native_extension_impl.cc:260] [Basil]HandleTermination, exit_code=256
[82605:82605:0606/131303.574498:INFO:aha/components/basil/core/native_extension_manager_impl.cc:96] [Basil]release native_extension, name=ckg
[82605:82605:0606/131303.574555:ERROR:aha/components/process_observer/aha_process_observer.cc:70] [process observer][process gone] type is: ckg, pid is: 82817, status is: 1, exit code is: 256, run time is: -1, is sandbox: 1
[82605:82605:0606/131303.574599:INFO:aha/components/perf/perf_manager_base.cc:488] [perf manager][function = RemoveProcess] remove exited process:82817
[82605:82605:0606/131303.577808:INFO:aha/components/towel/common/ap_impl.cc:530] [TOWEL][APImpl::OnGetProviderMetaInfo]: RoutingId(82605, 818093854) provider cueServer
[82605:82605:0606/131303.577821:INFO:aha/components/towel/common/ap_impl.cc:540] [TOWEL][APImpl::OnGetProviderMetaInfo] update meta info for cueServer method_list is cueServer::SEND, event_list is cueServer::PUSH_PACKET
[82605:82605:0606/131303.577827:INFO:aha/components/towel/common/static_routing_ap.cc:181] [TOWEL][StaticRoutingAP::RunPendingRequestAndEvents] provider_name= cueServer
[82605:82605:0606/131303.577840:INFO:aha/components/towel/common/ap_impl.cc:530] [TOWEL][APImpl::OnGetProviderMetaInfo]: RoutingId(82605, 835596294) provider cueServer
[82605:82605:0606/131303.577844:INFO:aha/components/towel/common/ap_impl.cc:540] [TOWEL][APImpl::OnGetProviderMetaInfo] update meta info for cueServer method_list is cueServer::SEND, event_list is cueServer::PUSH_PACKET
[82605:82605:0606/131303.577848:INFO:aha/components/towel/common/static_routing_ap.cc:181] [TOWEL][StaticRoutingAP::RunPendingRequestAndEvents] provider_name= cueServer
[82605:82605:0606/131303.577889:INFO:aha/components/towel/common/ap_impl.cc:530] [TOWEL][APImpl::OnGetProviderMetaInfo]: RoutingId(82605, 1541359579) provider cueServer
[82605:82605:0606/131303.577895:INFO:aha/components/towel/common/ap_impl.cc:540] [TOWEL][APImpl::OnGetProviderMetaInfo] update meta info for cueServer method_list is cueServer::SEND, event_list is cueServer::PUSH_PACKET
[82605:82605:0606/131303.577899:INFO:aha/components/towel/common/static_routing_ap.cc:181] [TOWEL][StaticRoutingAP::RunPendingRequestAndEvents] provider_name= cueServer
[82605:82605:0606/131303.577906:INFO:aha/components/towel/common/ap_impl.cc:530] [TOWEL][APImpl::OnGetProviderMetaInfo]: RoutingId(82605, 2045090369) provider cueServer
[82605:82605:0606/131303.577911:INFO:aha/components/towel/common/ap_impl.cc:540] [TOWEL][APImpl::OnGetProviderMetaInfo] update meta info for cueServer method_list is cueServer::SEND, event_list is cueServer::PUSH_PACKET
[82605:82605:0606/131303.577915:INFO:aha/components/towel/common/static_routing_ap.cc:181] [TOWEL][StaticRoutingAP::RunPendingRequestAndEvents] provider_name= cueServer
[82605:82605:0606/131303.578101:INFO:aha/components/towel/common/master_impl.cc:78] [TOWEL][MasterImpl::BindAP] success for 1541359579
[82605:82605:0606/131303.593193:INFO:aha/components/ipc/ipc_socket.cc:68] [AhaIpc] socket on_disconnect, server: cueServer,  channel_id: 3b0586e0-6201-4237-9fbf-2922627845ea
[82605:82605:0606/131303.595405:INFO:aha/components/towel/common/static_routing_ap.cc:244] [TOWEL]run timeout checker
[82605:82605:0606/131303.595417:INFO:aha/components/towel/common/static_routing_ap.cc:267] [TOWEL]stop timeout checker
[82605:82605:0606/131303.828332:INFO:aha/components/page_load_metrics/observers/page_load_metrics_observer.cc:567] [page_load_metrics][traceId-] this:0xfd4036d2940, LCP event triggered: LCP: 1125, index: 1
[82605:82605:0606/131303.828379:INFO:aha/components/metrics/metrics_base.cc:112] [startup]  category: , metrics: basicStartupComplete=1;basicStartupComplete_end=2;basicStartupComplete_start=1;commitNavigation=1;commitNavigation_end=594;commitNavigation_start=593;crashReporterStartup=4;crashReporterStartup_end=6;crashReporterStartup_start=2;createBrowserWindow=9;createBrowserWindow_end=580;createBrowserWindow_start=571;createNodeEnv=33;createNodeEnv_end=94;createNodeEnv_start=61;dcl=39;dcl_end=619;dcl_start=580;emitReadyEvent=1;emitReadyEvent_end=387;emitReadyEvent_start=386;fcp=1125;fcp_end=1705;fcp_start=580;fmp=0;fmp_end=580;fmp_start=580;fp=132;fp_end=712;fp_start=580;initNodeEnv=28;initNodeEnv_end=122;initNodeEnv_start=94;initRunBrowser=2;initRunBrowser_end=36;initRunBrowser_start=34;initializeICU=0;initializeICU_end=2;initializeICU_start=2;joinAppCode=0;joinAppCode_end=335;joinAppCode_start=335;l=40;l_end=620;l_start=580;lcp=1125;lcp_end=1705;lcp_start=580;loadAppCode=213;loadAppCode_end=335;loadAppCode_start=122;loadV8Snapshot=0;loadV8Snapshot_end=2;loadV8Snapshot_start=2;parse=24;parse_end=619;parse_start=595;rendererReady=9;rendererReady_end=589;rendererReady_start=580;response=30;response_end=611;response_start=581;startup=1863;startup_end=1863;startup_start=0;
[82605:82605:0606/131304.679497:INFO:content/public/browser/service_process_host.cc:108] vscode_crash_reporter_process_type: is shared-process
[82605:82605:0606/131304.682709:INFO:aha/components/process_observer/aha_process_observer.cc:43] [process observer][process launched] type is:shared-process, pid is:82850
[82605:82605:0606/131304.682754:INFO:aha/components/perf/perf_manager_base.cc:427] [perf manager][function = AddProcess] add process:82850
[82605:82605:0606/131304.682778:INFO:aha/components/perf/collector/perf_collector_base.cc:29] [perf collector][function=ShouldCollectProcess] AddProcess pid:82850 cmd:
[82605:82605:0606/131304.682788:INFO:aha/components/perf/collector/perf_collector_base.cc:29] [perf collector][function=ShouldCollectProcess] AddProcess pid:82850 cmd:
[82605:82605:0606/131304.682799:INFO:aha/components/perf/collector/perf_collector_base.cc:29] [perf collector][function=ShouldCollectProcess] AddProcess pid:82850 cmd:
[82605:82605:0606/131304.913757:ERROR:electron/shell/browser/electron_browser_client.cc:1933] bind receiver for utility
[82605:82605:0606/131304.913770:INFO:aha/components/towel/embedder/master_binder.cc:52] [TOWEL]BindMasterInBrowser, ProcessType(2)
[82605:82605:0606/131304.913787:INFO:aha/components/towel/embedder/master_binder.cc:55] [TOWEL]BindMasterInBrowser, run in main thread, bind.
[82605:82605:0606/131304.913802:INFO:aha/components/towel/common/master_impl.cc:39] [TOWEL][MasterImpl::AddAPWithId] add ap 799824170
[82605:82605:0606/131304.913815:INFO:aha/components/towel/common/master_impl.cc:55] [TOWEL][MasterImpl::AddAP] add ap 799824170
[82605:82605:0606/131304.913894:INFO:aha/components/towel/common/master_impl.cc:193] [TOWEL][MasterImpl::GetAllProviders] provider size is 7 given size is 7
[82605:82605:0606/131304.956063:INFO:aha/components/towel/public/provider.cc:196] [TOWEL][Provider::GetMetaInfo] provider BlockDetectorProvider, method_size is 1 method_list is BlockDetector::HEART_BEAT
[82605:82605:0606/131304.956122:INFO:aha/components/towel/public/provider.cc:196] [TOWEL][Provider::GetMetaInfo] provider trae-cn-config-channel, method_size is 1 method_list is trae-cn-config-channel::SEND
[82605:82605:0606/131307.361024:INFO:aha/components/perf/config/config_parser.cc:85] [config parser] json parser success:{
"version":"local_1",
"system_memory_collect_interval": 5,
"system_memory_pressure_level":{
    "kNormal": [[20,3000],[]],
    "kModerate": [[10,1800],[20,3000]],
    "kCritical": [[],[10,1800]]
},
"__dynamic_config":[
{
    "range": [4096, 8192],
    "system_low_memory_status": {
      "kLow": [[],[100,2048]]
    }
},
{
  "range": [8192, 16384],
  "system_low_memory_status": {
    "kLow": [[],[100,4096]]
  }
}],
"system_cpu_level":{
    "kNormal":[[],[30,30]],
    "kFair":[[30,30],[50,50]],
    "kSerious":[[50,50],[90,90]],
    "kCritical":[[90,90],[]]
},

"render_level":{
  "kLow": [[],[3,500]],
  "kMid": [[3,500], [20, 2500]],
  "kHigh": [[20, 2500], [80, 10000]],
  "kLimit": [[80, 10000],[]]
},
"lark_phys_memory_level": {
  "kLow": [[],[100,1024]],
  "kMid": [[100,1024],[100,1536]],
  "kHigh":[[100,1536],[]]
}
}
[82605:82605:0606/131307.361062:INFO:aha/components/perf/config/config_parser.cc:73] [config parser] json parser success:
[82605:82605:0606/131307.361076:INFO:aha/components/perf/config/config_parser.cc:63] [config parser] not satisfy current dynamic config,refer_value:31249,min:4096,max:8192
[82605:82605:0606/131307.361085:INFO:aha/components/perf/config/config_parser.cc:63] [config parser] not satisfy current dynamic config,refer_value:31249,min:8192,max:16384
[82605:82605:0606/131307.361093:INFO:aha/components/perf/observer/perf_observer_config.cc:200] [perf observer][config] system_memory_collect_interval:5 s,version:local_1
[82605:82605:0606/131308.575189:ERROR:aha/components/basil/core/native_extension_manager_impl.cc:51] [Basil][Basil] no extension found, name=ckg
[82605:82605:0606/131308.575216:INFO:aha/components/basil/core/native_extension_impl.cc:105] [Basil]native_extension created, name=ckg
[82605:82605:0606/131308.575226:INFO:aha/components/basil/core/native_extension_impl.cc:130] [Basil]launch native extension process start, name=ckg
[82605:82605:0606/131308.575234:INFO:content/public/browser/service_process_host.cc:108] vscode_crash_reporter_process_type: is ckg
[82605:82605:0606/131308.578505:INFO:aha/components/basil/core/native_extension_impl.cc:206] [Basil]process launched, name=ckg, pid=82897
[82605:82605:0606/131308.578584:INFO:aha/electron/shell/browser/api/electron_api_aha_reporter.cc:206] setPerfContextForProcess enableCkgAhaRequest false

[82605:82605:0606/131308.578595:INFO:aha/components/perf/perf_custom_param_manager.cc:25] Add custom category param enableCkgAhaRequest = false
 for process 82897
[82605:82605:0606/131308.578841:INFO:aha/components/process_observer/aha_process_observer.cc:43] [process observer][process launched] type is:ckg, pid is:82897
[82605:82605:0606/131308.578934:INFO:aha/components/perf/perf_manager_base.cc:427] [perf manager][function = AddProcess] add process:82897
[82605:82605:0606/131308.578981:INFO:aha/components/perf/collector/perf_collector_base.cc:29] [perf collector][function=ShouldCollectProcess] AddProcess pid:82897 cmd:
[82605:82605:0606/131308.579006:INFO:aha/components/perf/collector/perf_collector_base.cc:29] [perf collector][function=ShouldCollectProcess] AddProcess pid:82897 cmd:
[82605:82605:0606/131308.579027:INFO:aha/components/perf/collector/perf_collector_base.cc:29] [perf collector][function=ShouldCollectProcess] AddProcess pid:82897 cmd:
[82605:82605:0606/131308.584604:ERROR:aha/components/basil/core/native_extension_impl.cc:253] [Basil]process crashed, name=ckg, code=256
[82605:82605:0606/131308.584646:INFO:aha/components/basil/core/native_extension_impl.cc:260] [Basil]HandleTermination, exit_code=256
[82605:82605:0606/131308.584841:INFO:aha/components/basil/core/native_extension_manager_impl.cc:96] [Basil]release native_extension, name=ckg
[82605:82605:0606/131308.585024:ERROR:aha/components/process_observer/aha_process_observer.cc:70] [process observer][process gone] type is: ckg, pid is: 82897, status is: 1, exit code is: 256, run time is: -1, is sandbox: 1
[82605:82605:0606/131308.585068:INFO:aha/components/perf/perf_manager_base.cc:488] [perf manager][function = RemoveProcess] remove exited process:82897
[82605:82605:0606/131308.828640:INFO:aha/components/page_load_metrics/observers/page_load_metrics_observer.cc:756] [page_load_metrics][traceId-] this:0xfd4036d2940, Send: metrics:{"DCL":39,"FCP":1125,"FP":132,"L":40,"LCP":1125,"background_duration":2,"commit_navigation_end":14,"commit_navigation_start":13,"first_background_time":0,"first_foreground_time":0,"foreground":1,"foreground_duration":6281,"foreground_fcp":1,"is_render_process_ready":0,"lcp_candidate_index":1,"main_body_bytes":1024,"net_error_code":0,"parse_start":15,"parse_stop":39,"reload_type":0,"render_process_gone":0,"render_process_ready":9,"render_view_ready":0,"request_start":-1243310,"response_end":31,"response_start":1,"started_in_foreground":1}, category:{"is_prerender_page":"false","is_redirect":"false","is_same_document":"false","is_timeout":"false","lcp_type":"text"}
[82605:82605:0606/131312.915985:WARNING:ui/ozone/platform/wayland/host/wayland_data_drag_controller.cc:635] Skipping unsupported mime type chromium/x-window-drag
[82605:82605:0606/131313.669238:INFO:electron/shell/browser/electron_browser_client.cc:1940] aha net utility process bind network receiver
[82605:82605:0606/131318.586373:ERROR:aha/components/basil/core/native_extension_manager_impl.cc:51] [Basil][Basil] no extension found, name=ckg
[82605:82605:0606/131318.586398:INFO:aha/components/basil/core/native_extension_impl.cc:105] [Basil]native_extension created, name=ckg
[82605:82605:0606/131318.586408:INFO:aha/components/basil/core/native_extension_impl.cc:130] [Basil]launch native extension process start, name=ckg
[82605:82605:0606/131318.586415:INFO:content/public/browser/service_process_host.cc:108] vscode_crash_reporter_process_type: is ckg
[82605:82605:0606/131318.589747:INFO:aha/components/basil/core/native_extension_impl.cc:206] [Basil]process launched, name=ckg, pid=83064
[82605:82605:0606/131318.589843:INFO:aha/electron/shell/browser/api/electron_api_aha_reporter.cc:206] setPerfContextForProcess enableCkgAhaRequest false

[82605:82605:0606/131318.589859:INFO:aha/components/perf/perf_custom_param_manager.cc:25] Add custom category param enableCkgAhaRequest = false
 for process 83064
[82605:82605:0606/131318.590203:INFO:aha/components/process_observer/aha_process_observer.cc:43] [process observer][process launched] type is:ckg, pid is:83064
[82605:82605:0606/131318.590338:INFO:aha/components/perf/perf_manager_base.cc:427] [perf manager][function = AddProcess] add process:83064
[82605:82605:0606/131318.590391:INFO:aha/components/perf/collector/perf_collector_base.cc:29] [perf collector][function=ShouldCollectProcess] AddProcess pid:83064 cmd:
[82605:82605:0606/131318.590406:INFO:aha/components/perf/collector/perf_collector_base.cc:29] [perf collector][function=ShouldCollectProcess] AddProcess pid:83064 cmd:
[82605:82605:0606/131318.590425:INFO:aha/components/perf/collector/perf_collector_base.cc:29] [perf collector][function=ShouldCollectProcess] AddProcess pid:83064 cmd:
[82605:82605:0606/131318.596098:ERROR:aha/components/basil/core/native_extension_impl.cc:253] [Basil]process crashed, name=ckg, code=256
[82605:82605:0606/131318.596115:INFO:aha/components/basil/core/native_extension_impl.cc:260] [Basil]HandleTermination, exit_code=256
[82605:82605:0606/131318.596350:INFO:aha/components/basil/core/native_extension_manager_impl.cc:96] [Basil]release native_extension, name=ckg
[82605:82605:0606/131318.596434:ERROR:aha/components/process_observer/aha_process_observer.cc:70] [process observer][process gone] type is: ckg, pid is: 83064, status is: 1, exit code is: 256, run time is: -1, is sandbox: 1
[82605:82605:0606/131318.596477:INFO:aha/components/perf/perf_manager_base.cc:488] [perf manager][function = RemoveProcess] remove exited process:83064
[82605:82605:0606/131332.360800:INFO:aha/components/perf/perf_abnormal_observer.cc:572] [PerfAbnormal] StartMonitor, 
[82605:82605:0606/131332.360824:INFO:aha/components/perf/system_monitor/perf_system_monitor.cc:57] PerfSystemMonitor::Start, interval 30 s
[82605:82605:0606/131338.597712:ERROR:aha/components/basil/core/native_extension_manager_impl.cc:51] [Basil][Basil] no extension found, name=ckg
[82605:82605:0606/131338.597739:INFO:aha/components/basil/core/native_extension_impl.cc:105] [Basil]native_extension created, name=ckg
[82605:82605:0606/131338.597749:INFO:aha/components/basil/core/native_extension_impl.cc:130] [Basil]launch native extension process start, name=ckg
[82605:82605:0606/131338.597756:INFO:content/public/browser/service_process_host.cc:108] vscode_crash_reporter_process_type: is ckg
[82605:82605:0606/131338.600546:INFO:aha/components/basil/core/native_extension_impl.cc:206] [Basil]process launched, name=ckg, pid=83136
[82605:82605:0606/131338.600602:INFO:aha/electron/shell/browser/api/electron_api_aha_reporter.cc:206] setPerfContextForProcess enableCkgAhaRequest false

[82605:82605:0606/131338.600611:INFO:aha/components/perf/perf_custom_param_manager.cc:25] Add custom category param enableCkgAhaRequest = false
 for process 83136
[82605:82605:0606/131338.600808:INFO:aha/components/process_observer/aha_process_observer.cc:43] [process observer][process launched] type is:ckg, pid is:83136
[82605:82605:0606/131338.600873:INFO:aha/components/perf/perf_manager_base.cc:427] [perf manager][function = AddProcess] add process:83136
[82605:82605:0606/131338.600903:INFO:aha/components/perf/collector/perf_collector_base.cc:29] [perf collector][function=ShouldCollectProcess] AddProcess pid:83136 cmd:
[82605:82605:0606/131338.600920:INFO:aha/components/perf/collector/perf_collector_base.cc:29] [perf collector][function=ShouldCollectProcess] AddProcess pid:83136 cmd:
[82605:82605:0606/131338.600939:INFO:aha/components/perf/collector/perf_collector_base.cc:29] [perf collector][function=ShouldCollectProcess] AddProcess pid:83136 cmd:
[82605:82605:0606/131338.606074:ERROR:aha/components/basil/core/native_extension_impl.cc:253] [Basil]process crashed, name=ckg, code=256
[82605:82605:0606/131338.606086:INFO:aha/components/basil/core/native_extension_impl.cc:260] [Basil]HandleTermination, exit_code=256
[82605:82605:0606/131338.606249:INFO:aha/components/basil/core/native_extension_manager_impl.cc:96] [Basil]release native_extension, name=ckg
[82605:82605:0606/131338.606346:ERROR:aha/components/process_observer/aha_process_observer.cc:70] [process observer][process gone] type is: ckg, pid is: 83136, status is: 1, exit code is: 256, run time is: -1, is sandbox: 1
[82605:82605:0606/131338.606385:INFO:aha/components/perf/perf_manager_base.cc:488] [perf manager][function = RemoveProcess] remove exited process:83136
[82605:82605:0606/131344.041415:INFO:aha/components/monitor/monitor.cc:115] [Monitor] SetDisableReport: SetDisableReport, disable_report: 0
[82607:82607:0606/131344.041473:INFO:third_party/crashpad/crashpad/handler/linux/crash_report_exception_handler.cc:322] [Crashpad] Append global param key: user_id
[82607:82607:0606/131344.041526:INFO:third_party/crashpad/crashpad/handler/linux/crash_report_exception_handler.cc:322] [Crashpad] Append global param key: device_id
[82607:82610:0606/131344.041534:INFO:aha/third_party/parfait/aha/parfait_client.cc:99] [Parfait] update ParfaitClient with config
	pft_version=1.3.0.0
	user_id=3062614231880660
	device_id=e09f981585ab064aa9b0f2a3e11cf39fd8a3d112420c0e852c14494078daaf4c
	session_id=
	data_report_url=https://pc-mon.zijieapi.com/monitor_pc/collect/api/pc_log
	crash_report_url=https://pc-mon.zijieapi.com/monitor_pc/collect/api/pc_crash
	block_report_url=https://pc-mon.zijieapi.com/monitor_pc/collect/api/pc_jank
	matrix_report_url=https://pc-mon.zijieapi.com/monitor_pc/collect/api/pc_matrix
	settings_url=
	tenant_id=
[82605:82605:0606/131344.041545:INFO:aha/components/monitor/monitor_service_instance_impl.cc:184] [MonitorService] UpdateConfig: UpdateConfig, device_id: 3137328566855434, user_id: 3062614231880660
[82607:82610:0606/131344.041579:INFO:aha/third_party/parfait/aha/parfait_client.cc:99] [Parfait] update ParfaitClient with config
	pft_version=1.3.0.0
	user_id=3062614231880660
	device_id=3137328566855434
	session_id=
	data_report_url=https://pc-mon.zijieapi.com/monitor_pc/collect/api/pc_log
	crash_report_url=https://pc-mon.zijieapi.com/monitor_pc/collect/api/pc_crash
	block_report_url=https://pc-mon.zijieapi.com/monitor_pc/collect/api/pc_jank
	matrix_report_url=https://pc-mon.zijieapi.com/monitor_pc/collect/api/pc_matrix
	settings_url=
	tenant_id=
[82607:82607:0606/131344.041613:INFO:third_party/crashpad/crashpad/handler/linux/crash_report_exception_handler.cc:322] [Crashpad] Append global param key: tenant
[82607:82607:0606/131344.041651:INFO:third_party/crashpad/crashpad/handler/linux/crash_report_exception_handler.cc:322] [Crashpad] Append global param key: region
[82605:82605:0606/131344.053848:INFO:aha/components/page_load_metrics/observers/page_load_metrics_observer.cc:387] [page_load_metrics][traceId-] this:0xfd4036d2940, OnHidden
[82605:82605:0606/131344.053866:INFO:aha/components/page_load_metrics/observers/page_load_metrics_observer.cc:277] [page_load_metrics][traceId-] this:0xfd4036d2940, DidHidden: foreground_duration:41507ms, hidden_times:1
[82605:82605:0606/131344.054234:INFO:aha/components/page_load_metrics/observers/page_load_metrics_observer.cc:340] [page_load_metrics][traceId-] this:0xfd4036d2940, OnComplete
[82605:82605:0606/131344.054260:INFO:aha/components/page_load_metrics/observers/page_load_metrics_observer.cc:115] [page_load_metrics][traceId-] this:0xfd4036d2940, AhaPageLoadMetricsObserver::dtor
[82605:82605:0606/131344.060435:INFO:aha/components/ipc/ipc_socket.cc:68] [AhaIpc] socket on_disconnect, server: trae-cn-config-channel,  channel_id: d0aa4d1b-882d-4bf2-8ebd-371e45a3cff2
[82605:82605:0606/131344.060478:INFO:aha/components/ipc/ipc_socket.cc:68] [AhaIpc] socket on_disconnect, server: trae-cn-config-channel,  channel_id: eb210dd5-3c21-448f-9128-07c813a650bc
[82605:82605:0606/131344.060498:INFO:aha/components/towel/public/provider.cc:51] [TOWEL][Provider::Destruct] unregister methods start
[82605:82605:0606/131344.060504:INFO:aha/components/towel/public/provider.cc:54] [TOWEL][Provider::Destruct] unregister methods, method=trae-cn-config-channel::SEND
[82605:82605:0606/131344.060516:INFO:aha/components/towel/public/provider.cc:65] [TOWEL][Provider::Destruct] unregister methods end
[82605:82605:0606/131344.060931:INFO:aha/components/basil/core/native_extension_impl.cc:178] [Basil]Shutdown, exit_code=15
[82605:82605:0606/131344.062447:INFO:aha/components/process_observer/aha_process_observer.cc:54] [process observer][process disconnected] type is:renderer, pid is:82769
[82605:82605:0606/131344.062509:INFO:aha/components/perf/perf_manager_base.cc:488] [perf manager][function = RemoveProcess] remove exited process:82769
[82605:82605:0606/131344.062525:INFO:aha/components/perf/perf_custom_param_manager.cc:39] Remove custom params for process 82769
[82605:82605:0606/131344.063812:INFO:aha/components/towel/common/master_impl.cc:166] [TOWEL][MasterImpl::UnRegisterProvider] name is trae-cn-config-channel provider size now is 6
[82605:82605:0606/131344.063849:ERROR:aha/components/towel/common/ap_impl.cc:558] [TOWEL][APImpl::OnProviderDisconnected] lose connection with provider trae-cn-config-channel, RoutingId(82605, 818093854), reason 0, message 
[82605:82605:0606/131344.063873:ERROR:aha/components/towel/common/ap_impl.cc:558] [TOWEL][APImpl::OnProviderDisconnected] lose connection with provider trae-cn-config-channel, RoutingId(82605, 835596294), reason 0, message 
[82605:82605:0606/131344.063882:INFO:aha/components/monitor/monitor.cc:125] [Monitor] OnProviderDisconnected: OnProviderDisconnected, name: trae-cn-config-channel
[82605:82605:0606/131344.063892:ERROR:aha/components/towel/common/ap_impl.cc:558] [TOWEL][APImpl::OnProviderDisconnected] lose connection with provider trae-cn-config-channel, RoutingId(82605, 1541359579), reason 0, message 
[82605:82605:0606/131344.063906:INFO:aha/components/ipc/ipc_client.cc:186] [AhaIpc] provider disconncted, name: trae-cn-config-channel
[82605:82605:0606/131344.063919:ERROR:aha/components/towel/common/ap_impl.cc:558] [TOWEL][APImpl::OnProviderDisconnected] lose connection with provider trae-cn-config-channel, RoutingId(82605, 2045090369), reason 0, message 
[82605:82605:0606/131344.068886:ERROR:aha/components/towel/common/ap_impl.cc:558] [TOWEL][APImpl::OnProviderDisconnected] lose connection with provider ai-agent, RoutingId(82605, 835596294), reason 0, message 
[82605:82605:0606/131344.068907:INFO:aha/components/monitor/monitor.cc:125] [Monitor] OnProviderDisconnected: OnProviderDisconnected, name: ai-agent
[82605:82605:0606/131344.068929:ERROR:aha/components/towel/common/ap_impl.cc:558] [TOWEL][APImpl::OnProviderDisconnected] lose connection with provider ai, RoutingId(82605, 1541359579), reason 0, message 
[82605:82605:0606/131344.068940:INFO:aha/components/ipc/ipc_client.cc:186] [AhaIpc] provider disconncted, name: ai
[82605:82605:0606/131344.068970:ERROR:aha/components/basil/core/native_extension_impl.cc:225] [Basil]remote service disconnected, name=ai reason=0, description:
[82605:82605:0606/131344.069017:INFO:aha/components/towel/common/master_impl.cc:220] [TOWEL][MasterImpl::OnProviderDisconnect] provider disconnect, name=ai-agent reason= 0 message= 
[82605:82605:0606/131344.069033:INFO:aha/components/towel/common/master_impl.cc:166] [TOWEL][MasterImpl::UnRegisterProvider] name is ai-agent provider size now is 5
[82605:82605:0606/131344.069043:ERROR:aha/components/towel/common/ap_impl.cc:558] [TOWEL][APImpl::OnProviderDisconnected] lose connection with provider ai-agent, RoutingId(82605, 2045090369), reason 0, message 
[82605:82605:0606/131344.069299:ERROR:aha/components/basil/core/native_extension_impl.cc:253] [Basil]process crashed, name=ai, code=15
[82605:82605:0606/131344.069309:INFO:aha/components/basil/core/native_extension_impl.cc:260] [Basil]HandleTermination, exit_code=15
[82605:82605:0606/131344.069433:INFO:aha/components/basil/core/native_extension_manager_impl.cc:96] [Basil]release native_extension, name=ai
[82605:82605:0606/131344.069496:ERROR:aha/components/process_observer/aha_process_observer.cc:70] [process observer][process gone] type is: ai, pid is: 82725, status is: 2, exit code is: 15, run time is: -1, is sandbox: 1
[82605:82605:0606/131344.069535:INFO:aha/components/perf/perf_manager_base.cc:488] [perf manager][function = RemoveProcess] remove exited process:82725
[82605:82605:0606/131344.069621:ERROR:aha/components/towel/common/ap_impl.cc:558] [TOWEL][APImpl::OnProviderDisconnected] lose connection with provider ai, RoutingId(82605, 2045090369), reason 0, message 
[82605:82605:0606/131344.069629:INFO:aha/electron/shell/renderer/api/electron_api_towel.cc:148] [TOWEL]ai provider disconncted
[82605:82605:0606/131344.069682:INFO:aha/components/towel/common/master_impl.cc:220] [TOWEL][MasterImpl::OnProviderDisconnect] provider disconnect, name=ai reason= 0 message= 
[82605:82605:0606/131344.069692:INFO:aha/components/towel/common/master_impl.cc:166] [TOWEL][MasterImpl::UnRegisterProvider] name is ai provider size now is 4
[82605:82605:0606/131344.069703:ERROR:aha/components/towel/common/ap_impl.cc:558] [TOWEL][APImpl::OnProviderDisconnected] lose connection with provider ai-agent, RoutingId(82605, 1541359579), reason 0, message 
[82605:82605:0606/131344.069709:INFO:aha/components/ipc/ipc_client.cc:186] [AhaIpc] provider disconncted, name: ai-agent
[82605:82605:0606/131344.069716:INFO:aha/components/ipc/ipc_socket.cc:68] [AhaIpc] socket on_disconnect, server: ai-agent,  channel_id: 81d93b3f-254f-4474-9b94-881011e05683
[82605:82605:0606/131344.069896:INFO:aha/components/towel/common/static_routing_ap.cc:135] [TOWEL][StaticRoutingAP::TryAddPendingRequest] provider not ready, store request and wait. method ai-agent::SEND
[82605:82605:0606/131344.069907:INFO:aha/components/towel/common/static_routing_ap.cc:144] [TOWEL][StaticRoutingAP] start timeout checker
[82605:82605:0606/131344.070079:ERROR:aha/components/towel/common/ap_impl.cc:558] [TOWEL][APImpl::OnProviderDisconnected] lose connection with provider ai, RoutingId(82605, 835596294), reason 0, message 
[82605:82605:0606/131344.070091:INFO:aha/components/monitor/monitor.cc:125] [Monitor] OnProviderDisconnected: OnProviderDisconnected, name: ai
[82605:82605:0606/131344.070112:ERROR:aha/components/towel/common/ap_impl.cc:558] [TOWEL][APImpl::OnProviderDisconnected] lose connection with provider ai-agent, RoutingId(82605, 818093854), reason 0, message 
[82605:82605:0606/131344.070136:ERROR:aha/components/towel/common/ap_impl.cc:558] [TOWEL][APImpl::OnProviderDisconnected] lose connection with provider ai, RoutingId(82605, 818093854), reason 0, message 
[82605:82605:0606/131344.102678:INFO:aha/components/towel/common/master_impl.cc:220] [TOWEL][MasterImpl::OnProviderDisconnect] provider disconnect, name=cueServer reason= 0 message= 
[82605:82605:0606/131344.102703:INFO:aha/components/towel/common/master_impl.cc:166] [TOWEL][MasterImpl::UnRegisterProvider] name is cueServer provider size now is 3
[82605:82605:0606/131344.102752:ERROR:aha/components/towel/common/ap_impl.cc:558] [TOWEL][APImpl::OnProviderDisconnected] lose connection with provider cueServer, RoutingId(82605, 1541359579), reason 0, message 
[82605:82605:0606/131344.102769:INFO:aha/components/ipc/ipc_client.cc:186] [AhaIpc] provider disconncted, name: cueServer
[82605:82605:0606/131344.102862:ERROR:aha/components/towel/common/ap_impl.cc:558] [TOWEL][APImpl::OnProviderDisconnected] lose connection with provider cueServer, RoutingId(82605, 818093854), reason 0, message 
[82605:82605:0606/131344.102901:ERROR:aha/components/towel/common/ap_impl.cc:558] [TOWEL][APImpl::OnProviderDisconnected] lose connection with provider cueServer, RoutingId(82605, 835596294), reason 0, message 
[82605:82605:0606/131344.102912:INFO:aha/components/monitor/monitor.cc:125] [Monitor] OnProviderDisconnected: OnProviderDisconnected, name: cueServer
[82605:82605:0606/131344.102940:INFO:aha/components/process_observer/aha_process_observer.cc:54] [process observer][process disconnected] type is:ai-server, pid is:82727
[82605:82605:0606/131344.102994:INFO:aha/components/perf/perf_manager_base.cc:488] [perf manager][function = RemoveProcess] remove exited process:82727
[82605:82605:0606/131344.103010:INFO:aha/components/perf/perf_custom_param_manager.cc:39] Remove custom params for process 82727
[82605:82605:0606/131344.103129:ERROR:aha/components/towel/common/ap_impl.cc:558] [TOWEL][APImpl::OnProviderDisconnected] lose connection with provider cueServer, RoutingId(82605, 2045090369), reason 0, message 
[82605:82605:0606/131344.105310:INFO:electron/shell/browser/electron_browser_main_parts.cc:772] [ElectronBrowserMainParts] PostMainMessageLoopRun
[82607:82607:0606/131344.105354:INFO:third_party/crashpad/crashpad/handler/linux/crash_report_exception_handler.cc:322] [Crashpad] Append global param key: lifecycle_stage
[82607:82609:0606/131344.105420:INFO:aha/components/crash_monitor/utils/utils.cc:237] [CleanupZombieProcesses] StopProcessesUnderAppDir, app dir: /usr/share/trae-cn, parent pid: 82605
[82605:82605:0606/131344.105522:INFO:electron/shell/browser/electron_browser_main_parts.cc:804] [ElectronBrowserMainParts] Shutdown NodeService
[82605:82605:0606/131344.105630:INFO:electron/shell/browser/electron_browser_main_parts.cc:837] [ElectronBrowserMainParts] Shutdown NativeExtensionService
[82605:82605:0606/131344.105641:INFO:aha/components/basil/core/native_extension_manager_impl.cc:82] [Basil]shutdown all native_extension, exit_code=0
[82607:82609:0606/131344.117223:INFO:aha/components/crash_monitor/utils/utils.cc:258] [CleanupZombieProcesses] StopProcessesUnderAppDir, will cleanup child process, pid: 82617, exe_file: trae-cn
[82607:82609:0606/131344.117242:INFO:aha/components/crash_monitor/utils/utils.cc:258] [CleanupZombieProcesses] StopProcessesUnderAppDir, will cleanup child process, pid: 82618, exe_file: trae-cn
[82607:82609:0606/131344.117248:INFO:aha/components/crash_monitor/utils/utils.cc:258] [CleanupZombieProcesses] StopProcessesUnderAppDir, will cleanup child process, pid: 82620, exe_file: trae-cn
[82607:82609:0606/131344.117252:INFO:aha/components/crash_monitor/utils/utils.cc:258] [CleanupZombieProcesses] StopProcessesUnderAppDir, will cleanup child process, pid: 82659, exe_file: trae-cn
[82607:82609:0606/131344.117256:INFO:aha/components/crash_monitor/utils/utils.cc:258] [CleanupZombieProcesses] StopProcessesUnderAppDir, will cleanup child process, pid: 82668, exe_file: trae-cn
[82607:82609:0606/131344.117260:INFO:aha/components/crash_monitor/utils/utils.cc:258] [CleanupZombieProcesses] StopProcessesUnderAppDir, will cleanup child process, pid: 82775, exe_file: trae-cn
[82607:82609:0606/131344.117264:INFO:aha/components/crash_monitor/utils/utils.cc:258] [CleanupZombieProcesses] StopProcessesUnderAppDir, will cleanup child process, pid: 83160, exe_file: trae-cn
[82605:82605:0606/131344.123106:INFO:aha/components/process_observer/aha_process_observer.cc:54] [process observer][process disconnected] type is:gpu-process, pid is:82659
[82605:82605:0606/131344.123176:INFO:aha/components/perf/perf_manager_base.cc:488] [perf manager][function = RemoveProcess] remove exited process:82659
[82605:82605:0606/131344.123196:INFO:aha/components/perf/perf_custom_param_manager.cc:39] Remove custom params for process 82659
[82605:82605:0606/131344.123627:ERROR:aha/components/monitor/monitor_service_instance_impl.cc:215] [MonitorService] OnServiceProcessTerminatedNormally: monitor service terminated normally, code=0
[82605:82605:0606/131344.133047:INFO:aha/components/perf/perf_abnormal_observer.cc:461] [PerfAbnormal] DeleteInstance, 
[82605:82605:0606/131344.133237:INFO:electron/shell/app/electron_main_delegate.cc:309] #### AhaElectron ()  Shutdown ####
[82605:82605:0606/131344.138222:INFO:aha/components/towel/public/provider.cc:51] [TOWEL][Provider::Destruct] unregister methods start
[82605:82605:0606/131344.138234:INFO:aha/components/towel/public/provider.cc:54] [TOWEL][Provider::Destruct] unregister methods, method=BlockDetector::HEART_BEAT
[82605:82605:0606/131344.138241:INFO:aha/components/towel/public/provider.cc:65] [TOWEL][Provider::Destruct] unregister methods end
[82607:82607:0606/131344.145087:INFO:aha/third_party/crashpad/crashpad/handler/aha_handler_main.cc:111] #### AhaElectron (Crashpad) Shutdown
[83208:83208:0606/131350.970076:INFO:aha/components/metrics/metrics_base.cc:52] [startup] metric: crashReporterStartup, start
[83210:83210:0606/131350.973494:INFO:aha/third_party/crashpad/crashpad/handler/aha_handler_main.cc:43] #### AhaElectron (Crashpad) Startup
[83210:83210:0606/131350.973783:INFO:aha/components/manifest/manifest.cc:91] GetManifestContent exe_dir: /usr/share/trae-cn
[83210:83210:0606/131350.973809:INFO:aha/components/manifest/manifest.cc:106] AppManifest manifest_content={"appId":"787976","appVersion":"3.3.42","activeUrl":"https://log.snssdk.com/service/2/app_alert_check/","channel":"stable","language":"en","logifierDomain":"api.trae.com.cn","name":"Trae CN","package":"com.trae.app","packageType":"stable_cn","region":"CN","registryUrl":"https://log.snssdk.com/service/2/desktop/device_register/","slardarDomain":"pc-mon.zijieapi.com","slardarAid":787976,"oversea":false,"ahaNet":{"ttnet_params":{"domain_httpdns":"dig.bdurl.net","domain_netlog":"crash.snssdk.com","app_id":"787976","tnc_host_first":"tnc3-bjlgy.zijieapi.com","app_name":"trae","tnc_host_second":"","tnc_host_third":"","domain_boe":".boe-gateway.byted.org","update_version_code":"","version_code":"3342","bypass_proxy":false,"is_drop_first_tnc":false,"use_domestic_store_region":false,"get_domain_default_json":"{\"data\":{\"tnc_update_interval\":300,\"chromium_open\":1,\"http_dns_enabled\":1,\"ttnet_http_dns_enabled\":1,\"ttnet_tt_http_dns\":1,\"ttnet_http_dns_timeout\":5,\"opaque_data_enabled\":0,\"wpad_enabled\":0,\"pac_enabled\":1,\"clear_pool_enabled\":1,\"get_domain_default_json\":1,\"md5_check\":0},\"message\":\"success\"}"},"params":{"user_agent":"","experimental_options":"","enable_http2":true,"enable_brotli":true,"enable_quic":true,"enable_network_quality_estimator":false,"enable_verbose_log":false,"enable_ca_store":true,"store_idc_rule_json":"","ttnet_inner_log_switch":255,"bypass_mssdk":false},"access_policy":"{\"domain_white_list\":{\"*.trae.ai\":[\"*\"],\"*.traeapi.us\":[\"*\"],\"*.mchost.guru\":[\"*\"],\"*.bytedance.net\":[\"*\"],\"*.tiktok-row.net\":[\"*\"],\"*.byteintl.net\":[\"*\"],\"*.byted.org\":[\"*\"],\"*.trae.com.cn\":[\"*\"],\"*.trae.cn\":[\"*\"]},\"enable_detail_log\":false}"}}
[83210:83210:0606/131350.973899:WARNING:aha/components/crash_monitor/report_config/report_config.cc:48] config_path not exists, path: /home/eternity/.config/Electron/ReportConfig
[83210:83210:0606/131350.973904:ERROR:aha/components/crash_monitor/report_config/report_config.cc:64] content is empty
[83210:83210:0606/131350.973909:INFO:aha/components/crash_monitor/crash_monitor.cc:243] [CrashMonitor] Initialized: disable_report: 0
[83210:83210:0606/131350.974251:INFO:aha/components/crash_monitor/crash_monitor.cc:402] [CrashMonitor] CalcLocalDeviceId: local_device_id use device_info, device_id: b38695be47dc4b34b4945c7a809d8051
[83210:83210:0606/131350.974531:INFO:third_party/crashpad/crashpad/handler/linux/crash_report_exception_handler.cc:322] [Crashpad] Append global param key: init_device_id
[83208:83208:0606/131350.974562:INFO:aha/components/metrics/metrics_base.cc:64] [startup] metric: crashReporterStartup, end, latency: 4ms
[83210:83213:0606/131350.974563:INFO:aha/components/crash_monitor/crash_monitor.cc:414] [CrashMonitor] InitDeviceId: init_device_id use device_id, device_id: 3137328566855434
[83208:83208:0606/131350.974581:INFO:electron/shell/app/electron_main_delegate.cc:603] #### AhaElectron ()  Startup #### cmd: 
[83210:83213:0606/131350.974686:INFO:aha/third_party/parfait/core_common/parfait_core.cc:157] [Parfait] Enable upload with interval 60
[83210:83213:0606/131350.974696:INFO:aha/third_party/parfait/aha/parfait_client.cc:68] [Parfait] Init ParfaitClient with config
	pft_version=1.3.0.0
	aid=787976
	user_id=anonymous
	device_id=3137328566855434
	version=3.3.42
	root_path=/home/eternity/.config/Electron/Crashpad
	session_id=
	data_report_url=https://pc-mon.zijieapi.com/monitor_pc/collect/api/pc_log
	crash_report_url=https://pc-mon.zijieapi.com/monitor_pc/collect/api/pc_crash
	block_report_url=https://pc-mon.zijieapi.com/monitor_pc/collect/api/pc_jank
	matrix_report_url=https://pc-mon.zijieapi.com/monitor_pc/collect/api/pc_matrix
	settings_enabled=0
	settings_url=
	tenant_id=
[83210:83213:0606/131350.974706:INFO:aha/components/crash_monitor/crash_monitor.cc:283] [CrashMonitor] InitParfait: InitParfait success, aid:787976, did:3137328566855434
[83210:83212:0606/131350.974738:INFO:aha/third_party/parfait/core_common/parfait_core.cc:165] [Parfait] Set upload interval 60
[83208:83208:0606/131351.001930:INFO:aha/components/metrics/metrics_base.cc:52] [startup] metric: initRunBrowser, start
[83208:83208:0606/131351.003594:INFO:aha/components/metrics/metrics_base.cc:64] [startup] metric: initRunBrowser, end, latency: 2ms
[83208:83208:0606/131351.028951:INFO:electron/shell/browser/electron_browser_main_parts.cc:337] init towel master_binder in browser
[83208:83208:0606/131351.028975:INFO:aha/components/towel/embedder/interface_binder.cc:17] [TOWEL]InterfaceBinder Intialized. ProcessType(2)
[83208:83208:0606/131351.028983:INFO:aha/components/metrics/metrics_base.cc:52] [startup] metric: createNodeEnv, start
[83208:83208:0606/131351.032043:INFO:gin/isolate_holder.cc:165] SetPartitionAllocOomCallback and RegisterIsolateHolder
[83208:83208:0606/131351.061108:INFO:aha/components/metrics/metrics_base.cc:64] [startup] metric: createNodeEnv, end, latency: 33ms
[83208:83208:0606/131351.061130:INFO:aha/components/metrics/metrics_base.cc:52] [startup] metric: initNodeEnv, start
[83208:83208:0606/131351.087886:INFO:aha/components/metrics/metrics_base.cc:64] [startup] metric: initNodeEnv, end, latency: 26ms
[83208:83208:0606/131351.087910:INFO:aha/components/metrics/metrics_base.cc:52] [startup] metric: loadAppCode, start
[83208:83208:0606/131351.181687:INFO:aha/components/ipc/ipc_client.cc:13] [AhaIpc] set request_timeout_ms: 1000
[83208:83208:0606/131351.181715:INFO:aha/components/towel/embedder/master_binder.cc:60] [TOWEL]BindMasterInAnyProcess, ProcessType(2)
[83208:83208:0606/131351.181721:INFO:aha/components/towel/embedder/master_binder.cc:52] [TOWEL]BindMasterInBrowser, ProcessType(2)
[83208:83208:0606/131351.181750:INFO:aha/components/towel/embedder/master_binder.cc:55] [TOWEL]BindMasterInBrowser, run in main thread, bind.
[83208:83208:0606/131351.181759:INFO:aha/components/towel/common/ap_impl.cc:26] [TOWEL][APImpl::APImpl] create ap, id is RoutingId(-1, 1955106863)
[83208:83208:0606/131351.181763:INFO:aha/components/towel/common/ap_impl.cc:31] [TOWEL][APImpl] register to master, current id is RoutingId(-1, 1955106863)
[83208:83208:0606/131351.184308:INFO:aha/components/towel/embedder/master_binder.cc:60] [TOWEL]BindMasterInAnyProcess, ProcessType(2)
[83208:83208:0606/131351.184319:INFO:aha/components/towel/embedder/master_binder.cc:52] [TOWEL]BindMasterInBrowser, ProcessType(2)
[83208:83208:0606/131351.184331:INFO:aha/components/towel/embedder/master_binder.cc:55] [TOWEL]BindMasterInBrowser, run in main thread, bind.
[83208:83208:0606/131351.184344:INFO:aha/components/towel/common/ap_impl.cc:26] [TOWEL][APImpl::APImpl] create ap, id is RoutingId(-1, 1048288354)
[83208:83208:0606/131351.184354:INFO:aha/components/towel/common/ap_impl.cc:31] [TOWEL][APImpl] register to master, current id is RoutingId(-1, 1048288354)
[83208:83208:0606/131351.184365:WARNING:aha/components/towel/common/ap_impl.cc:220] [TOWEL][APImpl::ListensEvents] no provider for event ai::PUSH_PACKET
[83208:83208:0606/131351.184370:INFO:aha/components/towel/common/ap_impl.cc:594] [TOWEL][APImpl::ListensEvents] start, RoutingId(-1, 1048288354)
[83208:83208:0606/131351.184374:INFO:aha/components/towel/common/ap_impl.cc:596] [TOWEL][APImpl::ListensEvents] no pending_listen_requests_, do nothing
[83208:83208:0606/131351.184378:INFO:aha/components/towel/common/static_routing_ap.cc:171] [TOWEL][StaticRoutingAP::TryAddPendingEvents] provider not ready, store event and wait. event ai::PUSH_PACKET
[83208:83208:0606/131351.184540:INFO:aha/components/towel/embedder/master_binder.cc:60] [TOWEL]BindMasterInAnyProcess, ProcessType(2)
[83208:83208:0606/131351.184549:INFO:aha/components/towel/embedder/master_binder.cc:52] [TOWEL]BindMasterInBrowser, ProcessType(2)
[83208:83208:0606/131351.184560:INFO:aha/components/towel/embedder/master_binder.cc:55] [TOWEL]BindMasterInBrowser, run in main thread, bind.
[83208:83208:0606/131351.184566:INFO:aha/components/towel/common/ap_impl.cc:26] [TOWEL][APImpl::APImpl] create ap, id is RoutingId(-1, 1048288354)
[83208:83208:0606/131351.184570:INFO:aha/components/towel/common/ap_impl.cc:31] [TOWEL][APImpl] register to master, current id is RoutingId(-1, 1048288354)
[83208:83208:0606/131351.184581:WARNING:aha/components/towel/common/ap_impl.cc:220] [TOWEL][APImpl::ListensEvents] no provider for event AhaNet::TNCConfigUpdated
[83208:83208:0606/131351.184586:INFO:aha/components/towel/common/ap_impl.cc:594] [TOWEL][APImpl::ListensEvents] start, RoutingId(-1, 1048288354)
[83208:83208:0606/131351.184590:INFO:aha/components/towel/common/ap_impl.cc:596] [TOWEL][APImpl::ListensEvents] no pending_listen_requests_, do nothing
[83208:83208:0606/131351.184594:INFO:aha/components/towel/common/static_routing_ap.cc:171] [TOWEL][StaticRoutingAP::TryAddPendingEvents] provider not ready, store event and wait. event AhaNet::TNCConfigUpdated
[83208:83208:0606/131351.284393:INFO:aha/components/metrics/metrics_base.cc:64] [startup] metric: loadAppCode, end, latency: 197ms
[83208:83208:0606/131351.284411:INFO:aha/components/metrics/metrics_base.cc:52] [startup] metric: joinAppCode, start
[83208:83208:0606/131351.284416:INFO:aha/components/metrics/metrics_base.cc:64] [startup] metric: joinAppCode, end, latency: 0ms
[83208:83208:0606/131351.284778:WARNING:ui/ozone/platform/wayland/common/wayland_object.cc:119] Binding to wl_shm version 1 but version 2 is available.
[83208:83208:0606/131351.284801:WARNING:ui/ozone/platform/wayland/common/wayland_object.cc:119] Binding to zwp_pointer_gestures_v1 version 1 but version 3 is available.
[83208:83208:0606/131351.284838:WARNING:ui/ozone/platform/wayland/common/wayland_object.cc:119] Binding to wl_seat version 8 but version 9 is available.
[83208:83208:0606/131351.284846:WARNING:ui/ozone/platform/wayland/common/wayland_object.cc:119] Binding to wp_cursor_shape_manager_v1 version 1 but version 2 is available.
[83208:83208:0606/131351.284856:WARNING:ui/ozone/platform/wayland/common/wayland_object.cc:119] Binding to zwp_linux_dmabuf_v1 version 4 but version 5 is available.
[83208:83208:0606/131351.285275:WARNING:ui/ozone/platform/wayland/host/wayland_drm.cc:114] Drm prime capability is not supported
[83208:83208:0606/131351.330321:INFO:electron/shell/browser/electron_browser_main_parts.cc:577] [ElectronBrowserMainParts] PreMainMessageLoopRun
[83210:83210:0606/131351.330359:INFO:third_party/crashpad/crashpad/handler/linux/crash_report_exception_handler.cc:322] [Crashpad] Append global param key: lifecycle_stage
[83210:83210:0606/131351.330405:INFO:third_party/crashpad/crashpad/handler/linux/crash_report_exception_handler.cc:322] [Crashpad] Append global param key: country_code
[83208:83208:0606/131351.330421:INFO:aha/components/detector/block_detector.cc:92] BlockDetectorManager::Init,this:0x6cc015a65c0
[83208:83208:0606/131351.330432:INFO:aha/components/detector/block_detector.cc:133] Initializing Towel provider with name: BlockDetectorProvider
[83208:83228:0606/131351.330436:WARNING:aha/electron/cache_file/cache_file_manager.cc:105] not log file, continue: /home/eternity/.config/Trae CN/logs/aha_log/networkservice-0-2026-6-6.alaudalog
[83208:83208:0606/131351.330438:INFO:aha/components/towel/embedder/master_binder.cc:60] [TOWEL]BindMasterInAnyProcess, ProcessType(2)
[83208:83208:0606/131351.330452:INFO:aha/components/towel/embedder/master_binder.cc:52] [TOWEL]BindMasterInBrowser, ProcessType(2)
[83208:83208:0606/131351.330459:INFO:aha/components/towel/embedder/master_binder.cc:55] [TOWEL]BindMasterInBrowser, run in main thread, bind.
[83208:83208:0606/131351.330474:INFO:aha/components/towel/public/provider.cc:76] [TOWEL][Provider::Mount] mount provider, name= BlockDetectorProvider, force_reset=0
[83208:83208:0606/131351.330481:INFO:aha/components/detector/block_detector.cc:143] Towel provider mounted successfully.
[83208:83208:0606/131351.333197:INFO:aha/components/metrics/metrics_base.cc:52] [startup] metric: emitReadyEvent, start
[83208:83208:0606/131351.333475:INFO:aha/components/metrics/metrics_base.cc:64] [startup] metric: emitReadyEvent, end, latency: 0ms
[83208:83208:0606/131351.335215:INFO:content/browser/network_service_instance_impl.cc:451] NetworkService, CreateNetworkServiceParams device_id: 3137328566855434
[83208:83208:0606/131351.335292:INFO:content/browser/network_service_instance_impl.cc:457] NetworkService, CreateNetworkServiceParams access_policy: {"should_use_ttnet":true,"domain_white_list":{"*.trae.ai":["*"],"*.traeapi.us":["*"],"*.mchost.guru":["*"],"*.bytedance.net":["*"],"*.tiktok-row.net":["*"],"*.byteintl.net":["*"],"*.byted.org":["*"],"*.trae.com.cn":["*"],"*.trae.cn":["*"],"*.volces.com":["*"],"*.snssdk.com":["*"],"*.bytedance.com":["*"]},"domain_black_list":{"127.0.0.1":["*"],"::1":["*"],"*.trae.volces.com":["*"]},"enable_detail_log":false}
[83208:83208:0606/131351.337563:INFO:aha/components/monitor/monitor_service_instance_impl.cc:106] [MonitorService] CalculateLocalDeviceId: use init_device_id, device_id: 3137328566855434
[83208:83208:0606/131351.337576:WARNING:aha/components/monitor/monitor_service_instance_impl.cc:141] [MonitorService] Restart: launch monitor service
[83208:83208:0606/131351.339077:INFO:aha/components/perf/collector/perf_collector_cpu.cc:117] PerfCollectorCPU created
[83208:83208:0606/131351.339109:INFO:aha/components/perf/perf_abnormal_observer.cc:452] [PerfAbnormal] CreateInstance, 
[83208:83208:0606/131351.339141:INFO:aha/components/perf/perf_abnormal_observer.cc:421] [PerfAbnormal] PerfAbnormalObserver, 
[83208:83208:0606/131351.339192:INFO:aha/components/perf/collector/perf_collector_base.cc:81] [perf collector][function=Start]  delay 300 seconds
[83208:83208:0606/131351.339207:INFO:aha/components/perf/collector/perf_collector_base.cc:81] [perf collector][function=Start]  delay 5 seconds
[83208:83208:0606/131351.339222:INFO:aha/components/perf/perf_manager_base.cc:427] [perf manager][function = AddProcess] add process:83208
[83208:83208:0606/131351.339259:INFO:aha/components/perf/collector/perf_collector_base.cc:29] [perf collector][function=ShouldCollectProcess] AddProcess pid:83208 cmd:/usr/share/trae-cn/trae-cn
[83208:83208:0606/131351.339279:INFO:aha/components/perf/collector/perf_collector_base.cc:29] [perf collector][function=ShouldCollectProcess] AddProcess pid:83208 cmd:/usr/share/trae-cn/trae-cn
[83208:83208:0606/131351.339295:INFO:aha/components/perf/collector/perf_collector_base.cc:29] [perf collector][function=ShouldCollectProcess] AddProcess pid:83208 cmd:/usr/share/trae-cn/trae-cn
[83208:83208:0606/131351.339305:INFO:aha/components/perf/collector/perf_collector_disk.cc:30] [perf collector][function=SetPath] PerfCollectorDisk::SetPath: 0
[83208:83208:0606/131351.341138:INFO:aha/components/towel/common/master_impl.cc:39] [TOWEL][MasterImpl::AddAPWithId] add ap 1185138991
[83208:83208:0606/131351.341157:INFO:aha/components/towel/common/master_impl.cc:55] [TOWEL][MasterImpl::AddAP] add ap 1185138991
[83208:83208:0606/131351.341176:INFO:aha/components/towel/common/master_impl.cc:39] [TOWEL][MasterImpl::AddAPWithId] add ap 1008975157
[83208:83208:0606/131351.341183:INFO:aha/components/towel/common/master_impl.cc:55] [TOWEL][MasterImpl::AddAP] add ap 1008975157
[83208:83208:0606/131351.341198:INFO:aha/components/towel/common/master_impl.cc:39] [TOWEL][MasterImpl::AddAPWithId] add ap 1391273373
[83208:83208:0606/131351.341204:INFO:aha/components/towel/common/master_impl.cc:55] [TOWEL][MasterImpl::AddAP] add ap 1391273373
[83208:83208:0606/131351.341802:INFO:aha/components/towel/common/master_impl.cc:153] [TOWEL][MasterImpl::RegisterProvider] success BlockDetectorProvider provider size now is 1
[83208:83208:0606/131351.341824:INFO:aha/components/process_observer/aha_process_observer.cc:43] [process observer][process launched] type is:gpu-process, pid is:83262
[83208:83208:0606/131351.341832:INFO:aha/components/towel/embedder/master_binder.cc:60] [TOWEL]BindMasterInAnyProcess, ProcessType(2)
[83208:83208:0606/131351.341839:INFO:aha/components/towel/embedder/master_binder.cc:52] [TOWEL]BindMasterInBrowser, ProcessType(2)
[83208:83208:0606/131351.341845:INFO:aha/components/towel/embedder/master_binder.cc:55] [TOWEL]BindMasterInBrowser, run in main thread, bind.
[83208:83208:0606/131351.341852:INFO:aha/components/towel/common/ap_impl.cc:26] [TOWEL][APImpl::APImpl] create ap, id is RoutingId(-1, 543236939)
[83208:83208:0606/131351.341856:INFO:aha/components/towel/common/ap_impl.cc:31] [TOWEL][APImpl] register to master, current id is RoutingId(-1, 543236939)
[83208:83208:0606/131351.341876:INFO:aha/components/towel/common/static_routing_ap.cc:135] [TOWEL][StaticRoutingAP::TryAddPendingRequest] provider not ready, store request and wait. method monitor::MONITOR_EVENT
[83208:83208:0606/131351.341881:INFO:aha/components/towel/common/static_routing_ap.cc:144] [TOWEL][StaticRoutingAP] start timeout checker
[83208:83208:0606/131351.341889:INFO:aha/components/perf/perf_manager_base.cc:427] [perf manager][function = AddProcess] add process:83262
[83208:83208:0606/131351.341908:INFO:aha/components/perf/collector/perf_collector_base.cc:29] [perf collector][function=ShouldCollectProcess] AddProcess pid:83262 cmd:/usr/share/trae-cn/trae-cn --type=zygote --no-zygote-sandbox --crashpad-handler-pid=83210
[83208:83208:0606/131351.341920:INFO:aha/components/perf/collector/perf_collector_base.cc:29] [perf collector][function=ShouldCollectProcess] AddProcess pid:83262 cmd:/usr/share/trae-cn/trae-cn --type=zygote --no-zygote-sandbox --crashpad-handler-pid=83210
[83208:83208:0606/131351.341931:INFO:aha/components/perf/collector/perf_collector_base.cc:29] [perf collector][function=ShouldCollectProcess] AddProcess pid:83262 cmd:/usr/share/trae-cn/trae-cn --type=zygote --no-zygote-sandbox --crashpad-handler-pid=83210
[83208:83208:0606/131351.344058:INFO:aha/components/process_observer/aha_process_observer.cc:43] [process observer][process launched] type is:NetworkService, pid is:83269
[83208:83208:0606/131351.344078:INFO:aha/components/towel/common/static_routing_ap.cc:135] [TOWEL][StaticRoutingAP::TryAddPendingRequest] provider not ready, store request and wait. method monitor::MONITOR_EVENT
[83208:83208:0606/131351.344085:INFO:aha/components/perf/perf_manager_base.cc:427] [perf manager][function = AddProcess] add process:83269
[83208:83208:0606/131351.344111:INFO:aha/components/perf/collector/perf_collector_base.cc:29] [perf collector][function=ShouldCollectProcess] AddProcess pid:83269 cmd:/proc/self/exe --type=utility --utility-sub-type=network.mojom.NetworkService --lang=zh-CN --service-sandbox-type=none --render-node-override=/dev/dri/renderD129 --crashpad-handler-pid=83210 --enable-crash-reporter=177566f7-f9a4-4531-8f1c-c94b9515485f,no_channel --user-data-dir=/home/eternity/.config/Trae CN --standard-schemes=vscode-webview,vscode-file --enable-sandbox --secure-schemes=vscode-webview,vscode-file --cors-schemes=vscode-webview,vscode-file --fetch-schemes=vscode-webview,vscode-file --service-worker-schemes=vscode-webview --code-cache-schemes=vscode-webview,vscode-file --shared-files=v8_context_snapshot_data:100 --field-trial-handle=3,i,3275674947478690926,14422436082897923813,262144 --enable-features=DocumentPolicyIncludeJSCallStacksInCrashReports,EarlyEstablishGpuChannel,EstablishGpuChannelAsync,PdfUseShowSaveFilePicker --disable-features=CalculateNativeWinOcclusion,LocalNetworkAccessChecks,ScreenAIOCREnabled,SpareRendererForSitePerProcess,TraceSiteInstanceGetProcessCreation --variations-seed-version --trace-process-track-uuid=3190708989122997041
[83208:83208:0606/131351.344129:INFO:aha/components/perf/collector/perf_collector_base.cc:29] [perf collector][function=ShouldCollectProcess] AddProcess pid:83269 cmd:/proc/self/exe --type=utility --utility-sub-type=network.mojom.NetworkService --lang=zh-CN --service-sandbox-type=none --render-node-override=/dev/dri/renderD129 --crashpad-handler-pid=83210 --enable-crash-reporter=177566f7-f9a4-4531-8f1c-c94b9515485f,no_channel --user-data-dir=/home/eternity/.config/Trae CN --standard-schemes=vscode-webview,vscode-file --enable-sandbox --secure-schemes=vscode-webview,vscode-file --cors-schemes=vscode-webview,vscode-file --fetch-schemes=vscode-webview,vscode-file --service-worker-schemes=vscode-webview --code-cache-schemes=vscode-webview,vscode-file --shared-files=v8_context_snapshot_data:100 --field-trial-handle=3,i,3275674947478690926,14422436082897923813,262144 --enable-features=DocumentPolicyIncludeJSCallStacksInCrashReports,EarlyEstablishGpuChannel,EstablishGpuChannelAsync,PdfUseShowSaveFilePicker --disable-features=CalculateNativeWinOcclusion,LocalNetworkAccessChecks,ScreenAIOCREnabled,SpareRendererForSitePerProcess,TraceSiteInstanceGetProcessCreation --variations-seed-version --trace-process-track-uuid=3190708989122997041
[83208:83208:0606/131351.344145:INFO:aha/components/perf/collector/perf_collector_base.cc:29] [perf collector][function=ShouldCollectProcess] AddProcess pid:83269 cmd:/proc/self/exe --type=utility --utility-sub-type=network.mojom.NetworkService --lang=zh-CN --service-sandbox-type=none --render-node-override=/dev/dri/renderD129 --crashpad-handler-pid=83210 --enable-crash-reporter=177566f7-f9a4-4531-8f1c-c94b9515485f,no_channel --user-data-dir=/home/eternity/.config/Trae CN --standard-schemes=vscode-webview,vscode-file --enable-sandbox --secure-schemes=vscode-webview,vscode-file --cors-schemes=vscode-webview,vscode-file --fetch-schemes=vscode-webview,vscode-file --service-worker-schemes=vscode-webview --code-cache-schemes=vscode-webview,vscode-file --shared-files=v8_context_snapshot_data:100 --field-trial-handle=3,i,3275674947478690926,14422436082897923813,262144 --enable-features=DocumentPolicyIncludeJSCallStacksInCrashReports,EarlyEstablishGpuChannel,EstablishGpuChannelAsync,PdfUseShowSaveFilePicker --disable-features=CalculateNativeWinOcclusion,LocalNetworkAccessChecks,ScreenAIOCREnabled,SpareRendererForSitePerProcess,TraceSiteInstanceGetProcessCreation --variations-seed-version --trace-process-track-uuid=3190708989122997041
[83208:83208:0606/131351.345639:INFO:aha/components/process_observer/aha_process_observer.cc:43] [process observer][process launched] type is:MonitorService, pid is:83271
[83208:83208:0606/131351.345654:INFO:aha/components/towel/common/static_routing_ap.cc:135] [TOWEL][StaticRoutingAP::TryAddPendingRequest] provider not ready, store request and wait. method monitor::MONITOR_EVENT
[83208:83208:0606/131351.345660:INFO:aha/components/perf/perf_manager_base.cc:427] [perf manager][function = AddProcess] add process:83271
[83208:83208:0606/131351.345684:INFO:aha/components/perf/collector/perf_collector_base.cc:29] [perf collector][function=ShouldCollectProcess] AddProcess pid:83271 cmd:/proc/self/exe --type=utility --utility-sub-type=monitor.mojom.MonitorService --lang=zh-CN --service-sandbox-type=none --render-node-override=/dev/dri/renderD129 --crashpad-handler-pid=83210 --enable-crash-reporter=177566f7-f9a4-4531-8f1c-c94b9515485f,no_channel --user-data-dir=/home/eternity/.config/Trae CN --standard-schemes=vscode-webview,vscode-file --enable-sandbox --secure-schemes=vscode-webview,vscode-file --cors-schemes=vscode-webview,vscode-file --fetch-schemes=vscode-webview,vscode-file --service-worker-schemes=vscode-webview --code-cache-schemes=vscode-webview,vscode-file --shared-files=v8_context_snapshot_data:100 --field-trial-handle=3,i,3275674947478690926,14422436082897923813,262144 --enable-features=DocumentPolicyIncludeJSCallStacksInCrashReports,EarlyEstablishGpuChannel,EstablishGpuChannelAsync,PdfUseShowSaveFilePicker --disable-features=CalculateNativeWinOcclusion,LocalNetworkAccessChecks,ScreenAIOCREnabled,SpareRendererForSitePerProcess,TraceSiteInstanceGetProcessCreation --variations-seed-version --trace-process-track-uuid=3190708990060038890
[83208:83208:0606/131351.345701:INFO:aha/components/perf/collector/perf_collector_base.cc:29] [perf collector][function=ShouldCollectProcess] AddProcess pid:83271 cmd:/proc/self/exe --type=utility --utility-sub-type=monitor.mojom.MonitorService --lang=zh-CN --service-sandbox-type=none --render-node-override=/dev/dri/renderD129 --crashpad-handler-pid=83210 --enable-crash-reporter=177566f7-f9a4-4531-8f1c-c94b9515485f,no_channel --user-data-dir=/home/eternity/.config/Trae CN --standard-schemes=vscode-webview,vscode-file --enable-sandbox --secure-schemes=vscode-webview,vscode-file --cors-schemes=vscode-webview,vscode-file --fetch-schemes=vscode-webview,vscode-file --service-worker-schemes=vscode-webview --code-cache-schemes=vscode-webview,vscode-file --shared-files=v8_context_snapshot_data:100 --field-trial-handle=3,i,3275674947478690926,14422436082897923813,262144 --enable-features=DocumentPolicyIncludeJSCallStacksInCrashReports,EarlyEstablishGpuChannel,EstablishGpuChannelAsync,PdfUseShowSaveFilePicker --disable-features=CalculateNativeWinOcclusion,LocalNetworkAccessChecks,ScreenAIOCREnabled,SpareRendererForSitePerProcess,TraceSiteInstanceGetProcessCreation --variations-seed-version --trace-process-track-uuid=3190708990060038890
[83208:83208:0606/131351.345715:INFO:aha/components/perf/collector/perf_collector_base.cc:29] [perf collector][function=ShouldCollectProcess] AddProcess pid:83271 cmd:/proc/self/exe --type=utility --utility-sub-type=monitor.mojom.MonitorService --lang=zh-CN --service-sandbox-type=none --render-node-override=/dev/dri/renderD129 --crashpad-handler-pid=83210 --enable-crash-reporter=177566f7-f9a4-4531-8f1c-c94b9515485f,no_channel --user-data-dir=/home/eternity/.config/Trae CN --standard-schemes=vscode-webview,vscode-file --enable-sandbox --secure-schemes=vscode-webview,vscode-file --cors-schemes=vscode-webview,vscode-file --fetch-schemes=vscode-webview,vscode-file --service-worker-schemes=vscode-webview --code-cache-schemes=vscode-webview,vscode-file --shared-files=v8_context_snapshot_data:100 --field-trial-handle=3,i,3275674947478690926,14422436082897923813,262144 --enable-features=DocumentPolicyIncludeJSCallStacksInCrashReports,EarlyEstablishGpuChannel,EstablishGpuChannelAsync,PdfUseShowSaveFilePicker --disable-features=CalculateNativeWinOcclusion,LocalNetworkAccessChecks,ScreenAIOCREnabled,SpareRendererForSitePerProcess,TraceSiteInstanceGetProcessCreation --variations-seed-version --trace-process-track-uuid=3190708990060038890
[83208:83208:0606/131351.345740:INFO:aha/components/perf/collector/perf_collector_system.cc:55] get manufacturer:MECHREVO
[83208:83208:0606/131351.345750:INFO:aha/components/towel/common/static_routing_ap.cc:135] [TOWEL][StaticRoutingAP::TryAddPendingRequest] provider not ready, store request and wait. method monitor::MONITOR_EVENT
[83208:83208:0606/131351.345755:INFO:aha/components/perf/perf_manager_base.cc:397] [perf manager][function = RecordLaunchInner] [device info] , total_memory:31249, sys_uptime:21, cpu_count:16, cpu_model:AMD Ryzen 7 7745HX with Radeon Graphics, sys_version:7.0.10-zen1-1-zen, hardware_model:, manufacturer:MECHREVO, touch_screen_availability:0, app_arch:x86_64, chip_arch:x86_64
[83208:83208:0606/131351.345769:INFO:aha/components/towel/common/static_routing_ap.cc:135] [TOWEL][StaticRoutingAP::TryAddPendingRequest] provider not ready, store request and wait. method monitor::MONITOR_EVENT
[83208:83208:0606/131351.345776:INFO:aha/components/perf/perf_manager_base.cc:608] [perf manager][function = CollectDiskInfo]  PerfManagerBase::CollectDiskInfo 
[83208:83228:0606/131351.345794:INFO:aha/components/perf/collector/perf_collector_disk.cc:14] [perf collector][function=Collect] PerfCollectorDisk::Collect: 1
[83208:83208:0606/131351.345836:INFO:aha/components/towel/common/ap_impl.cc:416] [TOWEL][APImpl::OnAddToMaster] real_id is RoutingId(83208, 1185138991), fake_id is RoutingId(-1, 1955106863)
[83208:83208:0606/131351.345842:INFO:aha/components/towel/common/ap_impl.cc:594] [TOWEL][APImpl::ListensEvents] start, RoutingId(83208, 1185138991)
[83208:83208:0606/131351.345846:INFO:aha/components/towel/common/ap_impl.cc:596] [TOWEL][APImpl::ListensEvents] no pending_listen_requests_, do nothing
[83208:83208:0606/131351.345865:INFO:aha/components/towel/common/master_impl.cc:193] [TOWEL][MasterImpl::GetAllProviders] provider size is 1 given size is 1
[83208:83208:0606/131351.345878:INFO:aha/components/towel/common/ap_impl.cc:416] [TOWEL][APImpl::OnAddToMaster] real_id is RoutingId(83208, 1008975157), fake_id is RoutingId(-1, 1048288354)
[83208:83208:0606/131351.345884:INFO:aha/components/towel/common/ap_impl.cc:594] [TOWEL][APImpl::ListensEvents] start, RoutingId(83208, 1008975157)
[83208:83208:0606/131351.345888:INFO:aha/components/towel/common/ap_impl.cc:596] [TOWEL][APImpl::ListensEvents] no pending_listen_requests_, do nothing
[83208:83208:0606/131351.345896:INFO:aha/components/towel/common/master_impl.cc:193] [TOWEL][MasterImpl::GetAllProviders] provider size is 1 given size is 1
[83208:83208:0606/131351.345906:INFO:aha/components/towel/common/ap_impl.cc:416] [TOWEL][APImpl::OnAddToMaster] real_id is RoutingId(83208, 1391273373), fake_id is RoutingId(-1, 1048288354)
[83208:83208:0606/131351.345911:INFO:aha/components/towel/common/ap_impl.cc:594] [TOWEL][APImpl::ListensEvents] start, RoutingId(83208, 1391273373)
[83208:83208:0606/131351.345915:INFO:aha/components/towel/common/ap_impl.cc:596] [TOWEL][APImpl::ListensEvents] no pending_listen_requests_, do nothing
[83208:83208:0606/131351.345924:INFO:aha/components/towel/common/master_impl.cc:193] [TOWEL][MasterImpl::GetAllProviders] provider size is 1 given size is 1
[83208:83208:0606/131351.345982:INFO:aha/components/towel/common/ap_impl.cc:406] [TOWEL][APImpl::OnProviderAdded] provider_name BlockDetectorProvider, RoutingId(83208, 1008975157)
[83208:83208:0606/131351.345988:INFO:aha/components/towel/common/static_routing_ap.cc:181] [TOWEL][StaticRoutingAP::RunPendingRequestAndEvents] provider_name= BlockDetectorProvider
[83208:83208:0606/131351.346000:INFO:aha/components/towel/common/ap_impl.cc:406] [TOWEL][APImpl::OnProviderAdded] provider_name BlockDetectorProvider, RoutingId(83208, 1185138991)
[83208:83208:0606/131351.346005:INFO:aha/components/ipc/ipc_client.cc:172] [AhaIpc] provider connected, name: BlockDetectorProvider
[83208:83208:0606/131351.346009:INFO:aha/components/towel/common/static_routing_ap.cc:181] [TOWEL][StaticRoutingAP::RunPendingRequestAndEvents] provider_name= BlockDetectorProvider
[83208:83208:0606/131351.346019:INFO:aha/components/towel/common/ap_impl.cc:406] [TOWEL][APImpl::OnProviderAdded] provider_name BlockDetectorProvider, RoutingId(83208, 1391273373)
[83208:83208:0606/131351.346023:INFO:aha/components/towel/common/static_routing_ap.cc:181] [TOWEL][StaticRoutingAP::RunPendingRequestAndEvents] provider_name= BlockDetectorProvider
[83208:83208:0606/131351.346034:INFO:aha/components/towel/common/master_impl.cc:39] [TOWEL][MasterImpl::AddAPWithId] add ap 1060735715
[83208:83208:0606/131351.346039:INFO:aha/components/towel/common/master_impl.cc:55] [TOWEL][MasterImpl::AddAP] add ap 1060735715
[83208:83208:0606/131351.346444:INFO:aha/components/towel/common/static_routing_ap.cc:135] [TOWEL][StaticRoutingAP::TryAddPendingRequest] provider not ready, store request and wait. method monitor::MONITOR_EVENT
[83208:83208:0606/131351.346458:INFO:aha/components/perf/perf_logger.cc:36] [perf logger] [disk] free:251332MB total:372736MB
[83208:83208:0606/131351.346475:INFO:aha/components/towel/common/ap_impl.cc:511] [TOWEL][APImpl::OnGetAllProviders]: RoutingId(83208, 1185138991) provider size 1
[83208:83208:0606/131351.346484:INFO:aha/components/towel/common/ap_impl.cc:520] [TOWEL][APImpl::OnGetAllProviders] add provider BlockDetectorProvider
[83208:83208:0606/131351.346494:INFO:aha/components/towel/common/static_routing_ap.cc:181] [TOWEL][StaticRoutingAP::RunPendingRequestAndEvents] provider_name= BlockDetectorProvider
[83208:83208:0606/131351.346502:INFO:aha/components/towel/common/ap_impl.cc:511] [TOWEL][APImpl::OnGetAllProviders]: RoutingId(83208, 1008975157) provider size 1
[83208:83208:0606/131351.346508:INFO:aha/components/towel/common/ap_impl.cc:520] [TOWEL][APImpl::OnGetAllProviders] add provider BlockDetectorProvider
[83208:83208:0606/131351.346515:INFO:aha/components/towel/common/static_routing_ap.cc:181] [TOWEL][StaticRoutingAP::RunPendingRequestAndEvents] provider_name= BlockDetectorProvider
[83208:83208:0606/131351.346521:INFO:aha/components/towel/common/ap_impl.cc:511] [TOWEL][APImpl::OnGetAllProviders]: RoutingId(83208, 1391273373) provider size 1
[83208:83208:0606/131351.346527:INFO:aha/components/towel/common/ap_impl.cc:520] [TOWEL][APImpl::OnGetAllProviders] add provider BlockDetectorProvider
[83208:83208:0606/131351.346534:INFO:aha/components/towel/common/static_routing_ap.cc:181] [TOWEL][StaticRoutingAP::RunPendingRequestAndEvents] provider_name= BlockDetectorProvider
[83208:83208:0606/131351.346580:INFO:aha/components/towel/public/provider.cc:196] [TOWEL][Provider::GetMetaInfo] provider BlockDetectorProvider, method_size is 1 method_list is BlockDetector::HEART_BEAT
[83208:83208:0606/131351.346591:INFO:aha/components/towel/common/ap_impl.cc:416] [TOWEL][APImpl::OnAddToMaster] real_id is RoutingId(83208, 1060735715), fake_id is RoutingId(-1, 543236939)
[83208:83208:0606/131351.346595:INFO:aha/components/towel/common/ap_impl.cc:594] [TOWEL][APImpl::ListensEvents] start, RoutingId(83208, 1060735715)
[83208:83208:0606/131351.346599:INFO:aha/components/towel/common/ap_impl.cc:596] [TOWEL][APImpl::ListensEvents] no pending_listen_requests_, do nothing
[83208:83208:0606/131351.346608:INFO:aha/components/towel/common/master_impl.cc:193] [TOWEL][MasterImpl::GetAllProviders] provider size is 1 given size is 1
[83208:83208:0606/131351.346832:INFO:aha/components/towel/public/provider.cc:196] [TOWEL][Provider::GetMetaInfo] provider BlockDetectorProvider, method_size is 1 method_list is BlockDetector::HEART_BEAT
[83208:83208:0606/131351.346848:INFO:aha/components/towel/public/provider.cc:196] [TOWEL][Provider::GetMetaInfo] provider BlockDetectorProvider, method_size is 1 method_list is BlockDetector::HEART_BEAT
[83208:83208:0606/131351.346856:INFO:aha/components/towel/public/provider.cc:196] [TOWEL][Provider::GetMetaInfo] provider BlockDetectorProvider, method_size is 1 method_list is BlockDetector::HEART_BEAT
[83208:83208:0606/131351.346864:INFO:aha/components/towel/public/provider.cc:196] [TOWEL][Provider::GetMetaInfo] provider BlockDetectorProvider, method_size is 1 method_list is BlockDetector::HEART_BEAT
[83208:83208:0606/131351.346871:INFO:aha/components/towel/public/provider.cc:196] [TOWEL][Provider::GetMetaInfo] provider BlockDetectorProvider, method_size is 1 method_list is BlockDetector::HEART_BEAT
[83208:83208:0606/131351.346880:INFO:aha/components/towel/common/ap_impl.cc:530] [TOWEL][APImpl::OnGetProviderMetaInfo]: RoutingId(83208, 1008975157) provider BlockDetectorProvider
[83208:83208:0606/131351.346884:INFO:aha/components/towel/common/ap_impl.cc:540] [TOWEL][APImpl::OnGetProviderMetaInfo] update meta info for BlockDetectorProvider method_list is BlockDetector::HEART_BEAT, event_list is 
[83208:83208:0606/131351.346888:INFO:aha/components/towel/common/static_routing_ap.cc:181] [TOWEL][StaticRoutingAP::RunPendingRequestAndEvents] provider_name= BlockDetectorProvider
[83208:83208:0606/131351.346906:INFO:aha/components/towel/common/ap_impl.cc:511] [TOWEL][APImpl::OnGetAllProviders]: RoutingId(83208, 1060735715) provider size 1
[83208:83208:0606/131351.346919:INFO:aha/components/towel/common/ap_impl.cc:520] [TOWEL][APImpl::OnGetAllProviders] add provider BlockDetectorProvider
[83208:83208:0606/131351.346923:INFO:aha/components/towel/common/static_routing_ap.cc:181] [TOWEL][StaticRoutingAP::RunPendingRequestAndEvents] provider_name= BlockDetectorProvider
[83208:83208:0606/131351.346960:INFO:aha/components/towel/common/ap_impl.cc:530] [TOWEL][APImpl::OnGetProviderMetaInfo]: RoutingId(83208, 1185138991) provider BlockDetectorProvider
[83208:83208:0606/131351.346967:INFO:aha/components/towel/common/ap_impl.cc:540] [TOWEL][APImpl::OnGetProviderMetaInfo] update meta info for BlockDetectorProvider method_list is BlockDetector::HEART_BEAT, event_list is 
[83208:83208:0606/131351.346971:INFO:aha/components/towel/common/static_routing_ap.cc:181] [TOWEL][StaticRoutingAP::RunPendingRequestAndEvents] provider_name= BlockDetectorProvider
[83208:83208:0606/131351.346978:INFO:aha/components/towel/common/ap_impl.cc:530] [TOWEL][APImpl::OnGetProviderMetaInfo]: RoutingId(83208, 1391273373) provider BlockDetectorProvider
[83208:83208:0606/131351.346981:INFO:aha/components/towel/common/ap_impl.cc:540] [TOWEL][APImpl::OnGetProviderMetaInfo] update meta info for BlockDetectorProvider method_list is BlockDetector::HEART_BEAT, event_list is 
[83208:83208:0606/131351.346985:INFO:aha/components/towel/common/static_routing_ap.cc:181] [TOWEL][StaticRoutingAP::RunPendingRequestAndEvents] provider_name= BlockDetectorProvider
[83208:83208:0606/131351.347007:INFO:aha/components/towel/public/provider.cc:196] [TOWEL][Provider::GetMetaInfo] provider BlockDetectorProvider, method_size is 1 method_list is BlockDetector::HEART_BEAT
[83208:83208:0606/131351.347017:INFO:aha/components/towel/common/ap_impl.cc:530] [TOWEL][APImpl::OnGetProviderMetaInfo]: RoutingId(83208, 1060735715) provider BlockDetectorProvider
[83208:83208:0606/131351.347021:INFO:aha/components/towel/common/ap_impl.cc:540] [TOWEL][APImpl::OnGetProviderMetaInfo] update meta info for BlockDetectorProvider method_list is BlockDetector::HEART_BEAT, event_list is 
[83208:83208:0606/131351.347025:INFO:aha/components/towel/common/static_routing_ap.cc:181] [TOWEL][StaticRoutingAP::RunPendingRequestAndEvents] provider_name= BlockDetectorProvider
[83208:83208:0606/131351.393265:INFO:aha/components/towel/common/static_routing_ap.cc:135] [TOWEL][StaticRoutingAP::TryAddPendingRequest] provider not ready, store request and wait. method AhaNet::UpdateAhaNetAccessPolicy
[83208:83208:0606/131351.393294:INFO:aha/components/towel/common/static_routing_ap.cc:144] [TOWEL][StaticRoutingAP] start timeout checker
[83208:83208:0606/131351.399948:ERROR:electron/shell/browser/electron_browser_client.cc:1933] bind receiver for utility
[83208:83208:0606/131351.399961:INFO:aha/components/towel/embedder/master_binder.cc:52] [TOWEL]BindMasterInBrowser, ProcessType(2)
[83208:83208:0606/131351.399974:INFO:aha/components/towel/embedder/master_binder.cc:55] [TOWEL]BindMasterInBrowser, run in main thread, bind.
[83208:83208:0606/131351.399981:ERROR:electron/shell/browser/electron_browser_client.cc:1933] bind receiver for utility
[83208:83208:0606/131351.399986:INFO:aha/components/towel/embedder/master_binder.cc:52] [TOWEL]BindMasterInBrowser, ProcessType(2)
[83208:83208:0606/131351.399991:INFO:aha/components/towel/embedder/master_binder.cc:55] [TOWEL]BindMasterInBrowser, run in main thread, bind.
[83208:83208:0606/131351.400045:ERROR:electron/shell/browser/electron_browser_client.cc:1933] bind receiver for utility
[83208:83208:0606/131351.400051:INFO:aha/components/towel/embedder/master_binder.cc:52] [TOWEL]BindMasterInBrowser, ProcessType(2)
[83208:83208:0606/131351.400056:INFO:aha/components/towel/embedder/master_binder.cc:55] [TOWEL]BindMasterInBrowser, run in main thread, bind.
[83208:83208:0606/131351.400593:INFO:aha/components/towel/common/master_impl.cc:153] [TOWEL][MasterImpl::RegisterProvider] success AhaNet provider size now is 2
[83208:83208:0606/131351.400619:INFO:aha/components/towel/common/master_impl.cc:39] [TOWEL][MasterImpl::AddAPWithId] add ap 600683663
[83208:83208:0606/131351.400633:INFO:aha/components/towel/common/master_impl.cc:55] [TOWEL][MasterImpl::AddAP] add ap 600683663
[83208:83208:0606/131351.400700:INFO:aha/components/towel/common/master_impl.cc:153] [TOWEL][MasterImpl::RegisterProvider] success monitor provider size now is 3
[83208:83208:0606/131351.401219:INFO:aha/components/towel/common/ap_impl.cc:406] [TOWEL][APImpl::OnProviderAdded] provider_name AhaNet, RoutingId(83208, 1008975157)
[83208:83208:0606/131351.401229:INFO:aha/components/towel/common/static_routing_ap.cc:181] [TOWEL][StaticRoutingAP::RunPendingRequestAndEvents] provider_name= AhaNet
[83208:83208:0606/131351.401246:INFO:aha/components/towel/common/ap_impl.cc:406] [TOWEL][APImpl::OnProviderAdded] provider_name AhaNet, RoutingId(83208, 1060735715)
[83208:83208:0606/131351.401251:INFO:aha/components/monitor/monitor.cc:129] [Monitor] OnProviderConnected: OnProviderConnected, name: AhaNet
[83208:83208:0606/131351.401255:INFO:aha/components/towel/common/static_routing_ap.cc:181] [TOWEL][StaticRoutingAP::RunPendingRequestAndEvents] provider_name= AhaNet
[83208:83208:0606/131351.401267:INFO:aha/components/towel/common/ap_impl.cc:406] [TOWEL][APImpl::OnProviderAdded] provider_name AhaNet, RoutingId(83208, 1185138991)
[83208:83208:0606/131351.401272:INFO:aha/components/ipc/ipc_client.cc:172] [AhaIpc] provider connected, name: AhaNet
[83208:83208:0606/131351.401276:INFO:aha/components/towel/common/static_routing_ap.cc:181] [TOWEL][StaticRoutingAP::RunPendingRequestAndEvents] provider_name= AhaNet
[83208:83208:0606/131351.401291:INFO:aha/components/towel/common/ap_impl.cc:406] [TOWEL][APImpl::OnProviderAdded] provider_name AhaNet, RoutingId(83208, 1391273373)
[83208:83208:0606/131351.401296:INFO:aha/services/aha_net/aha_net_client_impl.cc:80] AhaNet provider connected
[83208:83208:0606/131351.401300:INFO:aha/services/aha_net/aha_net_client_impl.cc:82] listen to provider
[83208:83208:0606/131351.401305:WARNING:aha/components/towel/common/ap_impl.cc:220] [TOWEL][APImpl::ListensEvents] no provider for event AhaNet::TNCConfigUpdated
[83208:83208:0606/131351.401309:INFO:aha/components/towel/common/ap_impl.cc:594] [TOWEL][APImpl::ListensEvents] start, RoutingId(83208, 1391273373)
[83208:83208:0606/131351.401313:INFO:aha/components/towel/common/ap_impl.cc:596] [TOWEL][APImpl::ListensEvents] no pending_listen_requests_, do nothing
[83208:83208:0606/131351.401317:INFO:aha/components/towel/common/static_routing_ap.cc:171] [TOWEL][StaticRoutingAP::TryAddPendingEvents] provider not ready, store event and wait. event AhaNet::TNCConfigUpdated
[83208:83208:0606/131351.401321:INFO:aha/components/towel/common/static_routing_ap.cc:181] [TOWEL][StaticRoutingAP::RunPendingRequestAndEvents] provider_name= AhaNet
[83208:83208:0606/131351.401325:INFO:aha/components/towel/common/static_routing_ap.cc:195] [TOWEL][StaticRoutingAP::RunPendingEvents] run pending events, event_list is AhaNet::TNCConfigUpdated,AhaNet::TNCConfigUpdated
[83208:83208:0606/131351.401333:INFO:aha/components/towel/common/static_routing_ap.cc:217] [TOWEL][StaticRoutingAP::RunPendingRequestAndEvents] run pending requests, method= AhaNet::UpdateAhaNetAccessPolicy
[83208:83208:0606/131351.401359:INFO:aha/components/towel/common/master_impl.cc:193] [TOWEL][MasterImpl::GetAllProviders] provider size is 3 given size is 3
[83208:83208:0606/131351.442895:INFO:aha/components/towel/common/ap_impl.cc:406] [TOWEL][APImpl::OnProviderAdded] provider_name monitor, RoutingId(83208, 1008975157)
[83208:83208:0606/131351.442917:INFO:aha/components/towel/common/static_routing_ap.cc:181] [TOWEL][StaticRoutingAP::RunPendingRequestAndEvents] provider_name= monitor
[83208:83208:0606/131351.442930:INFO:aha/components/towel/common/ap_impl.cc:530] [TOWEL][APImpl::OnGetProviderMetaInfo]: RoutingId(83208, 1008975157) provider AhaNet
[83208:83208:0606/131351.442935:INFO:aha/components/towel/common/ap_impl.cc:540] [TOWEL][APImpl::OnGetProviderMetaInfo] update meta info for AhaNet method_list is AhaNet::UpdateAhaNetAccessPolicy|AhaNet::UpdateTNCConfig|AhaNet::SetProxy|AhaNet::WsCreate|AhaNet::WsConnect|AhaNet::WsSend|AhaNet::WsDisconnect|AhaNet::WsDestroy, event_list is AhaNet::WsMessage|AhaNet::WsStatusChanged|AhaNet::WsError|AhaNet::TNCConfigUpdated
[83208:83208:0606/131351.442945:INFO:aha/components/towel/common/static_routing_ap.cc:181] [TOWEL][StaticRoutingAP::RunPendingRequestAndEvents] provider_name= AhaNet
[83208:83208:0606/131351.442972:INFO:aha/components/towel/common/ap_impl.cc:406] [TOWEL][APImpl::OnProviderAdded] provider_name monitor, RoutingId(83208, 1060735715)
[83208:83208:0606/131351.442977:INFO:aha/components/monitor/monitor.cc:129] [Monitor] OnProviderConnected: OnProviderConnected, name: monitor
[83208:83208:0606/131351.442981:INFO:aha/components/towel/common/static_routing_ap.cc:181] [TOWEL][StaticRoutingAP::RunPendingRequestAndEvents] provider_name= monitor
[83208:83208:0606/131351.442985:INFO:aha/components/towel/common/static_routing_ap.cc:217] [TOWEL][StaticRoutingAP::RunPendingRequestAndEvents] run pending requests, method= monitor::MONITOR_EVENT
[83208:83208:0606/131351.442994:INFO:aha/components/towel/common/static_routing_ap.cc:217] [TOWEL][StaticRoutingAP::RunPendingRequestAndEvents] run pending requests, method= monitor::MONITOR_EVENT
[83208:83208:0606/131351.443002:INFO:aha/components/towel/common/static_routing_ap.cc:217] [TOWEL][StaticRoutingAP::RunPendingRequestAndEvents] run pending requests, method= monitor::MONITOR_EVENT
[83208:83208:0606/131351.443009:INFO:aha/components/towel/common/static_routing_ap.cc:217] [TOWEL][StaticRoutingAP::RunPendingRequestAndEvents] run pending requests, method= monitor::MONITOR_EVENT
[83208:83208:0606/131351.443016:INFO:aha/components/towel/common/static_routing_ap.cc:217] [TOWEL][StaticRoutingAP::RunPendingRequestAndEvents] run pending requests, method= monitor::MONITOR_EVENT
[83208:83208:0606/131351.443024:INFO:aha/components/towel/common/static_routing_ap.cc:217] [TOWEL][StaticRoutingAP::RunPendingRequestAndEvents] run pending requests, method= monitor::MONITOR_EVENT
[83208:83208:0606/131351.443036:INFO:aha/components/towel/common/ap_impl.cc:530] [TOWEL][APImpl::OnGetProviderMetaInfo]: RoutingId(83208, 1060735715) provider AhaNet
[83208:83208:0606/131351.443040:INFO:aha/components/towel/common/ap_impl.cc:540] [TOWEL][APImpl::OnGetProviderMetaInfo] update meta info for AhaNet method_list is AhaNet::UpdateAhaNetAccessPolicy|AhaNet::UpdateTNCConfig|AhaNet::SetProxy|AhaNet::WsCreate|AhaNet::WsConnect|AhaNet::WsSend|AhaNet::WsDisconnect|AhaNet::WsDestroy, event_list is AhaNet::WsMessage|AhaNet::WsStatusChanged|AhaNet::WsError|AhaNet::TNCConfigUpdated
[83208:83208:0606/131351.443045:INFO:aha/components/towel/common/static_routing_ap.cc:181] [TOWEL][StaticRoutingAP::RunPendingRequestAndEvents] provider_name= AhaNet
[83208:83208:0606/131351.443058:INFO:aha/components/towel/common/ap_impl.cc:406] [TOWEL][APImpl::OnProviderAdded] provider_name monitor, RoutingId(83208, 1185138991)
[83208:83208:0606/131351.443063:INFO:aha/components/ipc/ipc_client.cc:172] [AhaIpc] provider connected, name: monitor
[83208:83208:0606/131351.443067:INFO:aha/components/towel/common/static_routing_ap.cc:181] [TOWEL][StaticRoutingAP::RunPendingRequestAndEvents] provider_name= monitor
[83208:83208:0606/131351.443075:INFO:aha/components/towel/common/ap_impl.cc:530] [TOWEL][APImpl::OnGetProviderMetaInfo]: RoutingId(83208, 1185138991) provider AhaNet
[83208:83208:0606/131351.443079:INFO:aha/components/towel/common/ap_impl.cc:540] [TOWEL][APImpl::OnGetProviderMetaInfo] update meta info for AhaNet method_list is AhaNet::UpdateAhaNetAccessPolicy|AhaNet::UpdateTNCConfig|AhaNet::SetProxy|AhaNet::WsCreate|AhaNet::WsConnect|AhaNet::WsSend|AhaNet::WsDisconnect|AhaNet::WsDestroy, event_list is AhaNet::WsMessage|AhaNet::WsStatusChanged|AhaNet::WsError|AhaNet::TNCConfigUpdated
[83208:83208:0606/131351.443083:INFO:aha/components/towel/common/static_routing_ap.cc:181] [TOWEL][StaticRoutingAP::RunPendingRequestAndEvents] provider_name= AhaNet
[83208:83208:0606/131351.443095:INFO:aha/components/towel/common/ap_impl.cc:530] [TOWEL][APImpl::OnGetProviderMetaInfo]: RoutingId(83208, 1391273373) provider AhaNet
[83208:83208:0606/131351.443101:INFO:aha/components/towel/common/ap_impl.cc:540] [TOWEL][APImpl::OnGetProviderMetaInfo] update meta info for AhaNet method_list is AhaNet::UpdateAhaNetAccessPolicy|AhaNet::UpdateTNCConfig|AhaNet::SetProxy|AhaNet::WsCreate|AhaNet::WsConnect|AhaNet::WsSend|AhaNet::WsDisconnect|AhaNet::WsDestroy, event_list is AhaNet::WsMessage|AhaNet::WsStatusChanged|AhaNet::WsError|AhaNet::TNCConfigUpdated
[83208:83208:0606/131351.443105:INFO:aha/components/towel/common/static_routing_ap.cc:181] [TOWEL][StaticRoutingAP::RunPendingRequestAndEvents] provider_name= AhaNet
[83208:83208:0606/131351.443118:INFO:aha/components/towel/common/ap_impl.cc:406] [TOWEL][APImpl::OnProviderAdded] provider_name monitor, RoutingId(83208, 1391273373)
[83208:83208:0606/131351.443122:INFO:aha/components/towel/common/static_routing_ap.cc:181] [TOWEL][StaticRoutingAP::RunPendingRequestAndEvents] provider_name= monitor
[83208:83208:0606/131351.443145:INFO:aha/components/towel/common/master_impl.cc:78] [TOWEL][MasterImpl::BindAP] success for 1391273373
[83208:83208:0606/131351.449249:INFO:aha/components/monitor/monitor.cc:115] [Monitor] SetDisableReport: SetDisableReport, disable_report: 0
[83210:83210:0606/131351.449287:INFO:third_party/crashpad/crashpad/handler/linux/crash_report_exception_handler.cc:322] [Crashpad] Append global param key: device_id
[83208:83208:0606/131351.449320:INFO:aha/components/monitor/monitor_service_instance_impl.cc:184] [MonitorService] UpdateConfig: UpdateConfig, device_id: 3137328566855434, user_id: 
[83210:83213:0606/131351.449339:INFO:aha/third_party/parfait/aha/parfait_client.cc:99] [Parfait] update ParfaitClient with config
	pft_version=1.3.0.0
	user_id=
	device_id=3137328566855434
	session_id=
	data_report_url=https://pc-mon.zijieapi.com/monitor_pc/collect/api/pc_log
	crash_report_url=https://pc-mon.zijieapi.com/monitor_pc/collect/api/pc_crash
	block_report_url=https://pc-mon.zijieapi.com/monitor_pc/collect/api/pc_jank
	matrix_report_url=https://pc-mon.zijieapi.com/monitor_pc/collect/api/pc_matrix
	settings_url=
	tenant_id=
[83210:83210:0606/131351.449369:INFO:third_party/crashpad/crashpad/handler/linux/crash_report_exception_handler.cc:322] [Crashpad] Append global param key: machineId
[83210:83210:0606/131351.449399:INFO:third_party/crashpad/crashpad/handler/linux/crash_report_exception_handler.cc:322] [Crashpad] Append global param key: release
[83210:83210:0606/131351.449425:INFO:third_party/crashpad/crashpad/handler/linux/crash_report_exception_handler.cc:322] [Crashpad] Append global param key: hostname
[83210:83210:0606/131351.449455:INFO:third_party/crashpad/crashpad/handler/linux/crash_report_exception_handler.cc:322] [Crashpad] Append global param key: memory
[83210:83210:0606/131351.449476:INFO:third_party/crashpad/crashpad/handler/linux/crash_report_exception_handler.cc:322] [Crashpad] Append global param key: cpu
[83210:83210:0606/131351.449496:INFO:third_party/crashpad/crashpad/handler/linux/crash_report_exception_handler.cc:322] [Crashpad] Append global param key: memoryUsagePercentage
[83210:83210:0606/131351.449514:INFO:third_party/crashpad/crashpad/handler/linux/crash_report_exception_handler.cc:322] [Crashpad] Append global param key: usage
[83210:83210:0606/131351.449674:INFO:third_party/crashpad/crashpad/handler/linux/crash_report_exception_handler.cc:322] [Crashpad] Append global param key: region
[83208:83208:0606/131351.449980:INFO:aha/components/towel/embedder/master_binder.cc:60] [TOWEL]BindMasterInAnyProcess, ProcessType(2)
[83208:83208:0606/131351.449990:INFO:aha/components/towel/embedder/master_binder.cc:52] [TOWEL]BindMasterInBrowser, ProcessType(2)
[83208:83208:0606/131351.450003:INFO:aha/components/towel/embedder/master_binder.cc:55] [TOWEL]BindMasterInBrowser, run in main thread, bind.
[83208:83208:0606/131351.450022:INFO:aha/components/towel/public/provider.cc:76] [TOWEL][Provider::Mount] mount provider, name= trae-cn-config-channel, force_reset=0
[83208:83208:0606/131351.450954:INFO:aha/components/ipc/ipc_client.cc:41] [AhaIpc] listen to server first time, server=ai-agent
[83208:83208:0606/131351.450968:WARNING:aha/components/towel/common/ap_impl.cc:220] [TOWEL][APImpl::ListensEvents] no provider for event ai-agent::PUSH_PACKET
[83208:83208:0606/131351.450974:INFO:aha/components/towel/common/ap_impl.cc:594] [TOWEL][APImpl::ListensEvents] start, RoutingId(83208, 1185138991)
[83208:83208:0606/131351.450978:INFO:aha/components/towel/common/ap_impl.cc:596] [TOWEL][APImpl::ListensEvents] no pending_listen_requests_, do nothing
[83208:83208:0606/131351.450983:INFO:aha/components/towel/common/static_routing_ap.cc:171] [TOWEL][StaticRoutingAP::TryAddPendingEvents] provider not ready, store event and wait. event ai-agent::PUSH_PACKET
[83208:83208:0606/131351.450991:INFO:aha/components/towel/common/static_routing_ap.cc:135] [TOWEL][StaticRoutingAP::TryAddPendingRequest] provider not ready, store request and wait. method ai-agent::SEND
[83208:83208:0606/131351.450995:INFO:aha/components/towel/common/static_routing_ap.cc:144] [TOWEL][StaticRoutingAP] start timeout checker
[83208:83208:0606/131351.453492:INFO:aha/components/perf/system_monitor/perf_system_monitor.cc:57] PerfSystemMonitor::Start, interval 15 s
[83208:83208:0606/131351.459150:INFO:aha/components/monitor/monitor.cc:115] [Monitor] SetDisableReport: SetDisableReport, disable_report: 0
[83210:83210:0606/131351.459194:INFO:third_party/crashpad/crashpad/handler/linux/crash_report_exception_handler.cc:322] [Crashpad] Append global param key: user_id
[83210:83210:0606/131351.459242:INFO:third_party/crashpad/crashpad/handler/linux/crash_report_exception_handler.cc:322] [Crashpad] Append global param key: device_id
[83210:83213:0606/131351.459251:INFO:aha/third_party/parfait/aha/parfait_client.cc:99] [Parfait] update ParfaitClient with config
	pft_version=1.3.0.0
	user_id=3062614231880660
	device_id=3137328566855434
	session_id=
	data_report_url=https://pc-mon.zijieapi.com/monitor_pc/collect/api/pc_log
	crash_report_url=https://pc-mon.zijieapi.com/monitor_pc/collect/api/pc_crash
	block_report_url=https://pc-mon.zijieapi.com/monitor_pc/collect/api/pc_jank
	matrix_report_url=https://pc-mon.zijieapi.com/monitor_pc/collect/api/pc_matrix
	settings_url=
	tenant_id=
[83208:83208:0606/131351.459259:INFO:aha/components/monitor/monitor_service_instance_impl.cc:184] [MonitorService] UpdateConfig: UpdateConfig, device_id: 3137328566855434, user_id: 3062614231880660
[83210:83210:0606/131351.459299:INFO:third_party/crashpad/crashpad/handler/linux/crash_report_exception_handler.cc:322] [Crashpad] Append global param key: tenant
[83210:83210:0606/131351.459327:INFO:third_party/crashpad/crashpad/handler/linux/crash_report_exception_handler.cc:322] [Crashpad] Append global param key: region
[83208:83208:0606/131351.477050:WARNING:ui/ozone/platform/wayland/host/wayland_surface.cc:170] Server doesn't support zcr_alpha_compositing_v1.
[83208:83208:0606/131351.477065:WARNING:ui/ozone/platform/wayland/host/wayland_surface.cc:185] Server doesn't support overlay_prioritizer.
[83208:83208:0606/131351.477074:WARNING:ui/ozone/platform/wayland/host/wayland_surface.cc:200] Server doesn't support wp_content_type_v1
[83208:83208:0606/131351.477080:WARNING:ui/ozone/platform/wayland/host/wayland_surface.cc:214] Server doesn't support wp_color_management_surface_v1.
[83208:83208:0606/131351.481756:INFO:aha/components/metrics/metrics_base.cc:52] [startup] metric: createBrowserWindow, start
[83208:83208:0606/131351.482181:INFO:aha/content/public/browser/renderer_jank/aha_infra_render_block_detector.cc:81] [renderer block] AhaInfraRenderBlockDetector is created and set up!
[83208:83208:0606/131351.489944:INFO:aha/components/metrics/metrics_base.cc:64] [startup] metric: createBrowserWindow, end, latency: 8ms
[83208:83208:0606/131351.493431:INFO:aha/components/page_load_metrics/observers/page_load_metrics_observer.cc:110] [page_load_metrics][traceId-] this:0x6cc02bd02c0, AhaPageLoadMetricsObserver::ctor
[83208:83208:0606/131351.493447:INFO:aha/components/page_load_metrics/observers/page_load_metrics_observer.cc:163] [page_load_metrics][traceId-] this:0x6cc02bd02c0, OnStart: is_same_document:0, started_in_foreground:1
[83208:83208:0606/131351.493461:INFO:aha/components/page_load_metrics/observers/page_load_metrics_observer.cc:200] [page_load_metrics][traceId-] this:0x6cc02bd02c0, TryRegisterWidgetObserver: widget:0x6cc00175c00, visible:1, minimized:0, web_contents_visible:1
[83208:83208:0606/131351.502253:ERROR:aha/components/basil/core/native_extension_manager_impl.cc:51] [Basil][Basil] no extension found, name=ai
[83208:83208:0606/131351.502289:INFO:aha/components/basil/core/native_extension_impl.cc:105] [Basil]native_extension created, name=ai
[83208:83208:0606/131351.502300:INFO:aha/components/basil/core/native_extension_impl.cc:130] [Basil]launch native extension process start, name=ai
[83208:83208:0606/131351.502309:INFO:content/public/browser/service_process_host.cc:108] vscode_crash_reporter_process_type: is ai
[83208:83208:0606/131351.504674:ERROR:aha/components/basil/core/native_extension_manager_impl.cc:51] [Basil][Basil] no extension found, name=ckg
[83208:83208:0606/131351.504709:INFO:aha/components/basil/core/native_extension_impl.cc:105] [Basil]native_extension created, name=ckg
[83208:83208:0606/131351.504724:INFO:aha/components/basil/core/native_extension_impl.cc:130] [Basil]launch native extension process start, name=ckg
[83208:83208:0606/131351.504731:INFO:content/public/browser/service_process_host.cc:108] vscode_crash_reporter_process_type: is ckg
[83208:83208:0606/131351.506883:INFO:content/public/browser/service_process_host.cc:108] vscode_crash_reporter_process_type: is ai-server
[83208:83208:0606/131351.508874:INFO:aha/components/ipc/ipc_client.cc:41] [AhaIpc] listen to server first time, server=cueServer
[83208:83208:0606/131351.508893:WARNING:aha/components/towel/common/ap_impl.cc:220] [TOWEL][APImpl::ListensEvents] no provider for event cueServer::PUSH_PACKET
[83208:83208:0606/131351.508899:INFO:aha/components/towel/common/ap_impl.cc:594] [TOWEL][APImpl::ListensEvents] start, RoutingId(83208, 1185138991)
[83208:83208:0606/131351.508905:INFO:aha/components/towel/common/ap_impl.cc:596] [TOWEL][APImpl::ListensEvents] no pending_listen_requests_, do nothing
[83208:83208:0606/131351.508912:INFO:aha/components/towel/common/static_routing_ap.cc:171] [TOWEL][StaticRoutingAP::TryAddPendingEvents] provider not ready, store event and wait. event cueServer::PUSH_PACKET
[83208:83208:0606/131351.508930:INFO:aha/components/towel/common/static_routing_ap.cc:135] [TOWEL][StaticRoutingAP::TryAddPendingRequest] provider not ready, store request and wait. method cueServer::SEND
[83208:83208:0606/131351.509221:INFO:aha/components/towel/common/static_routing_ap.cc:135] [TOWEL][StaticRoutingAP::TryAddPendingRequest] provider not ready, store request and wait. method ai-agent::SEND
[83208:83208:0606/131351.509428:INFO:aha/components/towel/common/static_routing_ap.cc:135] [TOWEL][StaticRoutingAP::TryAddPendingRequest] provider not ready, store request and wait. method cueServer::SEND
[83208:83208:0606/131351.516924:INFO:aha/components/towel/common/static_routing_ap.cc:244] [TOWEL]run timeout checker
[83208:83208:0606/131351.516943:INFO:aha/components/towel/common/static_routing_ap.cc:267] [TOWEL]stop timeout checker
[83208:83208:0606/131351.516998:INFO:aha/components/towel/common/ap_impl.cc:530] [TOWEL][APImpl::OnGetProviderMetaInfo]: RoutingId(83208, 1008975157) provider monitor
[83208:83208:0606/131351.517003:INFO:aha/components/towel/common/ap_impl.cc:540] [TOWEL][APImpl::OnGetProviderMetaInfo] update meta info for monitor method_list is monitor::MONITOR_EVENT|monitor::UPLOAD_LOGS|monitor::TOGGLE_LOGIFIER|monitor::REPORT_NETWORK_EVENT|monitor::REPORT_SLARDAR_WEB, event_list is 
[83208:83208:0606/131351.517010:INFO:aha/components/towel/common/static_routing_ap.cc:181] [TOWEL][StaticRoutingAP::RunPendingRequestAndEvents] provider_name= monitor
[83208:83208:0606/131351.517028:INFO:aha/components/towel/common/ap_impl.cc:530] [TOWEL][APImpl::OnGetProviderMetaInfo]: RoutingId(83208, 1060735715) provider monitor
[83208:83208:0606/131351.517038:INFO:aha/components/towel/common/ap_impl.cc:540] [TOWEL][APImpl::OnGetProviderMetaInfo] update meta info for monitor method_list is monitor::MONITOR_EVENT|monitor::UPLOAD_LOGS|monitor::TOGGLE_LOGIFIER|monitor::REPORT_NETWORK_EVENT|monitor::REPORT_SLARDAR_WEB, event_list is 
[83208:83208:0606/131351.517042:INFO:aha/components/towel/common/static_routing_ap.cc:181] [TOWEL][StaticRoutingAP::RunPendingRequestAndEvents] provider_name= monitor
[83208:83208:0606/131351.517068:INFO:aha/components/towel/public/provider.cc:196] [TOWEL][Provider::GetMetaInfo] provider BlockDetectorProvider, method_size is 1 method_list is BlockDetector::HEART_BEAT
[83208:83208:0606/131351.517110:INFO:aha/components/towel/common/ap_impl.cc:530] [TOWEL][APImpl::OnGetProviderMetaInfo]: RoutingId(83208, 1185138991) provider monitor
[83208:83208:0606/131351.517114:INFO:aha/components/towel/common/ap_impl.cc:540] [TOWEL][APImpl::OnGetProviderMetaInfo] update meta info for monitor method_list is monitor::MONITOR_EVENT|monitor::UPLOAD_LOGS|monitor::TOGGLE_LOGIFIER|monitor::REPORT_NETWORK_EVENT|monitor::REPORT_SLARDAR_WEB, event_list is 
[83208:83208:0606/131351.517119:INFO:aha/components/towel/common/static_routing_ap.cc:181] [TOWEL][StaticRoutingAP::RunPendingRequestAndEvents] provider_name= monitor
[83208:83208:0606/131351.517129:INFO:aha/components/towel/common/ap_impl.cc:530] [TOWEL][APImpl::OnGetProviderMetaInfo]: RoutingId(83208, 1391273373) provider monitor
[83208:83208:0606/131351.517133:INFO:aha/components/towel/common/ap_impl.cc:540] [TOWEL][APImpl::OnGetProviderMetaInfo] update meta info for monitor method_list is monitor::MONITOR_EVENT|monitor::UPLOAD_LOGS|monitor::TOGGLE_LOGIFIER|monitor::REPORT_NETWORK_EVENT|monitor::REPORT_SLARDAR_WEB, event_list is 
[83208:83208:0606/131351.517137:INFO:aha/components/towel/common/static_routing_ap.cc:181] [TOWEL][StaticRoutingAP::RunPendingRequestAndEvents] provider_name= monitor
[83208:83208:0606/131351.517273:INFO:aha/components/towel/common/master_impl.cc:153] [TOWEL][MasterImpl::RegisterProvider] success trae-cn-config-channel provider size now is 4
[83208:83208:0606/131351.517694:ERROR:electron/shell/browser/electron_browser_client.cc:1933] bind receiver for utility
[83208:83208:0606/131351.517704:INFO:aha/components/towel/embedder/master_binder.cc:52] [TOWEL]BindMasterInBrowser, ProcessType(2)
[83208:83208:0606/131351.517717:INFO:aha/components/towel/embedder/master_binder.cc:55] [TOWEL]BindMasterInBrowser, run in main thread, bind.
[83208:83208:0606/131351.518546:INFO:aha/components/process_observer/aha_child_process_observer.cc:56] [process observer]RenderProcess Launched, type = renderer, category = -1
[83208:83208:0606/131351.518561:INFO:aha/components/process_observer/aha_process_observer.cc:43] [process observer][process launched] type is:renderer, pid is:83323
[83208:83208:0606/131351.518599:INFO:aha/components/perf/perf_manager_base.cc:427] [perf manager][function = AddProcess] add process:83323
[83208:83208:0606/131351.518637:INFO:aha/components/perf/collector/perf_collector_base.cc:29] [perf collector][function=ShouldCollectProcess] AddProcess pid:83323 cmd:/usr/share/trae-cn/trae-cn --type=zygote --crashpad-handler-pid=83210
[83208:83208:0606/131351.518653:INFO:aha/components/perf/collector/perf_collector_base.cc:29] [perf collector][function=ShouldCollectProcess] AddProcess pid:83323 cmd:/usr/share/trae-cn/trae-cn --type=zygote --crashpad-handler-pid=83210
[83208:83208:0606/131351.518670:INFO:aha/components/perf/collector/perf_collector_base.cc:29] [perf collector][function=ShouldCollectProcess] AddProcess pid:83323 cmd:/usr/share/trae-cn/trae-cn --type=zygote --crashpad-handler-pid=83210
[83208:83208:0606/131351.518878:INFO:aha/components/basil/core/native_extension_impl.cc:206] [Basil]process launched, name=ai, pid=83340
[83208:83208:0606/131351.519124:INFO:aha/components/process_observer/aha_process_observer.cc:43] [process observer][process launched] type is:ai, pid is:83340
[83208:83208:0606/131351.519158:INFO:aha/components/perf/perf_manager_base.cc:427] [perf manager][function = AddProcess] add process:83340
[83208:83208:0606/131351.519189:INFO:aha/components/perf/collector/perf_collector_base.cc:29] [perf collector][function=ShouldCollectProcess] AddProcess pid:83340 cmd:/proc/self/exe --type=utility --utility-sub-type=basil.mojom.NativeExtensionService --lang=zh-CN --service-sandbox-type=none --render-node-override=/dev/dri/renderD129 --vscode-crash-reporter-process-type=ai --crashpad-handler-pid=83210 --enable-crash-reporter=177566f7-f9a4-4531-8f1c-c94b9515485f,no_channel --user-data-dir=/home/eternity/.config/Trae CN --standard-schemes=vscode-webview,vscode-file --enable-sandbox --secure-schemes=vscode-webview,vscode-file --cors-schemes=vscode-webview,vscode-file --fetch-schemes=vscode-webview,vscode-file --service-worker-schemes=vscode-webview --code-cache-schemes=vscode-webview,vscode-file --shared-files=v8_context_snapshot_data:100 --field-trial-handle=3,i,3275674947478690926,14422436082897923813,262144 --enable-features=DocumentPolicyIncludeJSCallStacksInCrashReports,EarlyEstablishGpuChannel,EstablishGpuChannelAsync,PdfUseShowSaveFilePicker --disable-features=CalculateNativeWinOcclusion,LocalNetworkAccessChecks,ScreenAIOCREnabled,SpareRendererForSitePerProcess,TraceSiteInstanceGetProcessCreation --variations-seed-version --trace-process-track-uuid=3190708991934122588
[83208:83208:0606/131351.519215:INFO:aha/components/perf/collector/perf_collector_base.cc:29] [perf collector][function=ShouldCollectProcess] AddProcess pid:83340 cmd:/proc/self/exe --type=utility --utility-sub-type=basil.mojom.NativeExtensionService --lang=zh-CN --service-sandbox-type=none --render-node-override=/dev/dri/renderD129 --vscode-crash-reporter-process-type=ai --crashpad-handler-pid=83210 --enable-crash-reporter=177566f7-f9a4-4531-8f1c-c94b9515485f,no_channel --user-data-dir=/home/eternity/.config/Trae CN --standard-schemes=vscode-webview,vscode-file --enable-sandbox --secure-schemes=vscode-webview,vscode-file --cors-schemes=vscode-webview,vscode-file --fetch-schemes=vscode-webview,vscode-file --service-worker-schemes=vscode-webview --code-cache-schemes=vscode-webview,vscode-file --shared-files=v8_context_snapshot_data:100 --field-trial-handle=3,i,3275674947478690926,14422436082897923813,262144 --enable-features=DocumentPolicyIncludeJSCallStacksInCrashReports,EarlyEstablishGpuChannel,EstablishGpuChannelAsync,PdfUseShowSaveFilePicker --disable-features=CalculateNativeWinOcclusion,LocalNetworkAccessChecks,ScreenAIOCREnabled,SpareRendererForSitePerProcess,TraceSiteInstanceGetProcessCreation --variations-seed-version --trace-process-track-uuid=3190708991934122588
[83208:83208:0606/131351.519232:INFO:aha/components/perf/collector/perf_collector_base.cc:29] [perf collector][function=ShouldCollectProcess] AddProcess pid:83340 cmd:/proc/self/exe --type=utility --utility-sub-type=basil.mojom.NativeExtensionService --lang=zh-CN --service-sandbox-type=none --render-node-override=/dev/dri/renderD129 --vscode-crash-reporter-process-type=ai --crashpad-handler-pid=83210 --enable-crash-reporter=177566f7-f9a4-4531-8f1c-c94b9515485f,no_channel --user-data-dir=/home/eternity/.config/Trae CN --standard-schemes=vscode-webview,vscode-file --enable-sandbox --secure-schemes=vscode-webview,vscode-file --cors-schemes=vscode-webview,vscode-file --fetch-schemes=vscode-webview,vscode-file --service-worker-schemes=vscode-webview --code-cache-schemes=vscode-webview,vscode-file --shared-files=v8_context_snapshot_data:100 --field-trial-handle=3,i,3275674947478690926,14422436082897923813,262144 --enable-features=DocumentPolicyIncludeJSCallStacksInCrashReports,EarlyEstablishGpuChannel,EstablishGpuChannelAsync,PdfUseShowSaveFilePicker --disable-features=CalculateNativeWinOcclusion,LocalNetworkAccessChecks,ScreenAIOCREnabled,SpareRendererForSitePerProcess,TraceSiteInstanceGetProcessCreation --variations-seed-version --trace-process-track-uuid=3190708991934122588
[83208:83208:0606/131351.519292:INFO:aha/components/basil/core/native_extension_impl.cc:206] [Basil]process launched, name=ckg, pid=83343
[83208:83208:0606/131351.519388:INFO:aha/electron/shell/browser/api/electron_api_aha_reporter.cc:206] setPerfContextForProcess enableCkgAhaRequest false

[83208:83208:0606/131351.519404:INFO:aha/components/perf/perf_custom_param_manager.cc:25] Add custom category param enableCkgAhaRequest = false
 for process 83343
[83208:83208:0606/131351.519458:INFO:aha/components/process_observer/aha_process_observer.cc:43] [process observer][process launched] type is:ckg, pid is:83343
[83208:83208:0606/131351.519483:INFO:aha/components/perf/perf_manager_base.cc:427] [perf manager][function = AddProcess] add process:83343
[83208:83208:0606/131351.519500:INFO:aha/components/perf/collector/perf_collector_base.cc:29] [perf collector][function=ShouldCollectProcess] AddProcess pid:83343 cmd:
[83208:83208:0606/131351.519511:INFO:aha/components/perf/collector/perf_collector_base.cc:29] [perf collector][function=ShouldCollectProcess] AddProcess pid:83343 cmd:
[83208:83208:0606/131351.519523:INFO:aha/components/perf/collector/perf_collector_base.cc:29] [perf collector][function=ShouldCollectProcess] AddProcess pid:83343 cmd:
[83208:83208:0606/131351.519914:INFO:aha/electron/shell/browser/api/electron_api_aha_reporter.cc:206] setPerfContextForProcess isSingletonCueServer true

[83208:83208:0606/131351.519924:INFO:aha/components/perf/perf_custom_param_manager.cc:25] Add custom category param isSingletonCueServer = true
 for process 83344
[83208:83208:0606/131351.519960:INFO:aha/components/process_observer/aha_process_observer.cc:43] [process observer][process launched] type is:ai-server, pid is:83344
[83208:83208:0606/131351.519979:INFO:aha/components/perf/perf_manager_base.cc:427] [perf manager][function = AddProcess] add process:83344
[83208:83208:0606/131351.520003:INFO:aha/components/perf/collector/perf_collector_base.cc:29] [perf collector][function=ShouldCollectProcess] AddProcess pid:83344 cmd:/proc/self/exe --type=utility --utility-sub-type=node.mojom.NodeService --lang=zh-CN --service-sandbox-type=none --render-node-override=/dev/dri/renderD129 --vscode-crash-reporter-process-type=ai-server --crashpad-handler-pid=83210 --enable-crash-reporter=177566f7-f9a4-4531-8f1c-c94b9515485f,no_channel --user-data-dir=/home/eternity/.config/Trae CN --standard-schemes=vscode-webview,vscode-file --enable-sandbox --secure-schemes=vscode-webview,vscode-file --cors-schemes=vscode-webview,vscode-file --fetch-schemes=vscode-webview,vscode-file --service-worker-schemes=vscode-webview --code-cache-schemes=vscode-webview,vscode-file --shared-files=v8_context_snapshot_data:100 --field-trial-handle=3,i,3275674947478690926,14422436082897923813,262144 --enable-features=DocumentPolicyIncludeJSCallStacksInCrashReports,EarlyEstablishGpuChannel,EstablishGpuChannelAsync,PdfUseShowSaveFilePicker --disable-features=CalculateNativeWinOcclusion,LocalNetworkAccessChecks,ScreenAIOCREnabled,SpareRendererForSitePerProcess,TraceSiteInstanceGetProcessCreation --variations-seed-version --trace-process-track-uuid=3190708993808206286
[83208:83208:0606/131351.520017:INFO:aha/components/perf/collector/perf_collector_base.cc:29] [perf collector][function=ShouldCollectProcess] AddProcess pid:83344 cmd:/proc/self/exe --type=utility --utility-sub-type=node.mojom.NodeService --lang=zh-CN --service-sandbox-type=none --render-node-override=/dev/dri/renderD129 --vscode-crash-reporter-process-type=ai-server --crashpad-handler-pid=83210 --enable-crash-reporter=177566f7-f9a4-4531-8f1c-c94b9515485f,no_channel --user-data-dir=/home/eternity/.config/Trae CN --standard-schemes=vscode-webview,vscode-file --enable-sandbox --secure-schemes=vscode-webview,vscode-file --cors-schemes=vscode-webview,vscode-file --fetch-schemes=vscode-webview,vscode-file --service-worker-schemes=vscode-webview --code-cache-schemes=vscode-webview,vscode-file --shared-files=v8_context_snapshot_data:100 --field-trial-handle=3,i,3275674947478690926,14422436082897923813,262144 --enable-features=DocumentPolicyIncludeJSCallStacksInCrashReports,EarlyEstablishGpuChannel,EstablishGpuChannelAsync,PdfUseShowSaveFilePicker --disable-features=CalculateNativeWinOcclusion,LocalNetworkAccessChecks,ScreenAIOCREnabled,SpareRendererForSitePerProcess,TraceSiteInstanceGetProcessCreation --variations-seed-version --trace-process-track-uuid=3190708993808206286
[83208:83208:0606/131351.520036:INFO:aha/components/perf/collector/perf_collector_base.cc:29] [perf collector][function=ShouldCollectProcess] AddProcess pid:83344 cmd:/proc/self/exe --type=utility --utility-sub-type=node.mojom.NodeService --lang=zh-CN --service-sandbox-type=none --render-node-override=/dev/dri/renderD129 --vscode-crash-reporter-process-type=ai-server --crashpad-handler-pid=83210 --enable-crash-reporter=177566f7-f9a4-4531-8f1c-c94b9515485f,no_channel --user-data-dir=/home/eternity/.config/Trae CN --standard-schemes=vscode-webview,vscode-file --enable-sandbox --secure-schemes=vscode-webview,vscode-file --cors-schemes=vscode-webview,vscode-file --fetch-schemes=vscode-webview,vscode-file --service-worker-schemes=vscode-webview --code-cache-schemes=vscode-webview,vscode-file --shared-files=v8_context_snapshot_data:100 --field-trial-handle=3,i,3275674947478690926,14422436082897923813,262144 --enable-features=DocumentPolicyIncludeJSCallStacksInCrashReports,EarlyEstablishGpuChannel,EstablishGpuChannelAsync,PdfUseShowSaveFilePicker --disable-features=CalculateNativeWinOcclusion,LocalNetworkAccessChecks,ScreenAIOCREnabled,SpareRendererForSitePerProcess,TraceSiteInstanceGetProcessCreation --variations-seed-version --trace-process-track-uuid=3190708993808206286
[83208:83208:0606/131351.520213:ERROR:aha/components/basil/core/native_extension_impl.cc:253] [Basil]process crashed, name=ckg, code=256
[83208:83208:0606/131351.520220:INFO:aha/components/basil/core/native_extension_impl.cc:260] [Basil]HandleTermination, exit_code=256
[83208:83208:0606/131351.520687:INFO:aha/components/basil/core/native_extension_manager_impl.cc:96] [Basil]release native_extension, name=ckg
[83208:83208:0606/131351.520812:ERROR:aha/components/process_observer/aha_process_observer.cc:70] [process observer][process gone] type is: ckg, pid is: 83343, status is: 1, exit code is: 256, run time is: -1, is sandbox: 1
[83208:83208:0606/131351.520870:INFO:aha/components/perf/perf_manager_base.cc:488] [perf manager][function = RemoveProcess] remove exited process:83343
[83208:83208:0606/131351.527984:INFO:aha/components/towel/common/static_routing_ap.cc:135] [TOWEL][StaticRoutingAP::TryAddPendingRequest] provider not ready, store request and wait. method ai-agent::SEND
[83208:83208:0606/131351.528241:ERROR:aha/components/basil/core/native_extension_manager_impl.cc:51] [Basil][Basil] no extension found, name=ckg
[83208:83208:0606/131351.528264:INFO:aha/components/basil/core/native_extension_impl.cc:105] [Basil]native_extension created, name=ckg
[83208:83208:0606/131351.528272:INFO:aha/components/basil/core/native_extension_impl.cc:130] [Basil]launch native extension process start, name=ckg
[83208:83208:0606/131351.528279:INFO:content/public/browser/service_process_host.cc:108] vscode_crash_reporter_process_type: is ckg
[83208:83208:0606/131351.530716:INFO:aha/components/towel/common/static_routing_ap.cc:244] [TOWEL]run timeout checker
[83208:83208:0606/131351.530738:INFO:aha/components/towel/common/static_routing_ap.cc:267] [TOWEL]stop timeout checker
[83208:83208:0606/131351.531284:INFO:aha/components/towel/common/ap_impl.cc:406] [TOWEL][APImpl::OnProviderAdded] provider_name trae-cn-config-channel, RoutingId(83208, 1008975157)
[83208:83208:0606/131351.531300:INFO:aha/components/towel/common/static_routing_ap.cc:181] [TOWEL][StaticRoutingAP::RunPendingRequestAndEvents] provider_name= trae-cn-config-channel
[83208:83208:0606/131351.531358:INFO:aha/components/towel/common/ap_impl.cc:406] [TOWEL][APImpl::OnProviderAdded] provider_name trae-cn-config-channel, RoutingId(83208, 1060735715)
[83208:83208:0606/131351.531367:INFO:aha/components/monitor/monitor.cc:129] [Monitor] OnProviderConnected: OnProviderConnected, name: trae-cn-config-channel
[83208:83208:0606/131351.531379:INFO:aha/components/towel/common/static_routing_ap.cc:181] [TOWEL][StaticRoutingAP::RunPendingRequestAndEvents] provider_name= trae-cn-config-channel
[83208:83208:0606/131351.531443:INFO:aha/components/towel/common/ap_impl.cc:406] [TOWEL][APImpl::OnProviderAdded] provider_name trae-cn-config-channel, RoutingId(83208, 1185138991)
[83208:83208:0606/131351.531461:INFO:aha/components/ipc/ipc_client.cc:172] [AhaIpc] provider connected, name: trae-cn-config-channel
[83208:83208:0606/131351.531467:INFO:aha/components/towel/common/static_routing_ap.cc:181] [TOWEL][StaticRoutingAP::RunPendingRequestAndEvents] provider_name= trae-cn-config-channel
[83208:83208:0606/131351.531520:INFO:aha/components/towel/common/ap_impl.cc:406] [TOWEL][APImpl::OnProviderAdded] provider_name trae-cn-config-channel, RoutingId(83208, 1391273373)
[83208:83208:0606/131351.531527:INFO:aha/components/towel/common/static_routing_ap.cc:181] [TOWEL][StaticRoutingAP::RunPendingRequestAndEvents] provider_name= trae-cn-config-channel
[83208:83208:0606/131351.531607:INFO:aha/components/towel/common/master_impl.cc:39] [TOWEL][MasterImpl::AddAPWithId] add ap 209580670
[83208:83208:0606/131351.531629:INFO:aha/components/towel/common/master_impl.cc:55] [TOWEL][MasterImpl::AddAP] add ap 209580670
[83208:83208:0606/131351.532317:INFO:aha/components/basil/core/native_extension_impl.cc:206] [Basil]process launched, name=ckg, pid=83352
[83208:83208:0606/131351.532415:INFO:aha/electron/shell/browser/api/electron_api_aha_reporter.cc:206] setPerfContextForProcess enableCkgAhaRequest false

[83208:83208:0606/131351.532427:INFO:aha/components/perf/perf_custom_param_manager.cc:25] Add custom category param enableCkgAhaRequest = false
 for process 83352
[83208:83208:0606/131351.532481:INFO:aha/components/process_observer/aha_process_observer.cc:43] [process observer][process launched] type is:ckg, pid is:83352
[83208:83208:0606/131351.532514:INFO:aha/components/perf/perf_manager_base.cc:427] [perf manager][function = AddProcess] add process:83352
[83208:83208:0606/131351.532543:INFO:aha/components/perf/collector/perf_collector_base.cc:29] [perf collector][function=ShouldCollectProcess] AddProcess pid:83352 cmd:/proc/self/exe --type=utility --utility-sub-type=basil.mojom.NativeExtensionService --lang=zh-CN --service-sandbox-type=none --render-node-override=/dev/dri/renderD129 --vscode-crash-reporter-process-type=ckg --crashpad-handler-pid=83210 --enable-crash-reporter=177566f7-f9a4-4531-8f1c-c94b9515485f,no_channel --user-data-dir=/home/eternity/.config/Trae CN --standard-schemes=vscode-webview,vscode-file --enable-sandbox --secure-schemes=vscode-webview,vscode-file --cors-schemes=vscode-webview,vscode-file --fetch-schemes=vscode-webview,vscode-file --service-worker-schemes=vscode-webview --code-cache-schemes=vscode-webview,vscode-file --shared-files=v8_context_snapshot_data:100 --field-trial-handle=3,i,3275674947478690926,14422436082897923813,262144 --enable-features=DocumentPolicyIncludeJSCallStacksInCrashReports,EarlyEstablishGpuChannel,EstablishGpuChannelAsync,PdfUseShowSaveFilePicker --disable-features=CalculateNativeWinOcclusion,LocalNetworkAccessChecks,ScreenAIOCREnabled,SpareRendererForSitePerProcess,TraceSiteInstanceGetProcessCreation --variations-seed-version --trace-process-track-uuid=3190708994745248135
[83208:83208:0606/131351.532560:INFO:aha/components/perf/collector/perf_collector_base.cc:29] [perf collector][function=ShouldCollectProcess] AddProcess pid:83352 cmd:/proc/self/exe --type=utility --utility-sub-type=basil.mojom.NativeExtensionService --lang=zh-CN --service-sandbox-type=none --render-node-override=/dev/dri/renderD129 --vscode-crash-reporter-process-type=ckg --crashpad-handler-pid=83210 --enable-crash-reporter=177566f7-f9a4-4531-8f1c-c94b9515485f,no_channel --user-data-dir=/home/eternity/.config/Trae CN --standard-schemes=vscode-webview,vscode-file --enable-sandbox --secure-schemes=vscode-webview,vscode-file --cors-schemes=vscode-webview,vscode-file --fetch-schemes=vscode-webview,vscode-file --service-worker-schemes=vscode-webview --code-cache-schemes=vscode-webview,vscode-file --shared-files=v8_context_snapshot_data:100 --field-trial-handle=3,i,3275674947478690926,14422436082897923813,262144 --enable-features=DocumentPolicyIncludeJSCallStacksInCrashReports,EarlyEstablishGpuChannel,EstablishGpuChannelAsync,PdfUseShowSaveFilePicker --disable-features=CalculateNativeWinOcclusion,LocalNetworkAccessChecks,ScreenAIOCREnabled,SpareRendererForSitePerProcess,TraceSiteInstanceGetProcessCreation --variations-seed-version --trace-process-track-uuid=3190708994745248135
[83208:83208:0606/131351.532578:INFO:aha/components/perf/collector/perf_collector_base.cc:29] [perf collector][function=ShouldCollectProcess] AddProcess pid:83352 cmd:/proc/self/exe --type=utility --utility-sub-type=basil.mojom.NativeExtensionService --lang=zh-CN --service-sandbox-type=none --render-node-override=/dev/dri/renderD129 --vscode-crash-reporter-process-type=ckg --crashpad-handler-pid=83210 --enable-crash-reporter=177566f7-f9a4-4531-8f1c-c94b9515485f,no_channel --user-data-dir=/home/eternity/.config/Trae CN --standard-schemes=vscode-webview,vscode-file --enable-sandbox --secure-schemes=vscode-webview,vscode-file --cors-schemes=vscode-webview,vscode-file --fetch-schemes=vscode-webview,vscode-file --service-worker-schemes=vscode-webview --code-cache-schemes=vscode-webview,vscode-file --shared-files=v8_context_snapshot_data:100 --field-trial-handle=3,i,3275674947478690926,14422436082897923813,262144 --enable-features=DocumentPolicyIncludeJSCallStacksInCrashReports,EarlyEstablishGpuChannel,EstablishGpuChannelAsync,PdfUseShowSaveFilePicker --disable-features=CalculateNativeWinOcclusion,LocalNetworkAccessChecks,ScreenAIOCREnabled,SpareRendererForSitePerProcess,TraceSiteInstanceGetProcessCreation --variations-seed-version --trace-process-track-uuid=3190708994745248135
[83208:83208:0606/131351.535849:INFO:aha/components/towel/public/provider.cc:196] [TOWEL][Provider::GetMetaInfo] provider trae-cn-config-channel, method_size is 1 method_list is trae-cn-config-channel::SEND
[83208:83208:0606/131351.536015:INFO:aha/components/towel/common/master_impl.cc:193] [TOWEL][MasterImpl::GetAllProviders] provider size is 4 given size is 4
[83208:83208:0606/131351.537492:INFO:aha/components/towel/public/provider.cc:196] [TOWEL][Provider::GetMetaInfo] provider trae-cn-config-channel, method_size is 1 method_list is trae-cn-config-channel::SEND
[83208:83208:0606/131351.537543:INFO:aha/components/towel/public/provider.cc:196] [TOWEL][Provider::GetMetaInfo] provider trae-cn-config-channel, method_size is 1 method_list is trae-cn-config-channel::SEND
[83208:83208:0606/131351.537563:INFO:aha/components/towel/public/provider.cc:196] [TOWEL][Provider::GetMetaInfo] provider trae-cn-config-channel, method_size is 1 method_list is trae-cn-config-channel::SEND
[83208:83208:0606/131351.537580:INFO:aha/components/towel/public/provider.cc:196] [TOWEL][Provider::GetMetaInfo] provider trae-cn-config-channel, method_size is 1 method_list is trae-cn-config-channel::SEND
[83208:83208:0606/131351.539406:INFO:aha/components/basil/core/native_extension_impl.cc:219] [Basil]start service success, name=ai
[83208:83208:0606/131351.539466:ERROR:electron/shell/browser/electron_browser_client.cc:1933] bind receiver for utility
[83208:83208:0606/131351.539473:INFO:aha/components/towel/embedder/master_binder.cc:52] [TOWEL]BindMasterInBrowser, ProcessType(2)
[83208:83208:0606/131351.539480:INFO:aha/components/towel/embedder/master_binder.cc:55] [TOWEL]BindMasterInBrowser, run in main thread, bind.
[83208:83208:0606/131351.539489:ERROR:electron/shell/browser/electron_browser_client.cc:1933] bind receiver for utility
[83208:83208:0606/131351.539493:INFO:aha/components/towel/embedder/master_binder.cc:52] [TOWEL]BindMasterInBrowser, ProcessType(2)
[83208:83208:0606/131351.539499:INFO:aha/components/towel/embedder/master_binder.cc:55] [TOWEL]BindMasterInBrowser, run in main thread, bind.
[83208:83208:0606/131351.539507:ERROR:electron/shell/browser/electron_browser_client.cc:1933] bind receiver for utility
[83208:83208:0606/131351.539514:INFO:aha/components/towel/embedder/master_binder.cc:52] [TOWEL]BindMasterInBrowser, ProcessType(2)
[83208:83208:0606/131351.539523:INFO:aha/components/towel/embedder/master_binder.cc:55] [TOWEL]BindMasterInBrowser, run in main thread, bind.
[83208:83208:0606/131351.539529:ERROR:electron/shell/browser/electron_browser_client.cc:1933] bind receiver for utility
[83208:83208:0606/131351.539533:INFO:aha/components/towel/embedder/master_binder.cc:52] [TOWEL]BindMasterInBrowser, ProcessType(2)
[83208:83208:0606/131351.539539:INFO:aha/components/towel/embedder/master_binder.cc:55] [TOWEL]BindMasterInBrowser, run in main thread, bind.
[83208:83208:0606/131351.539565:INFO:aha/components/towel/common/ap_impl.cc:530] [TOWEL][APImpl::OnGetProviderMetaInfo]: RoutingId(83208, 1008975157) provider trae-cn-config-channel
[83208:83208:0606/131351.539572:INFO:aha/components/towel/common/ap_impl.cc:540] [TOWEL][APImpl::OnGetProviderMetaInfo] update meta info for trae-cn-config-channel method_list is trae-cn-config-channel::SEND, event_list is trae-cn-config-channel::PUSH_PACKET
[83208:83208:0606/131351.539579:INFO:aha/components/towel/common/static_routing_ap.cc:181] [TOWEL][StaticRoutingAP::RunPendingRequestAndEvents] provider_name= trae-cn-config-channel
[83208:83208:0606/131351.539595:INFO:aha/components/towel/common/ap_impl.cc:530] [TOWEL][APImpl::OnGetProviderMetaInfo]: RoutingId(83208, 1060735715) provider trae-cn-config-channel
[83208:83208:0606/131351.539601:INFO:aha/components/towel/common/ap_impl.cc:540] [TOWEL][APImpl::OnGetProviderMetaInfo] update meta info for trae-cn-config-channel method_list is trae-cn-config-channel::SEND, event_list is trae-cn-config-channel::PUSH_PACKET
[83208:83208:0606/131351.539607:INFO:aha/components/towel/common/static_routing_ap.cc:181] [TOWEL][StaticRoutingAP::RunPendingRequestAndEvents] provider_name= trae-cn-config-channel
[83208:83208:0606/131351.539621:INFO:aha/components/towel/common/ap_impl.cc:530] [TOWEL][APImpl::OnGetProviderMetaInfo]: RoutingId(83208, 1185138991) provider trae-cn-config-channel
[83208:83208:0606/131351.539698:INFO:aha/components/towel/common/ap_impl.cc:540] [TOWEL][APImpl::OnGetProviderMetaInfo] update meta info for trae-cn-config-channel method_list is trae-cn-config-channel::SEND, event_list is trae-cn-config-channel::PUSH_PACKET
[83208:83208:0606/131351.539704:INFO:aha/components/towel/common/static_routing_ap.cc:181] [TOWEL][StaticRoutingAP::RunPendingRequestAndEvents] provider_name= trae-cn-config-channel
[83208:83208:0606/131351.539723:INFO:aha/components/towel/common/ap_impl.cc:530] [TOWEL][APImpl::OnGetProviderMetaInfo]: RoutingId(83208, 1391273373) provider trae-cn-config-channel
[83208:83208:0606/131351.539729:INFO:aha/components/towel/common/ap_impl.cc:540] [TOWEL][APImpl::OnGetProviderMetaInfo] update meta info for trae-cn-config-channel method_list is trae-cn-config-channel::SEND, event_list is trae-cn-config-channel::PUSH_PACKET
[83208:83208:0606/131351.539735:INFO:aha/components/towel/common/static_routing_ap.cc:181] [TOWEL][StaticRoutingAP::RunPendingRequestAndEvents] provider_name= trae-cn-config-channel
[83208:83208:0606/131351.539770:INFO:aha/components/towel/public/provider.cc:196] [TOWEL][Provider::GetMetaInfo] provider BlockDetectorProvider, method_size is 1 method_list is BlockDetector::HEART_BEAT
[83208:83208:0606/131351.539791:INFO:aha/components/towel/public/provider.cc:196] [TOWEL][Provider::GetMetaInfo] provider trae-cn-config-channel, method_size is 1 method_list is trae-cn-config-channel::SEND
[83208:83208:0606/131351.540348:ERROR:aha/components/basil/core/native_extension_impl.cc:253] [Basil]process crashed, name=ckg, code=256
[83208:83208:0606/131351.540358:INFO:aha/components/basil/core/native_extension_impl.cc:260] [Basil]HandleTermination, exit_code=256
[83208:83208:0606/131351.540541:INFO:aha/components/basil/core/native_extension_manager_impl.cc:96] [Basil]release native_extension, name=ckg
[83208:83208:0606/131351.540588:ERROR:aha/components/process_observer/aha_process_observer.cc:70] [process observer][process gone] type is: ckg, pid is: 83352, status is: 1, exit code is: 256, run time is: -1, is sandbox: 1
[83208:83208:0606/131351.540633:INFO:aha/components/perf/perf_manager_base.cc:488] [perf manager][function = RemoveProcess] remove exited process:83352
[83208:83208:0606/131351.541966:INFO:aha/components/towel/common/master_impl.cc:39] [TOWEL][MasterImpl::AddAPWithId] add ap 910481557
[83208:83208:0606/131351.541983:INFO:aha/components/towel/common/master_impl.cc:55] [TOWEL][MasterImpl::AddAP] add ap 910481557
[83208:83208:0606/131351.542067:INFO:aha/components/towel/common/master_impl.cc:153] [TOWEL][MasterImpl::RegisterProvider] success ai-agent provider size now is 5
[83208:83208:0606/131351.542124:INFO:aha/components/towel/common/master_impl.cc:153] [TOWEL][MasterImpl::RegisterProvider] success ai provider size now is 6
[83208:83208:0606/131351.542135:INFO:aha/components/towel/common/master_impl.cc:39] [TOWEL][MasterImpl::AddAPWithId] add ap 446013874
[83208:83208:0606/131351.542143:INFO:aha/components/towel/common/master_impl.cc:55] [TOWEL][MasterImpl::AddAP] add ap 446013874
[83208:83208:0606/131351.542989:INFO:aha/components/towel/common/master_impl.cc:193] [TOWEL][MasterImpl::GetAllProviders] provider size is 6 given size is 6
[83208:83208:0606/131351.543025:INFO:aha/components/towel/common/ap_impl.cc:406] [TOWEL][APImpl::OnProviderAdded] provider_name ai-agent, RoutingId(83208, 1008975157)
[83208:83208:0606/131351.543031:INFO:aha/components/towel/common/static_routing_ap.cc:181] [TOWEL][StaticRoutingAP::RunPendingRequestAndEvents] provider_name= ai-agent
[83208:83208:0606/131351.543048:INFO:aha/components/towel/common/ap_impl.cc:406] [TOWEL][APImpl::OnProviderAdded] provider_name ai-agent, RoutingId(83208, 1060735715)
[83208:83208:0606/131351.543052:INFO:aha/components/monitor/monitor.cc:129] [Monitor] OnProviderConnected: OnProviderConnected, name: ai-agent
[83208:83208:0606/131351.543057:INFO:aha/components/towel/common/static_routing_ap.cc:181] [TOWEL][StaticRoutingAP::RunPendingRequestAndEvents] provider_name= ai-agent
[83208:83208:0606/131351.543071:INFO:aha/components/towel/common/ap_impl.cc:406] [TOWEL][APImpl::OnProviderAdded] provider_name ai-agent, RoutingId(83208, 1185138991)
[83208:83208:0606/131351.543075:INFO:aha/components/ipc/ipc_client.cc:172] [AhaIpc] provider connected, name: ai-agent
[83208:83208:0606/131351.543081:WARNING:aha/components/towel/common/ap_impl.cc:220] [TOWEL][APImpl::ListensEvents] no provider for event ai-agent::PUSH_PACKET
[83208:83208:0606/131351.543085:INFO:aha/components/towel/common/ap_impl.cc:594] [TOWEL][APImpl::ListensEvents] start, RoutingId(83208, 1185138991)
[83208:83208:0606/131351.543089:INFO:aha/components/towel/common/ap_impl.cc:596] [TOWEL][APImpl::ListensEvents] no pending_listen_requests_, do nothing
[83208:83208:0606/131351.543094:INFO:aha/components/towel/common/static_routing_ap.cc:171] [TOWEL][StaticRoutingAP::TryAddPendingEvents] provider not ready, store event and wait. event ai-agent::PUSH_PACKET
[83208:83208:0606/131351.543100:INFO:aha/components/towel/common/static_routing_ap.cc:181] [TOWEL][StaticRoutingAP::RunPendingRequestAndEvents] provider_name= ai-agent
[83208:83208:0606/131351.543105:INFO:aha/components/towel/common/static_routing_ap.cc:195] [TOWEL][StaticRoutingAP::RunPendingEvents] run pending events, event_list is ai-agent::PUSH_PACKET,ai-agent::PUSH_PACKET
[83208:83208:0606/131351.543116:INFO:aha/components/towel/common/static_routing_ap.cc:217] [TOWEL][StaticRoutingAP::RunPendingRequestAndEvents] run pending requests, method= ai-agent::SEND
[83208:83208:0606/131351.543127:INFO:aha/components/towel/common/static_routing_ap.cc:217] [TOWEL][StaticRoutingAP::RunPendingRequestAndEvents] run pending requests, method= ai-agent::SEND
[83208:83208:0606/131351.543138:INFO:aha/components/towel/common/static_routing_ap.cc:217] [TOWEL][StaticRoutingAP::RunPendingRequestAndEvents] run pending requests, method= ai-agent::SEND
[83208:83208:0606/131351.543160:INFO:aha/components/towel/common/ap_impl.cc:406] [TOWEL][APImpl::OnProviderAdded] provider_name ai-agent, RoutingId(83208, 1391273373)
[83208:83208:0606/131351.543168:INFO:aha/components/towel/common/static_routing_ap.cc:181] [TOWEL][StaticRoutingAP::RunPendingRequestAndEvents] provider_name= ai-agent
[83208:83208:0606/131351.543204:INFO:aha/components/towel/common/master_impl.cc:193] [TOWEL][MasterImpl::GetAllProviders] provider size is 6 given size is 6
[83208:83208:0606/131351.544442:INFO:aha/components/towel/common/ap_impl.cc:406] [TOWEL][APImpl::OnProviderAdded] provider_name ai, RoutingId(83208, 1008975157)
[83208:83208:0606/131351.544451:INFO:aha/electron/shell/renderer/api/electron_api_towel.cc:131] [TOWEL]ai provider connected
[83208:83208:0606/131351.544456:INFO:aha/components/towel/common/static_routing_ap.cc:181] [TOWEL][StaticRoutingAP::RunPendingRequestAndEvents] provider_name= ai
[83208:83208:0606/131351.544461:INFO:aha/components/towel/common/static_routing_ap.cc:195] [TOWEL][StaticRoutingAP::RunPendingEvents] run pending events, event_list is ai::PUSH_PACKET
[83208:83208:0606/131351.544489:INFO:aha/components/towel/common/ap_impl.cc:406] [TOWEL][APImpl::OnProviderAdded] provider_name ai, RoutingId(83208, 1060735715)
[83208:83208:0606/131351.544494:INFO:aha/components/monitor/monitor.cc:129] [Monitor] OnProviderConnected: OnProviderConnected, name: ai
[83208:83208:0606/131351.544498:INFO:aha/components/towel/common/static_routing_ap.cc:181] [TOWEL][StaticRoutingAP::RunPendingRequestAndEvents] provider_name= ai
[83208:83208:0606/131351.544510:INFO:aha/components/towel/common/ap_impl.cc:406] [TOWEL][APImpl::OnProviderAdded] provider_name ai, RoutingId(83208, 1185138991)
[83208:83208:0606/131351.544514:INFO:aha/components/ipc/ipc_client.cc:172] [AhaIpc] provider connected, name: ai
[83208:83208:0606/131351.544518:INFO:aha/components/towel/common/static_routing_ap.cc:181] [TOWEL][StaticRoutingAP::RunPendingRequestAndEvents] provider_name= ai
[83208:83208:0606/131351.544532:INFO:aha/components/towel/common/ap_impl.cc:406] [TOWEL][APImpl::OnProviderAdded] provider_name ai, RoutingId(83208, 1391273373)
[83208:83208:0606/131351.544537:INFO:aha/components/towel/common/static_routing_ap.cc:181] [TOWEL][StaticRoutingAP::RunPendingRequestAndEvents] provider_name= ai
[83208:83208:0606/131351.544544:INFO:aha/components/towel/common/ap_impl.cc:530] [TOWEL][APImpl::OnGetProviderMetaInfo]: RoutingId(83208, 1008975157) provider ai-agent
[83208:83208:0606/131351.544548:INFO:aha/components/towel/common/ap_impl.cc:540] [TOWEL][APImpl::OnGetProviderMetaInfo] update meta info for ai-agent method_list is ai-agent::SEND, event_list is ai-agent::PUSH_PACKET
[83208:83208:0606/131351.544553:INFO:aha/components/towel/common/static_routing_ap.cc:181] [TOWEL][StaticRoutingAP::RunPendingRequestAndEvents] provider_name= ai-agent
[83208:83208:0606/131351.544561:INFO:aha/components/towel/common/ap_impl.cc:530] [TOWEL][APImpl::OnGetProviderMetaInfo]: RoutingId(83208, 1060735715) provider ai-agent
[83208:83208:0606/131351.544565:INFO:aha/components/towel/common/ap_impl.cc:540] [TOWEL][APImpl::OnGetProviderMetaInfo] update meta info for ai-agent method_list is ai-agent::SEND, event_list is ai-agent::PUSH_PACKET
[83208:83208:0606/131351.544569:INFO:aha/components/towel/common/static_routing_ap.cc:181] [TOWEL][StaticRoutingAP::RunPendingRequestAndEvents] provider_name= ai-agent
[83208:83208:0606/131351.544575:INFO:aha/components/towel/common/ap_impl.cc:530] [TOWEL][APImpl::OnGetProviderMetaInfo]: RoutingId(83208, 1185138991) provider ai-agent
[83208:83208:0606/131351.544579:INFO:aha/components/towel/common/ap_impl.cc:540] [TOWEL][APImpl::OnGetProviderMetaInfo] update meta info for ai-agent method_list is ai-agent::SEND, event_list is ai-agent::PUSH_PACKET
[83208:83208:0606/131351.544583:INFO:aha/components/towel/common/static_routing_ap.cc:181] [TOWEL][StaticRoutingAP::RunPendingRequestAndEvents] provider_name= ai-agent
[83208:83208:0606/131351.544591:INFO:aha/components/towel/common/ap_impl.cc:530] [TOWEL][APImpl::OnGetProviderMetaInfo]: RoutingId(83208, 1391273373) provider ai-agent
[83208:83208:0606/131351.544595:INFO:aha/components/towel/common/ap_impl.cc:540] [TOWEL][APImpl::OnGetProviderMetaInfo] update meta info for ai-agent method_list is ai-agent::SEND, event_list is ai-agent::PUSH_PACKET
[83208:83208:0606/131351.544605:INFO:aha/components/towel/common/static_routing_ap.cc:181] [TOWEL][StaticRoutingAP::RunPendingRequestAndEvents] provider_name= ai-agent
[83208:83208:0606/131351.544711:INFO:aha/components/towel/common/master_impl.cc:78] [TOWEL][MasterImpl::BindAP] success for 1185138991
[83208:83208:0606/131351.544793:INFO:aha/components/towel/common/master_impl.cc:78] [TOWEL][MasterImpl::BindAP] success for 446013874
[83208:83208:0606/131351.545280:INFO:aha/components/towel/public/provider.cc:196] [TOWEL][Provider::GetMetaInfo] provider BlockDetectorProvider, method_size is 1 method_list is BlockDetector::HEART_BEAT
[83208:83208:0606/131351.545315:INFO:aha/components/towel/public/provider.cc:196] [TOWEL][Provider::GetMetaInfo] provider trae-cn-config-channel, method_size is 1 method_list is trae-cn-config-channel::SEND
[83208:83208:0606/131351.545349:INFO:aha/components/towel/common/ap_impl.cc:530] [TOWEL][APImpl::OnGetProviderMetaInfo]: RoutingId(83208, 1008975157) provider ai
[83208:83208:0606/131351.545357:INFO:aha/components/towel/common/ap_impl.cc:540] [TOWEL][APImpl::OnGetProviderMetaInfo] update meta info for ai method_list is ai::SEND, event_list is ai::PUSH_PACKET
[83208:83208:0606/131351.545365:INFO:aha/components/towel/common/static_routing_ap.cc:181] [TOWEL][StaticRoutingAP::RunPendingRequestAndEvents] provider_name= ai
[83208:83208:0606/131351.545380:INFO:aha/components/towel/common/master_impl.cc:78] [TOWEL][MasterImpl::BindAP] success for 1008975157
[83208:83208:0606/131351.545386:INFO:aha/components/towel/common/ap_impl.cc:530] [TOWEL][APImpl::OnGetProviderMetaInfo]: RoutingId(83208, 1060735715) provider ai
[83208:83208:0606/131351.545391:INFO:aha/components/towel/common/ap_impl.cc:540] [TOWEL][APImpl::OnGetProviderMetaInfo] update meta info for ai method_list is ai::SEND, event_list is ai::PUSH_PACKET
[83208:83208:0606/131351.545395:INFO:aha/components/towel/common/static_routing_ap.cc:181] [TOWEL][StaticRoutingAP::RunPendingRequestAndEvents] provider_name= ai
[83208:83208:0606/131351.545415:INFO:aha/components/towel/common/ap_impl.cc:530] [TOWEL][APImpl::OnGetProviderMetaInfo]: RoutingId(83208, 1185138991) provider ai
[83208:83208:0606/131351.545420:INFO:aha/components/towel/common/ap_impl.cc:540] [TOWEL][APImpl::OnGetProviderMetaInfo] update meta info for ai method_list is ai::SEND, event_list is ai::PUSH_PACKET
[83208:83208:0606/131351.545424:INFO:aha/components/towel/common/static_routing_ap.cc:181] [TOWEL][StaticRoutingAP::RunPendingRequestAndEvents] provider_name= ai
[83208:83208:0606/131351.545431:INFO:aha/components/towel/common/ap_impl.cc:530] [TOWEL][APImpl::OnGetProviderMetaInfo]: RoutingId(83208, 1391273373) provider ai
[83208:83208:0606/131351.545435:INFO:aha/components/towel/common/ap_impl.cc:540] [TOWEL][APImpl::OnGetProviderMetaInfo] update meta info for ai method_list is ai::SEND, event_list is ai::PUSH_PACKET
[83208:83208:0606/131351.545439:INFO:aha/components/towel/common/static_routing_ap.cc:181] [TOWEL][StaticRoutingAP::RunPendingRequestAndEvents] provider_name= ai
[83208:83208:0606/131351.546210:INFO:aha/components/page_load_metrics/observers/page_load_metrics_observer.cc:376] [page_load_metrics][traceId-] this:0x6cc02bd02c0, OnCommit: vscode-file://vscode-app/usr/share/trae-cn/resources/app/out/vs/code/electron-browser/workbench/workbench.html
[83208:83208:0606/131351.546223:INFO:aha/components/page_load_metrics/observers/page_load_metrics_observer.cc:200] [page_load_metrics][traceId-] this:0x6cc02bd02c0, TryRegisterWidgetObserver: widget:0x6cc00175c00, visible:1, minimized:0, web_contents_visible:1
[83208:83208:0606/131351.546677:INFO:aha/components/towel/public/provider.cc:196] [TOWEL][Provider::GetMetaInfo] provider BlockDetectorProvider, method_size is 1 method_list is BlockDetector::HEART_BEAT
[83208:83208:0606/131351.546702:INFO:aha/components/towel/public/provider.cc:310] [TOWEL][Provider::ListenEvent] start, from ap RoutingId(83208, 910481557), event_list is trae-cn-config-channel::PUSH_PACKET
[83208:83208:0606/131351.546711:INFO:aha/components/towel/public/provider.cc:316] [TOWEL][Provider::ListenEvent] no APListenInfo, create one
[83208:83208:0606/131351.546719:INFO:aha/components/towel/public/provider.cc:325] [TOWEL][Provider::ListenEvent] no remote_ap for RoutingId(83208, 910481557), get it from master
[83208:83208:0606/131351.547476:INFO:aha/components/towel/public/provider.cc:196] [TOWEL][Provider::GetMetaInfo] provider trae-cn-config-channel, method_size is 1 method_list is trae-cn-config-channel::SEND
[83208:83208:0606/131351.547715:INFO:aha/components/towel/common/master_impl.cc:78] [TOWEL][MasterImpl::BindAP] success for 910481557
[83208:83208:0606/131351.551752:INFO:aha/components/towel/common/static_routing_ap.cc:244] [TOWEL]run timeout checker
[83208:83208:0606/131351.552093:INFO:aha/components/device_service/device_service.cc:659] DeviceService, has cache, directly return cache: 3137328566855434
[83208:83208:0606/131351.552106:INFO:aha/components/device_service/device_service.h:33] DeviceService GetDeviceId, cost time: 0 ms
[83208:83208:0606/131351.555008:ERROR:electron/shell/browser/electron_browser_client.cc:1685] bind receiver for render
[83208:83208:0606/131351.555023:INFO:aha/components/towel/embedder/master_binder.cc:52] [TOWEL]BindMasterInBrowser, ProcessType(2)
[83208:83208:0606/131351.555034:INFO:aha/components/towel/embedder/master_binder.cc:55] [TOWEL]BindMasterInBrowser, run in main thread, bind.
[83208:83208:0606/131351.555052:INFO:aha/components/towel/common/master_impl.cc:39] [TOWEL][MasterImpl::AddAPWithId] add ap 534482806
[83208:83208:0606/131351.555064:INFO:aha/components/towel/common/master_impl.cc:55] [TOWEL][MasterImpl::AddAP] add ap 534482806
[83208:83208:0606/131351.555134:INFO:aha/components/towel/common/master_impl.cc:193] [TOWEL][MasterImpl::GetAllProviders] provider size is 6 given size is 6
[83208:83208:0606/131351.557531:INFO:aha/components/page_load_metrics/observers/page_load_metrics_observer.cc:424] [page_load_metrics][traceId-] this:0x6cc02bd02c0, OnLoadedResource: request_start: -1292257, response_start: -1292257, response_end: 65, main_body_bytes: 2362B (2.307KiB)
[83208:83208:0606/131351.557944:INFO:aha/components/towel/public/provider.cc:196] [TOWEL][Provider::GetMetaInfo] provider BlockDetectorProvider, method_size is 1 method_list is BlockDetector::HEART_BEAT
[83208:83208:0606/131351.558062:INFO:aha/components/towel/public/provider.cc:196] [TOWEL][Provider::GetMetaInfo] provider trae-cn-config-channel, method_size is 1 method_list is trae-cn-config-channel::SEND
[83208:83208:0606/131351.653066:INFO:aha/components/towel/common/static_routing_ap.cc:244] [TOWEL]run timeout checker
[83208:83208:0606/131351.753890:INFO:aha/components/towel/common/static_routing_ap.cc:244] [TOWEL]run timeout checker
[83208:83208:0606/131351.854358:INFO:aha/components/towel/common/static_routing_ap.cc:244] [TOWEL]run timeout checker
[83208:83208:0606/131351.856412:ERROR:electron/shell/browser/electron_browser_client.cc:1933] bind receiver for utility
[83208:83208:0606/131351.856425:INFO:aha/components/towel/embedder/master_binder.cc:52] [TOWEL]BindMasterInBrowser, ProcessType(2)
[83208:83208:0606/131351.856438:INFO:aha/components/towel/embedder/master_binder.cc:55] [TOWEL]BindMasterInBrowser, run in main thread, bind.
[83208:83208:0606/131351.856514:INFO:aha/components/towel/common/master_impl.cc:39] [TOWEL][MasterImpl::AddAPWithId] add ap 1721694541
[83208:83208:0606/131351.856529:INFO:aha/components/towel/common/master_impl.cc:55] [TOWEL][MasterImpl::AddAP] add ap 1721694541
[83208:83208:0606/131351.856594:INFO:aha/components/towel/common/master_impl.cc:193] [TOWEL][MasterImpl::GetAllProviders] provider size is 6 given size is 6
[83208:83208:0606/131351.885598:INFO:aha/components/towel/public/provider.cc:196] [TOWEL][Provider::GetMetaInfo] provider BlockDetectorProvider, method_size is 1 method_list is BlockDetector::HEART_BEAT
[83208:83208:0606/131351.885636:INFO:aha/components/towel/public/provider.cc:196] [TOWEL][Provider::GetMetaInfo] provider trae-cn-config-channel, method_size is 1 method_list is trae-cn-config-channel::SEND
[83208:83208:0606/131351.885688:INFO:aha/components/towel/public/provider.cc:310] [TOWEL][Provider::ListenEvent] start, from ap RoutingId(83208, 1721694541), event_list is trae-cn-config-channel::PUSH_PACKET
[83208:83208:0606/131351.885699:INFO:aha/components/towel/public/provider.cc:316] [TOWEL][Provider::ListenEvent] no APListenInfo, create one
[83208:83208:0606/131351.885703:INFO:aha/components/towel/public/provider.cc:325] [TOWEL][Provider::ListenEvent] no remote_ap for RoutingId(83208, 1721694541), get it from master
[83208:83208:0606/131351.885736:INFO:aha/components/towel/common/master_impl.cc:78] [TOWEL][MasterImpl::BindAP] success for 1721694541
[83208:83208:0606/131351.955368:INFO:aha/components/towel/common/static_routing_ap.cc:244] [TOWEL]run timeout checker
[83208:83208:0606/131352.056131:INFO:aha/components/towel/common/static_routing_ap.cc:244] [TOWEL]run timeout checker
[83208:83208:0606/131352.157091:INFO:aha/components/towel/common/static_routing_ap.cc:244] [TOWEL]run timeout checker
[83208:83208:0606/131352.257904:INFO:aha/components/towel/common/static_routing_ap.cc:244] [TOWEL]run timeout checker
[83208:83208:0606/131352.358086:INFO:aha/components/towel/common/static_routing_ap.cc:244] [TOWEL]run timeout checker
[83208:83208:0606/131352.413449:INFO:aha/components/perf/perf_custom_param_manager.cc:25] Add custom category param isSoloMode = false
 for process 83323
[83208:83208:0606/131352.413481:INFO:aha/components/perf/perf_custom_param_manager.cc:25] Add custom category param isAIChatting = false
 for process 83323
[83208:83208:0606/131352.413499:INFO:aha/components/perf/perf_custom_param_manager.cc:25] Add custom category param isStreaming = false
 for process 83323
[83208:83208:0606/131352.415642:INFO:aha/components/towel/common/master_impl.cc:78] [TOWEL][MasterImpl::BindAP] success for 534482806
[83208:83208:0606/131352.458912:INFO:aha/components/towel/common/static_routing_ap.cc:244] [TOWEL]run timeout checker
[83208:83208:0606/131352.489151:INFO:content/public/browser/service_process_host.cc:108] vscode_crash_reporter_process_type: is shared-process
[83208:83208:0606/131352.492755:INFO:content/public/browser/service_process_host.cc:108] vscode_crash_reporter_process_type: is fileWatcher
[83208:83208:0606/131352.499758:INFO:aha/components/process_observer/aha_process_observer.cc:43] [process observer][process launched] type is:shared-process, pid is:83418
[83208:83208:0606/131352.499817:INFO:aha/components/perf/perf_manager_base.cc:427] [perf manager][function = AddProcess] add process:83418
[83208:83208:0606/131352.499854:INFO:aha/components/perf/collector/perf_collector_base.cc:29] [perf collector][function=ShouldCollectProcess] AddProcess pid:83418 cmd:/proc/self/exe --type=utility --utility-sub-type=node.mojom.NodeService --lang=zh-CN --service-sandbox-type=none --render-node-override=/dev/dri/renderD129 --vscode-crash-reporter-process-type=shared-process --crashpad-handler-pid=83210 --enable-crash-reporter=177566f7-f9a4-4531-8f1c-c94b9515485f,no_channel --user-data-dir=/home/eternity/.config/Trae CN --standard-schemes=vscode-webview,vscode-file --enable-sandbox --secure-schemes=vscode-webview,vscode-file --cors-schemes=vscode-webview,vscode-file --fetch-schemes=vscode-webview,vscode-file --service-worker-schemes=vscode-webview --code-cache-schemes=vscode-webview,vscode-file --shared-files=v8_context_snapshot_data:100 --field-trial-handle=3,i,3275674947478690926,14422436082897923813,262144 --enable-features=DocumentPolicyIncludeJSCallStacksInCrashReports,EarlyEstablishGpuChannel,EstablishGpuChannelAsync,PdfUseShowSaveFilePicker --disable-features=CalculateNativeWinOcclusion,LocalNetworkAccessChecks,ScreenAIOCREnabled,SpareRendererForSitePerProcess,TraceSiteInstanceGetProcessCreation --variations-seed-version --trace-process-track-uuid=3190708995682289984
[83208:83208:0606/131352.499870:INFO:aha/components/perf/collector/perf_collector_base.cc:29] [perf collector][function=ShouldCollectProcess] AddProcess pid:83418 cmd:/proc/self/exe --type=utility --utility-sub-type=node.mojom.NodeService --lang=zh-CN --service-sandbox-type=none --render-node-override=/dev/dri/renderD129 --vscode-crash-reporter-process-type=shared-process --crashpad-handler-pid=83210 --enable-crash-reporter=177566f7-f9a4-4531-8f1c-c94b9515485f,no_channel --user-data-dir=/home/eternity/.config/Trae CN --standard-schemes=vscode-webview,vscode-file --enable-sandbox --secure-schemes=vscode-webview,vscode-file --cors-schemes=vscode-webview,vscode-file --fetch-schemes=vscode-webview,vscode-file --service-worker-schemes=vscode-webview --code-cache-schemes=vscode-webview,vscode-file --shared-files=v8_context_snapshot_data:100 --field-trial-handle=3,i,3275674947478690926,14422436082897923813,262144 --enable-features=DocumentPolicyIncludeJSCallStacksInCrashReports,EarlyEstablishGpuChannel,EstablishGpuChannelAsync,PdfUseShowSaveFilePicker --disable-features=CalculateNativeWinOcclusion,LocalNetworkAccessChecks,ScreenAIOCREnabled,SpareRendererForSitePerProcess,TraceSiteInstanceGetProcessCreation --variations-seed-version --trace-process-track-uuid=3190708995682289984
[83208:83208:0606/131352.499891:INFO:aha/components/perf/collector/perf_collector_base.cc:29] [perf collector][function=ShouldCollectProcess] AddProcess pid:83418 cmd:/proc/self/exe --type=utility --utility-sub-type=node.mojom.NodeService --lang=zh-CN --service-sandbox-type=none --render-node-override=/dev/dri/renderD129 --vscode-crash-reporter-process-type=shared-process --crashpad-handler-pid=83210 --enable-crash-reporter=177566f7-f9a4-4531-8f1c-c94b9515485f,no_channel --user-data-dir=/home/eternity/.config/Trae CN --standard-schemes=vscode-webview,vscode-file --enable-sandbox --secure-schemes=vscode-webview,vscode-file --cors-schemes=vscode-webview,vscode-file --fetch-schemes=vscode-webview,vscode-file --service-worker-schemes=vscode-webview --code-cache-schemes=vscode-webview,vscode-file --shared-files=v8_context_snapshot_data:100 --field-trial-handle=3,i,3275674947478690926,14422436082897923813,262144 --enable-features=DocumentPolicyIncludeJSCallStacksInCrashReports,EarlyEstablishGpuChannel,EstablishGpuChannelAsync,PdfUseShowSaveFilePicker --disable-features=CalculateNativeWinOcclusion,LocalNetworkAccessChecks,ScreenAIOCREnabled,SpareRendererForSitePerProcess,TraceSiteInstanceGetProcessCreation --variations-seed-version --trace-process-track-uuid=3190708995682289984
[83208:83208:0606/131352.500021:INFO:aha/components/process_observer/aha_process_observer.cc:43] [process observer][process launched] type is:fileWatcher, pid is:83419
[83208:83208:0606/131352.500048:INFO:aha/components/perf/perf_manager_base.cc:427] [perf manager][function = AddProcess] add process:83419
[83208:83208:0606/131352.500072:INFO:aha/components/perf/collector/perf_collector_base.cc:29] [perf collector][function=ShouldCollectProcess] AddProcess pid:83419 cmd:/proc/self/exe --type=utility --utility-sub-type=node.mojom.NodeService --lang=zh-CN --service-sandbox-type=none --render-node-override=/dev/dri/renderD129 --vscode-crash-reporter-process-type=fileWatcher --crashpad-handler-pid=83210 --enable-crash-reporter=177566f7-f9a4-4531-8f1c-c94b9515485f,no_channel --user-data-dir=/home/eternity/.config/Trae CN --standard-schemes=vscode-webview,vscode-file --enable-sandbox --secure-schemes=vscode-webview,vscode-file --cors-schemes=vscode-webview,vscode-file --fetch-schemes=vscode-webview,vscode-file --service-worker-schemes=vscode-webview --code-cache-schemes=vscode-webview,vscode-file --shared-files=v8_context_snapshot_data:100 --field-trial-handle=3,i,3275674947478690926,14422436082897923813,262144 --enable-features=DocumentPolicyIncludeJSCallStacksInCrashReports,EarlyEstablishGpuChannel,EstablishGpuChannelAsync,PdfUseShowSaveFilePicker --disable-features=CalculateNativeWinOcclusion,LocalNetworkAccessChecks,ScreenAIOCREnabled,SpareRendererForSitePerProcess,TraceSiteInstanceGetProcessCreation --variations-seed-version --trace-process-track-uuid=3190708996619331833
[83208:83208:0606/131352.500092:INFO:aha/components/perf/collector/perf_collector_base.cc:29] [perf collector][function=ShouldCollectProcess] AddProcess pid:83419 cmd:/proc/self/exe --type=utility --utility-sub-type=node.mojom.NodeService --lang=zh-CN --service-sandbox-type=none --render-node-override=/dev/dri/renderD129 --vscode-crash-reporter-process-type=fileWatcher --crashpad-handler-pid=83210 --enable-crash-reporter=177566f7-f9a4-4531-8f1c-c94b9515485f,no_channel --user-data-dir=/home/eternity/.config/Trae CN --standard-schemes=vscode-webview,vscode-file --enable-sandbox --secure-schemes=vscode-webview,vscode-file --cors-schemes=vscode-webview,vscode-file --fetch-schemes=vscode-webview,vscode-file --service-worker-schemes=vscode-webview --code-cache-schemes=vscode-webview,vscode-file --shared-files=v8_context_snapshot_data:100 --field-trial-handle=3,i,3275674947478690926,14422436082897923813,262144 --enable-features=DocumentPolicyIncludeJSCallStacksInCrashReports,EarlyEstablishGpuChannel,EstablishGpuChannelAsync,PdfUseShowSaveFilePicker --disable-features=CalculateNativeWinOcclusion,LocalNetworkAccessChecks,ScreenAIOCREnabled,SpareRendererForSitePerProcess,TraceSiteInstanceGetProcessCreation --variations-seed-version --trace-process-track-uuid=3190708996619331833
[83208:83208:0606/131352.500109:INFO:aha/components/perf/collector/perf_collector_base.cc:29] [perf collector][function=ShouldCollectProcess] AddProcess pid:83419 cmd:/proc/self/exe --type=utility --utility-sub-type=node.mojom.NodeService --lang=zh-CN --service-sandbox-type=none --render-node-override=/dev/dri/renderD129 --vscode-crash-reporter-process-type=fileWatcher --crashpad-handler-pid=83210 --enable-crash-reporter=177566f7-f9a4-4531-8f1c-c94b9515485f,no_channel --user-data-dir=/home/eternity/.config/Trae CN --standard-schemes=vscode-webview,vscode-file --enable-sandbox --secure-schemes=vscode-webview,vscode-file --cors-schemes=vscode-webview,vscode-file --fetch-schemes=vscode-webview,vscode-file --service-worker-schemes=vscode-webview --code-cache-schemes=vscode-webview,vscode-file --shared-files=v8_context_snapshot_data:100 --field-trial-handle=3,i,3275674947478690926,14422436082897923813,262144 --enable-features=DocumentPolicyIncludeJSCallStacksInCrashReports,EarlyEstablishGpuChannel,EstablishGpuChannelAsync,PdfUseShowSaveFilePicker --disable-features=CalculateNativeWinOcclusion,LocalNetworkAccessChecks,ScreenAIOCREnabled,SpareRendererForSitePerProcess,TraceSiteInstanceGetProcessCreation --variations-seed-version --trace-process-track-uuid=3190708996619331833
[83208:83208:0606/131352.541505:ERROR:aha/components/basil/core/native_extension_manager_impl.cc:51] [Basil][Basil] no extension found, name=ckg
[83208:83208:0606/131352.541531:INFO:aha/components/basil/core/native_extension_impl.cc:105] [Basil]native_extension created, name=ckg
[83208:83208:0606/131352.541539:INFO:aha/components/basil/core/native_extension_impl.cc:130] [Basil]launch native extension process start, name=ckg
[83208:83208:0606/131352.541546:INFO:content/public/browser/service_process_host.cc:108] vscode_crash_reporter_process_type: is ckg
[83208:83208:0606/131352.545517:INFO:aha/components/basil/core/native_extension_impl.cc:206] [Basil]process launched, name=ckg, pid=83448
[83208:83208:0606/131352.545647:INFO:aha/electron/shell/browser/api/electron_api_aha_reporter.cc:206] setPerfContextForProcess enableCkgAhaRequest false

[83208:83208:0606/131352.545660:INFO:aha/components/perf/perf_custom_param_manager.cc:25] Add custom category param enableCkgAhaRequest = false
 for process 83448
[83208:83208:0606/131352.545756:INFO:aha/components/process_observer/aha_process_observer.cc:43] [process observer][process launched] type is:ckg, pid is:83448
[83208:83208:0606/131352.545813:INFO:aha/components/perf/perf_manager_base.cc:427] [perf manager][function = AddProcess] add process:83448
[83208:83208:0606/131352.545851:INFO:aha/components/perf/collector/perf_collector_base.cc:29] [perf collector][function=ShouldCollectProcess] AddProcess pid:83448 cmd:
[83208:83208:0606/131352.545865:INFO:aha/components/perf/collector/perf_collector_base.cc:29] [perf collector][function=ShouldCollectProcess] AddProcess pid:83448 cmd:
[83208:83208:0606/131352.545888:INFO:aha/components/perf/collector/perf_collector_base.cc:29] [perf collector][function=ShouldCollectProcess] AddProcess pid:83448 cmd:
[83208:83208:0606/131352.550471:ERROR:aha/components/basil/core/native_extension_impl.cc:253] [Basil]process crashed, name=ckg, code=256
[83208:83208:0606/131352.550487:INFO:aha/components/basil/core/native_extension_impl.cc:260] [Basil]HandleTermination, exit_code=256
[83208:83208:0606/131352.550649:INFO:aha/components/basil/core/native_extension_manager_impl.cc:96] [Basil]release native_extension, name=ckg
[83208:83208:0606/131352.550771:ERROR:aha/components/process_observer/aha_process_observer.cc:70] [process observer][process gone] type is: ckg, pid is: 83448, status is: 1, exit code is: 256, run time is: -1, is sandbox: 1
[83208:83208:0606/131352.550812:INFO:aha/components/perf/perf_manager_base.cc:488] [perf manager][function = RemoveProcess] remove exited process:83448
[83208:83208:0606/131352.559426:INFO:aha/components/towel/common/static_routing_ap.cc:244] [TOWEL]run timeout checker
[83208:83208:0606/131352.559449:INFO:aha/components/towel/common/static_routing_ap.cc:251] [TOWEL][StaticRoutingAP] found request timeout
[83208:83208:0606/131352.559461:INFO:aha/components/towel/common/static_routing_ap.cc:251] [TOWEL][StaticRoutingAP] found request timeout
[83208:83208:0606/131352.559468:INFO:aha/components/ipc/ipc_client.cc:166] [AhaIpc] request timeout, channel_id=94a5486a-bd9a-4c4f-b48a-619cea09d0de
[83208:83208:0606/131352.559474:WARNING:aha/electron/shell/common/ipc/electron_api_aha_ipc.cc:139] [AhaIpc] on send timeout, channel_id: 94a5486a-bd9a-4c4f-b48a-619cea09d0de
[83208:83208:0606/131352.559626:INFO:aha/components/towel/common/static_routing_ap.cc:267] [TOWEL]stop timeout checker
[83208:83208:0606/131352.572887:INFO:content/public/browser/service_process_host.cc:108] vscode_crash_reporter_process_type: is extensionHost
[83208:83208:0606/131352.576846:INFO:aha/components/process_observer/aha_process_observer.cc:43] [process observer][process launched] type is:extensionHost, pid is:83449
[83208:83208:0606/131352.576907:INFO:aha/components/perf/perf_manager_base.cc:427] [perf manager][function = AddProcess] add process:83449
[83208:83208:0606/131352.576941:INFO:aha/components/perf/collector/perf_collector_base.cc:29] [perf collector][function=ShouldCollectProcess] AddProcess pid:83449 cmd:
[83208:83208:0606/131352.576955:INFO:aha/components/perf/collector/perf_collector_base.cc:29] [perf collector][function=ShouldCollectProcess] AddProcess pid:83449 cmd:
[83208:83208:0606/131352.576970:INFO:aha/components/perf/collector/perf_collector_base.cc:29] [perf collector][function=ShouldCollectProcess] AddProcess pid:83449 cmd:
[83208:83208:0606/131352.628375:ERROR:electron/shell/browser/electron_browser_client.cc:1933] bind receiver for utility
[83208:83208:0606/131352.628406:INFO:aha/components/towel/embedder/master_binder.cc:52] [TOWEL]BindMasterInBrowser, ProcessType(2)
[83208:83208:0606/131352.628418:INFO:aha/components/towel/embedder/master_binder.cc:55] [TOWEL]BindMasterInBrowser, run in main thread, bind.
[83208:83208:0606/131352.629911:INFO:aha/components/towel/common/master_impl.cc:153] [TOWEL][MasterImpl::RegisterProvider] success cueServer provider size now is 7
[83208:83208:0606/131352.630605:INFO:aha/components/towel/common/ap_impl.cc:406] [TOWEL][APImpl::OnProviderAdded] provider_name cueServer, RoutingId(83208, 1008975157)
[83208:83208:0606/131352.630623:INFO:aha/components/towel/common/static_routing_ap.cc:181] [TOWEL][StaticRoutingAP::RunPendingRequestAndEvents] provider_name= cueServer
[83208:83208:0606/131352.630665:INFO:aha/components/towel/common/ap_impl.cc:406] [TOWEL][APImpl::OnProviderAdded] provider_name cueServer, RoutingId(83208, 1060735715)
[83208:83208:0606/131352.630672:INFO:aha/components/monitor/monitor.cc:129] [Monitor] OnProviderConnected: OnProviderConnected, name: cueServer
[83208:83208:0606/131352.630682:INFO:aha/components/towel/common/static_routing_ap.cc:181] [TOWEL][StaticRoutingAP::RunPendingRequestAndEvents] provider_name= cueServer
[83208:83208:0606/131352.630729:INFO:aha/components/towel/common/ap_impl.cc:406] [TOWEL][APImpl::OnProviderAdded] provider_name cueServer, RoutingId(83208, 1185138991)
[83208:83208:0606/131352.630736:INFO:aha/components/ipc/ipc_client.cc:172] [AhaIpc] provider connected, name: cueServer
[83208:83208:0606/131352.630745:WARNING:aha/components/towel/common/ap_impl.cc:220] [TOWEL][APImpl::ListensEvents] no provider for event cueServer::PUSH_PACKET
[83208:83208:0606/131352.630751:INFO:aha/components/towel/common/ap_impl.cc:594] [TOWEL][APImpl::ListensEvents] start, RoutingId(83208, 1185138991)
[83208:83208:0606/131352.630757:INFO:aha/components/towel/common/ap_impl.cc:596] [TOWEL][APImpl::ListensEvents] no pending_listen_requests_, do nothing
[83208:83208:0606/131352.630795:INFO:aha/components/towel/common/static_routing_ap.cc:171] [TOWEL][StaticRoutingAP::TryAddPendingEvents] provider not ready, store event and wait. event cueServer::PUSH_PACKET
[83208:83208:0606/131352.630807:INFO:aha/components/towel/common/static_routing_ap.cc:181] [TOWEL][StaticRoutingAP::RunPendingRequestAndEvents] provider_name= cueServer
[83208:83208:0606/131352.630813:INFO:aha/components/towel/common/static_routing_ap.cc:195] [TOWEL][StaticRoutingAP::RunPendingEvents] run pending events, event_list is cueServer::PUSH_PACKET,cueServer::PUSH_PACKET
[83208:83208:0606/131352.630862:INFO:aha/components/towel/common/ap_impl.cc:406] [TOWEL][APImpl::OnProviderAdded] provider_name cueServer, RoutingId(83208, 1391273373)
[83208:83208:0606/131352.630869:INFO:aha/components/towel/common/static_routing_ap.cc:181] [TOWEL][StaticRoutingAP::RunPendingRequestAndEvents] provider_name= cueServer
[83208:83208:0606/131352.642034:INFO:aha/components/towel/common/ap_impl.cc:530] [TOWEL][APImpl::OnGetProviderMetaInfo]: RoutingId(83208, 1008975157) provider cueServer
[83208:83208:0606/131352.642052:INFO:aha/components/towel/common/ap_impl.cc:540] [TOWEL][APImpl::OnGetProviderMetaInfo] update meta info for cueServer method_list is cueServer::SEND, event_list is cueServer::PUSH_PACKET
[83208:83208:0606/131352.642060:INFO:aha/components/towel/common/static_routing_ap.cc:181] [TOWEL][StaticRoutingAP::RunPendingRequestAndEvents] provider_name= cueServer
[83208:83208:0606/131352.642082:INFO:aha/components/towel/common/ap_impl.cc:530] [TOWEL][APImpl::OnGetProviderMetaInfo]: RoutingId(83208, 1060735715) provider cueServer
[83208:83208:0606/131352.642089:INFO:aha/components/towel/common/ap_impl.cc:540] [TOWEL][APImpl::OnGetProviderMetaInfo] update meta info for cueServer method_list is cueServer::SEND, event_list is cueServer::PUSH_PACKET
[83208:83208:0606/131352.642094:INFO:aha/components/towel/common/static_routing_ap.cc:181] [TOWEL][StaticRoutingAP::RunPendingRequestAndEvents] provider_name= cueServer
[83208:83208:0606/131352.642109:INFO:aha/components/towel/common/ap_impl.cc:530] [TOWEL][APImpl::OnGetProviderMetaInfo]: RoutingId(83208, 1185138991) provider cueServer
[83208:83208:0606/131352.642115:INFO:aha/components/towel/common/ap_impl.cc:540] [TOWEL][APImpl::OnGetProviderMetaInfo] update meta info for cueServer method_list is cueServer::SEND, event_list is cueServer::PUSH_PACKET
[83208:83208:0606/131352.642120:INFO:aha/components/towel/common/static_routing_ap.cc:181] [TOWEL][StaticRoutingAP::RunPendingRequestAndEvents] provider_name= cueServer
[83208:83208:0606/131352.642130:INFO:aha/components/towel/common/ap_impl.cc:530] [TOWEL][APImpl::OnGetProviderMetaInfo]: RoutingId(83208, 1391273373) provider cueServer
[83208:83208:0606/131352.642136:INFO:aha/components/towel/common/ap_impl.cc:540] [TOWEL][APImpl::OnGetProviderMetaInfo] update meta info for cueServer method_list is cueServer::SEND, event_list is cueServer::PUSH_PACKET
[83208:83208:0606/131352.642142:INFO:aha/components/towel/common/static_routing_ap.cc:181] [TOWEL][StaticRoutingAP::RunPendingRequestAndEvents] provider_name= cueServer
[83208:83208:0606/131352.642164:INFO:aha/components/towel/common/master_impl.cc:78] [TOWEL][MasterImpl::BindAP] success for 1185138991
[83208:83208:0606/131352.750401:INFO:aha/components/page_load_metrics/observers/page_load_metrics_observer.cc:567] [page_load_metrics][traceId-] this:0x6cc02bd02c0, LCP event triggered: LCP: 1089, index: 1
[83208:83208:0606/131352.750475:INFO:aha/components/metrics/metrics_base.cc:112] [startup]  category: , metrics: basicStartupComplete=0;basicStartupComplete_end=0;basicStartupComplete_start=0;commitNavigation=1;commitNavigation_end=575;commitNavigation_start=574;crashReporterStartup=4;crashReporterStartup_end=5;crashReporterStartup_start=1;createBrowserWindow=8;createBrowserWindow_end=520;createBrowserWindow_start=512;createNodeEnv=33;createNodeEnv_end=92;createNodeEnv_start=59;dcl=86;dcl_end=609;dcl_start=523;emitReadyEvent=0;emitReadyEvent_end=364;emitReadyEvent_start=364;fcp=1089;fcp_end=1612;fcp_start=523;fmp=0;fmp_end=523;fmp_start=523;fp=1089;fp_end=1612;fp_start=523;initNodeEnv=26;initNodeEnv_end=118;initNodeEnv_start=92;initRunBrowser=2;initRunBrowser_end=34;initRunBrowser_start=32;initializeICU=0;initializeICU_end=1;initializeICU_start=1;joinAppCode=0;joinAppCode_end=315;joinAppCode_start=315;l=92;l_end=615;l_start=523;lcp=1089;lcp_end=1612;lcp_start=523;loadAppCode=197;loadAppCode_end=315;loadAppCode_start=118;loadV8Snapshot=0;loadV8Snapshot_end=1;loadV8Snapshot_start=1;parse=33;parse_end=609;parse_start=576;rendererReady=12;rendererReady_end=535;rendererReady_start=523;response=64;response_end=588;response_start=524;startup=1781;startup_end=1781;startup_start=0;
[83208:83208:0606/131352.764928:ERROR:electron/shell/browser/electron_browser_client.cc:1933] bind receiver for utility
[83208:83208:0606/131352.764942:INFO:aha/components/towel/embedder/master_binder.cc:52] [TOWEL]BindMasterInBrowser, ProcessType(2)
[83208:83208:0606/131352.764956:INFO:aha/components/towel/embedder/master_binder.cc:55] [TOWEL]BindMasterInBrowser, run in main thread, bind.
[83208:83208:0606/131352.765060:INFO:aha/components/towel/common/master_impl.cc:39] [TOWEL][MasterImpl::AddAPWithId] add ap 342846813
[83208:83208:0606/131352.765076:INFO:aha/components/towel/common/master_impl.cc:55] [TOWEL][MasterImpl::AddAP] add ap 342846813
[83208:83208:0606/131352.765249:INFO:aha/components/towel/common/master_impl.cc:193] [TOWEL][MasterImpl::GetAllProviders] provider size is 7 given size is 7
[83208:83208:0606/131352.808219:INFO:aha/components/towel/public/provider.cc:196] [TOWEL][Provider::GetMetaInfo] provider BlockDetectorProvider, method_size is 1 method_list is BlockDetector::HEART_BEAT
[83208:83208:0606/131352.808288:INFO:aha/components/towel/public/provider.cc:196] [TOWEL][Provider::GetMetaInfo] provider trae-cn-config-channel, method_size is 1 method_list is trae-cn-config-channel::SEND
[83208:83208:0606/131353.241962:INFO:electron/shell/browser/electron_browser_client.cc:1940] aha net utility process bind network receiver
[83208:83208:0606/131353.494987:INFO:aha/components/page_load_metrics/observers/page_load_metrics_observer.cc:567] [page_load_metrics][traceId-] this:0x6cc02bd02c0, LCP event triggered: LCP: 1538, index: 2
[83208:83208:0606/131353.732048:INFO:content/public/browser/service_process_host.cc:108] vscode_crash_reporter_process_type: is ptyHost
[83208:83208:0606/131353.737181:INFO:aha/components/process_observer/aha_process_observer.cc:43] [process observer][process launched] type is:ptyHost, pid is:83557
[83208:83208:0606/131353.737255:INFO:aha/components/perf/perf_manager_base.cc:427] [perf manager][function = AddProcess] add process:83557
[83208:83208:0606/131353.737293:INFO:aha/components/perf/collector/perf_collector_base.cc:29] [perf collector][function=ShouldCollectProcess] AddProcess pid:83557 cmd:
[83208:83208:0606/131353.737306:INFO:aha/components/perf/collector/perf_collector_base.cc:29] [perf collector][function=ShouldCollectProcess] AddProcess pid:83557 cmd:
[83208:83208:0606/131353.737321:INFO:aha/components/perf/collector/perf_collector_base.cc:29] [perf collector][function=ShouldCollectProcess] AddProcess pid:83557 cmd:
[83208:83208:0606/131354.067909:ERROR:electron/shell/browser/electron_browser_client.cc:1933] bind receiver for utility
[83208:83208:0606/131354.067932:INFO:aha/components/towel/embedder/master_binder.cc:52] [TOWEL]BindMasterInBrowser, ProcessType(2)
[83208:83208:0606/131354.067950:INFO:aha/components/towel/embedder/master_binder.cc:55] [TOWEL]BindMasterInBrowser, run in main thread, bind.
[83208:83208:0606/131354.067971:INFO:aha/components/towel/common/master_impl.cc:39] [TOWEL][MasterImpl::AddAPWithId] add ap 388087836
[83208:83208:0606/131354.067986:INFO:aha/components/towel/common/master_impl.cc:55] [TOWEL][MasterImpl::AddAP] add ap 388087836
[83208:83208:0606/131354.068091:INFO:aha/components/towel/common/master_impl.cc:193] [TOWEL][MasterImpl::GetAllProviders] provider size is 7 given size is 7
[83208:83208:0606/131354.077271:INFO:aha/components/towel/public/provider.cc:196] [TOWEL][Provider::GetMetaInfo] provider BlockDetectorProvider, method_size is 1 method_list is BlockDetector::HEART_BEAT
[83208:83208:0606/131354.077436:INFO:aha/components/towel/public/provider.cc:196] [TOWEL][Provider::GetMetaInfo] provider trae-cn-config-channel, method_size is 1 method_list is trae-cn-config-channel::SEND
[83208:83208:0606/131354.077538:INFO:aha/components/towel/common/master_impl.cc:78] [TOWEL][MasterImpl::BindAP] success for 388087836
[83208:83208:0606/131356.339856:INFO:aha/components/perf/config/config_parser.cc:85] [config parser] json parser success:{
"version":"local_1",
"system_memory_collect_interval": 5,
"system_memory_pressure_level":{
    "kNormal": [[20,3000],[]],
    "kModerate": [[10,1800],[20,3000]],
    "kCritical": [[],[10,1800]]
},
"__dynamic_config":[
{
    "range": [4096, 8192],
    "system_low_memory_status": {
      "kLow": [[],[100,2048]]
    }
},
{
  "range": [8192, 16384],
  "system_low_memory_status": {
    "kLow": [[],[100,4096]]
  }
}],
"system_cpu_level":{
    "kNormal":[[],[30,30]],
    "kFair":[[30,30],[50,50]],
    "kSerious":[[50,50],[90,90]],
    "kCritical":[[90,90],[]]
},

"render_level":{
  "kLow": [[],[3,500]],
  "kMid": [[3,500], [20, 2500]],
  "kHigh": [[20, 2500], [80, 10000]],
  "kLimit": [[80, 10000],[]]
},
"lark_phys_memory_level": {
  "kLow": [[],[100,1024]],
  "kMid": [[100,1024],[100,1536]],
  "kHigh":[[100,1536],[]]
}
}
[83208:83208:0606/131356.339879:INFO:aha/components/perf/config/config_parser.cc:73] [config parser] json parser success:
[83208:83208:0606/131356.339885:INFO:aha/components/perf/config/config_parser.cc:63] [config parser] not satisfy current dynamic config,refer_value:31249,min:4096,max:8192
[83208:83208:0606/131356.339893:INFO:aha/components/perf/config/config_parser.cc:63] [config parser] not satisfy current dynamic config,refer_value:31249,min:8192,max:16384
[83208:83208:0606/131356.339900:INFO:aha/components/perf/observer/perf_observer_config.cc:200] [perf observer][config] system_memory_collect_interval:5 s,version:local_1
[83208:83208:0606/131357.552131:ERROR:aha/components/basil/core/native_extension_manager_impl.cc:51] [Basil][Basil] no extension found, name=ckg
[83208:83208:0606/131357.552160:INFO:aha/components/basil/core/native_extension_impl.cc:105] [Basil]native_extension created, name=ckg
[83208:83208:0606/131357.552169:INFO:aha/components/basil/core/native_extension_impl.cc:130] [Basil]launch native extension process start, name=ckg
[83208:83208:0606/131357.552176:INFO:content/public/browser/service_process_host.cc:108] vscode_crash_reporter_process_type: is ckg
[83208:83208:0606/131357.556155:INFO:aha/components/basil/core/native_extension_impl.cc:206] [Basil]process launched, name=ckg, pid=83639
[83208:83208:0606/131357.556228:INFO:aha/electron/shell/browser/api/electron_api_aha_reporter.cc:206] setPerfContextForProcess enableCkgAhaRequest false

[83208:83208:0606/131357.556236:INFO:aha/components/perf/perf_custom_param_manager.cc:25] Add custom category param enableCkgAhaRequest = false
 for process 83639
[83208:83208:0606/131357.556430:INFO:aha/components/process_observer/aha_process_observer.cc:43] [process observer][process launched] type is:ckg, pid is:83639
[83208:83208:0606/131357.556479:INFO:aha/components/perf/perf_manager_base.cc:427] [perf manager][function = AddProcess] add process:83639
[83208:83208:0606/131357.556510:INFO:aha/components/perf/collector/perf_collector_base.cc:29] [perf collector][function=ShouldCollectProcess] AddProcess pid:83639 cmd:
[83208:83208:0606/131357.556521:INFO:aha/components/perf/collector/perf_collector_base.cc:29] [perf collector][function=ShouldCollectProcess] AddProcess pid:83639 cmd:
[83208:83208:0606/131357.556532:INFO:aha/components/perf/collector/perf_collector_base.cc:29] [perf collector][function=ShouldCollectProcess] AddProcess pid:83639 cmd:
[83208:83208:0606/131357.561009:ERROR:aha/components/basil/core/native_extension_impl.cc:253] [Basil]process crashed, name=ckg, code=256
[83208:83208:0606/131357.561024:INFO:aha/components/basil/core/native_extension_impl.cc:260] [Basil]HandleTermination, exit_code=256
[83208:83208:0606/131357.561220:INFO:aha/components/basil/core/native_extension_manager_impl.cc:96] [Basil]release native_extension, name=ckg
[83208:83208:0606/131357.561313:ERROR:aha/components/process_observer/aha_process_observer.cc:70] [process observer][process gone] type is: ckg, pid is: 83639, status is: 1, exit code is: 256, run time is: -1, is sandbox: 1
[83208:83208:0606/131357.561350:INFO:aha/components/perf/perf_manager_base.cc:488] [perf manager][function = RemoveProcess] remove exited process:83639
[83208:83208:0606/131358.495733:INFO:aha/components/page_load_metrics/observers/page_load_metrics_observer.cc:756] [page_load_metrics][traceId-] this:0x6cc02bd02c0, Send: metrics:{"DCL":86,"FCP":1089,"FMP":1089,"FP":1089,"L":92,"LCP":1538,"background_duration":1,"commit_navigation_end":52,"commit_navigation_start":51,"first_background_time":0,"first_foreground_time":0,"foreground":1,"foreground_duration":7002,"foreground_fcp":1,"is_render_process_ready":0,"lcp_candidate_index":2,"main_body_bytes":2362,"net_error_code":0,"parse_start":53,"parse_stop":86,"reload_type":0,"render_process_gone":0,"render_process_ready":12,"render_view_ready":0,"request_start":-1292257,"response_end":65,"response_start":1,"started_in_foreground":1}, category:{"is_prerender_page":"false","is_redirect":"false","is_same_document":"false","is_timeout":"false","lcp_type":"text"}
[83208:83208:0606/131358.512530:INFO:aha/components/ipc/ipc_socket.cc:68] [AhaIpc] socket on_disconnect, server: cueServer,  channel_id: 94a5486a-bd9a-4c4f-b48a-619cea09d0de
[83208:83208:0606/131406.241587:ERROR:content/browser/browser_main_loop.cc:292] GLib-GObject: ../glib/gobject/gsignal.c:2723: instance '0x6cc04312e00' has no handler with id '3202'
[83208:83208:0606/131406.798273:INFO:aha/electron/shell/browser/api/electron_api_aha_net.cc:188] AhaNet::UpdateRegionRemoteCallback success:1, context_id:51ec8c73-ffe9-43cf-87db-b532117e5594
[83208:83208:0606/131406.871898:INFO:aha/electron/shell/browser/api/electron_api_aha_net.cc:226] tnc-config-updated content={"http_code":200,"net_error":0,"network":true,"stage":3,"update":false,"uuid":"51ec8c73-ffe9-43cf-87db-b532117e5594"}
[83208:83208:0606/131407.166065:INFO:aha/components/process_observer/aha_process_observer.cc:54] [process observer][process disconnected] type is:extensionHost, pid is:83449
[83208:83208:0606/131407.166108:INFO:aha/components/perf/perf_manager_base.cc:488] [perf manager][function = RemoveProcess] remove exited process:83449
[83208:83208:0606/131407.166117:INFO:aha/components/perf/perf_custom_param_manager.cc:39] Remove custom params for process 83449
[83208:83208:0606/131407.180518:INFO:aha/components/page_load_metrics/observers/page_load_metrics_observer.cc:387] [page_load_metrics][traceId-] this:0x6cc02bd02c0, OnHidden
[83208:83208:0606/131407.180532:INFO:aha/components/page_load_metrics/observers/page_load_metrics_observer.cc:277] [page_load_metrics][traceId-] this:0x6cc02bd02c0, DidHidden: foreground_duration:15687ms, hidden_times:1
[83208:83208:0606/131407.180768:INFO:aha/components/page_load_metrics/observers/page_load_metrics_observer.cc:340] [page_load_metrics][traceId-] this:0x6cc02bd02c0, OnComplete
[83208:83208:0606/131407.180785:INFO:aha/components/page_load_metrics/observers/page_load_metrics_observer.cc:115] [page_load_metrics][traceId-] this:0x6cc02bd02c0, AhaPageLoadMetricsObserver::dtor
[83208:83208:0606/131407.185301:INFO:aha/components/ipc/ipc_socket.cc:68] [AhaIpc] socket on_disconnect, server: trae-cn-config-channel,  channel_id: 8c13b9a2-a333-4c7b-a87c-b9a2284375f4
[83208:83208:0606/131407.185333:INFO:aha/components/ipc/ipc_socket.cc:68] [AhaIpc] socket on_disconnect, server: trae-cn-config-channel,  channel_id: d78ec577-2623-4bcd-b3ee-5edad6ee2984
[83208:83208:0606/131407.185349:INFO:aha/components/towel/public/provider.cc:51] [TOWEL][Provider::Destruct] unregister methods start
[83208:83208:0606/131407.185353:INFO:aha/components/towel/public/provider.cc:54] [TOWEL][Provider::Destruct] unregister methods, method=trae-cn-config-channel::SEND
[83208:83208:0606/131407.185361:INFO:aha/components/towel/public/provider.cc:65] [TOWEL][Provider::Destruct] unregister methods end
[83208:83208:0606/131407.185661:INFO:aha/components/basil/core/native_extension_impl.cc:178] [Basil]Shutdown, exit_code=15
[83208:83208:0606/131407.187892:INFO:aha/components/process_observer/aha_process_observer.cc:54] [process observer][process disconnected] type is:renderer, pid is:83323
[83208:83208:0606/131407.187935:INFO:aha/components/perf/perf_manager_base.cc:488] [perf manager][function = RemoveProcess] remove exited process:83323
[83208:83208:0606/131407.187945:INFO:aha/components/perf/perf_custom_param_manager.cc:39] Remove custom params for process 83323
[83208:83208:0606/131407.188872:INFO:aha/components/towel/common/master_impl.cc:166] [TOWEL][MasterImpl::UnRegisterProvider] name is trae-cn-config-channel provider size now is 6
[83208:83208:0606/131407.188899:ERROR:aha/components/towel/common/ap_impl.cc:558] [TOWEL][APImpl::OnProviderDisconnected] lose connection with provider trae-cn-config-channel, RoutingId(83208, 1008975157), reason 0, message 
[83208:83208:0606/131407.188915:ERROR:aha/components/towel/common/ap_impl.cc:558] [TOWEL][APImpl::OnProviderDisconnected] lose connection with provider trae-cn-config-channel, RoutingId(83208, 1060735715), reason 0, message 
[83208:83208:0606/131407.188926:INFO:aha/components/monitor/monitor.cc:125] [Monitor] OnProviderDisconnected: OnProviderDisconnected, name: trae-cn-config-channel
[83208:83208:0606/131407.188937:ERROR:aha/components/towel/common/ap_impl.cc:558] [TOWEL][APImpl::OnProviderDisconnected] lose connection with provider trae-cn-config-channel, RoutingId(83208, 1185138991), reason 0, message 
[83208:83208:0606/131407.188944:INFO:aha/components/ipc/ipc_client.cc:186] [AhaIpc] provider disconncted, name: trae-cn-config-channel
[83208:83208:0606/131407.188953:ERROR:aha/components/towel/common/ap_impl.cc:558] [TOWEL][APImpl::OnProviderDisconnected] lose connection with provider trae-cn-config-channel, RoutingId(83208, 1391273373), reason 0, message 
[83208:83208:0606/131407.196223:ERROR:aha/components/towel/common/ap_impl.cc:558] [TOWEL][APImpl::OnProviderDisconnected] lose connection with provider cueServer, RoutingId(83208, 1008975157), reason 0, message 
[83208:83208:0606/131407.196260:ERROR:aha/components/towel/common/ap_impl.cc:558] [TOWEL][APImpl::OnProviderDisconnected] lose connection with provider cueServer, RoutingId(83208, 1391273373), reason 0, message 
[83208:83208:0606/131407.196330:INFO:aha/components/towel/common/master_impl.cc:220] [TOWEL][MasterImpl::OnProviderDisconnect] provider disconnect, name=cueServer reason= 0 message= 
[83208:83208:0606/131407.196338:INFO:aha/components/towel/common/master_impl.cc:166] [TOWEL][MasterImpl::UnRegisterProvider] name is cueServer provider size now is 5
[83208:83208:0606/131407.196530:INFO:aha/components/process_observer/aha_process_observer.cc:54] [process observer][process disconnected] type is:ai-server, pid is:83344
[83208:83208:0606/131407.196578:INFO:aha/components/perf/perf_manager_base.cc:488] [perf manager][function = RemoveProcess] remove exited process:83344
[83208:83208:0606/131407.196592:INFO:aha/components/perf/perf_custom_param_manager.cc:39] Remove custom params for process 83344
[83208:83208:0606/131407.196722:ERROR:aha/components/towel/common/ap_impl.cc:558] [TOWEL][APImpl::OnProviderDisconnected] lose connection with provider cueServer, RoutingId(83208, 1060735715), reason 0, message 
[83208:83208:0606/131407.196735:INFO:aha/components/monitor/monitor.cc:125] [Monitor] OnProviderDisconnected: OnProviderDisconnected, name: cueServer
[83208:83208:0606/131407.196754:ERROR:aha/components/towel/common/ap_impl.cc:558] [TOWEL][APImpl::OnProviderDisconnected] lose connection with provider cueServer, RoutingId(83208, 1185138991), reason 0, message 
[83208:83208:0606/131407.196762:INFO:aha/components/ipc/ipc_client.cc:186] [AhaIpc] provider disconncted, name: cueServer
[83208:83208:0606/131407.196858:INFO:aha/components/process_observer/aha_process_observer.cc:54] [process observer][process disconnected] type is:fileWatcher, pid is:83419
[83208:83208:0606/131407.196882:INFO:aha/components/perf/perf_manager_base.cc:488] [perf manager][function = RemoveProcess] remove exited process:83419
[83208:83208:0606/131407.196889:INFO:aha/components/perf/perf_custom_param_manager.cc:39] Remove custom params for process 83419
[83208:83208:0606/131407.197210:ERROR:aha/components/towel/common/ap_impl.cc:558] [TOWEL][APImpl::OnProviderDisconnected] lose connection with provider ai-agent, RoutingId(83208, 1008975157), reason 0, message 
[83208:83208:0606/131407.197241:INFO:aha/components/towel/common/master_impl.cc:220] [TOWEL][MasterImpl::OnProviderDisconnect] provider disconnect, name=ai-agent reason= 0 message= 
[83208:83208:0606/131407.197249:INFO:aha/components/towel/common/master_impl.cc:166] [TOWEL][MasterImpl::UnRegisterProvider] name is ai-agent provider size now is 4
[83208:83208:0606/131407.197312:ERROR:aha/components/towel/common/ap_impl.cc:558] [TOWEL][APImpl::OnProviderDisconnected] lose connection with provider ai, RoutingId(83208, 1060735715), reason 0, message 
[83208:83208:0606/131407.197319:INFO:aha/components/monitor/monitor.cc:125] [Monitor] OnProviderDisconnected: OnProviderDisconnected, name: ai
[83208:83208:0606/131407.197339:ERROR:aha/components/towel/common/ap_impl.cc:558] [TOWEL][APImpl::OnProviderDisconnected] lose connection with provider ai-agent, RoutingId(83208, 1391273373), reason 0, message 
[83208:83208:0606/131407.197354:ERROR:aha/components/towel/common/ap_impl.cc:558] [TOWEL][APImpl::OnProviderDisconnected] lose connection with provider ai, RoutingId(83208, 1185138991), reason 0, message 
[83208:83208:0606/131407.197361:INFO:aha/components/ipc/ipc_client.cc:186] [AhaIpc] provider disconncted, name: ai
[83208:83208:0606/131407.197572:ERROR:aha/components/basil/core/native_extension_impl.cc:253] [Basil]process crashed, name=ai, code=15
[83208:83208:0606/131407.197583:INFO:aha/components/basil/core/native_extension_impl.cc:260] [Basil]HandleTermination, exit_code=15
[83208:83208:0606/131407.197698:INFO:aha/components/basil/core/native_extension_manager_impl.cc:96] [Basil]release native_extension, name=ai
[83208:83208:0606/131407.197764:ERROR:aha/components/process_observer/aha_process_observer.cc:70] [process observer][process gone] type is: ai, pid is: 83340, status is: 2, exit code is: 15, run time is: -1, is sandbox: 1
[83208:83208:0606/131407.197789:INFO:aha/components/perf/perf_manager_base.cc:488] [perf manager][function = RemoveProcess] remove exited process:83340
[83208:83208:0606/131407.197869:INFO:aha/components/towel/common/master_impl.cc:220] [TOWEL][MasterImpl::OnProviderDisconnect] provider disconnect, name=ai reason= 0 message= 
[83208:83208:0606/131407.197876:INFO:aha/components/towel/common/master_impl.cc:166] [TOWEL][MasterImpl::UnRegisterProvider] name is ai provider size now is 3
[83208:83208:0606/131407.197895:ERROR:aha/components/towel/common/ap_impl.cc:558] [TOWEL][APImpl::OnProviderDisconnected] lose connection with provider ai, RoutingId(83208, 1391273373), reason 0, message 
[83208:83208:0606/131407.197906:ERROR:aha/components/towel/common/ap_impl.cc:558] [TOWEL][APImpl::OnProviderDisconnected] lose connection with provider ai, RoutingId(83208, 1008975157), reason 0, message 
[83208:83208:0606/131407.197919:INFO:aha/electron/shell/renderer/api/electron_api_towel.cc:148] [TOWEL]ai provider disconncted
[83208:83208:0606/131407.197950:ERROR:aha/components/towel/common/ap_impl.cc:558] [TOWEL][APImpl::OnProviderDisconnected] lose connection with provider ai-agent, RoutingId(83208, 1060735715), reason 0, message 
[83208:83208:0606/131407.197955:INFO:aha/components/monitor/monitor.cc:125] [Monitor] OnProviderDisconnected: OnProviderDisconnected, name: ai-agent
[83208:83208:0606/131407.197964:ERROR:aha/components/towel/common/ap_impl.cc:558] [TOWEL][APImpl::OnProviderDisconnected] lose connection with provider ai-agent, RoutingId(83208, 1185138991), reason 0, message 
[83208:83208:0606/131407.197969:INFO:aha/components/ipc/ipc_client.cc:186] [AhaIpc] provider disconncted, name: ai-agent
[83208:83208:0606/131407.197974:INFO:aha/components/ipc/ipc_socket.cc:68] [AhaIpc] socket on_disconnect, server: ai-agent,  channel_id: d0b52802-0058-4b48-a94f-04baea97c7dc
[83208:83208:0606/131407.198101:INFO:aha/components/towel/common/static_routing_ap.cc:135] [TOWEL][StaticRoutingAP::TryAddPendingRequest] provider not ready, store request and wait. method ai-agent::SEND
[83208:83208:0606/131407.198107:INFO:aha/components/towel/common/static_routing_ap.cc:144] [TOWEL][StaticRoutingAP] start timeout checker
[83208:83208:0606/131407.201684:INFO:electron/shell/browser/electron_browser_main_parts.cc:772] [ElectronBrowserMainParts] PostMainMessageLoopRun
[83210:83210:0606/131407.201718:INFO:third_party/crashpad/crashpad/handler/linux/crash_report_exception_handler.cc:322] [Crashpad] Append global param key: lifecycle_stage
[83210:83212:0606/131407.201768:INFO:aha/components/crash_monitor/utils/utils.cc:237] [CleanupZombieProcesses] StopProcessesUnderAppDir, app dir: /usr/share/trae-cn, parent pid: 83208
[83208:83208:0606/131407.201821:INFO:electron/shell/browser/electron_browser_main_parts.cc:804] [ElectronBrowserMainParts] Shutdown NodeService
[83208:83208:0606/131407.201972:INFO:electron/shell/browser/electron_browser_main_parts.cc:837] [ElectronBrowserMainParts] Shutdown NativeExtensionService
[83208:83208:0606/131407.201982:INFO:aha/components/basil/core/native_extension_manager_impl.cc:82] [Basil]shutdown all native_extension, exit_code=0
[83210:83212:0606/131407.209670:INFO:aha/components/crash_monitor/utils/utils.cc:258] [CleanupZombieProcesses] StopProcessesUnderAppDir, will cleanup child process, pid: 83221, exe_file: trae-cn
[83210:83212:0606/131407.209683:INFO:aha/components/crash_monitor/utils/utils.cc:258] [CleanupZombieProcesses] StopProcessesUnderAppDir, will cleanup child process, pid: 83222, exe_file: trae-cn
[83210:83212:0606/131407.209688:INFO:aha/components/crash_monitor/utils/utils.cc:258] [CleanupZombieProcesses] StopProcessesUnderAppDir, will cleanup child process, pid: 83224, exe_file: trae-cn
[83210:83212:0606/131407.209692:INFO:aha/components/crash_monitor/utils/utils.cc:258] [CleanupZombieProcesses] StopProcessesUnderAppDir, will cleanup child process, pid: 83262, exe_file: trae-cn
[83210:83212:0606/131407.209696:INFO:aha/components/crash_monitor/utils/utils.cc:258] [CleanupZombieProcesses] StopProcessesUnderAppDir, will cleanup child process, pid: 83271, exe_file: trae-cn
[83210:83212:0606/131407.209699:INFO:aha/components/crash_monitor/utils/utils.cc:258] [CleanupZombieProcesses] StopProcessesUnderAppDir, will cleanup child process, pid: 83374, exe_file: trae-cn
[83210:83212:0606/131407.209703:INFO:aha/components/crash_monitor/utils/utils.cc:258] [CleanupZombieProcesses] StopProcessesUnderAppDir, will cleanup child process, pid: 83418, exe_file: trae-cn
[83208:83208:0606/131407.219272:INFO:aha/components/process_observer/aha_process_observer.cc:54] [process observer][process disconnected] type is:gpu-process, pid is:83262
[83208:83208:0606/131407.219316:INFO:aha/components/perf/perf_manager_base.cc:488] [perf manager][function = RemoveProcess] remove exited process:83262
[83208:83208:0606/131407.219332:INFO:aha/components/perf/perf_custom_param_manager.cc:39] Remove custom params for process 83262
[83208:83208:0606/131407.219903:ERROR:aha/components/monitor/monitor_service_instance_impl.cc:215] [MonitorService] OnServiceProcessTerminatedNormally: monitor service terminated normally, code=0
[83208:83208:0606/131407.229103:INFO:aha/components/perf/perf_abnormal_observer.cc:461] [PerfAbnormal] DeleteInstance, 
[83208:83208:0606/131407.229294:INFO:electron/shell/app/electron_main_delegate.cc:309] #### AhaElectron ()  Shutdown ####
[83208:83208:0606/131407.236696:INFO:aha/components/towel/public/provider.cc:51] [TOWEL][Provider::Destruct] unregister methods start
[83208:83208:0606/131407.236707:INFO:aha/components/towel/public/provider.cc:54] [TOWEL][Provider::Destruct] unregister methods, method=BlockDetector::HEART_BEAT
[83208:83208:0606/131407.236715:INFO:aha/components/towel/public/provider.cc:65] [TOWEL][Provider::Destruct] unregister methods end
[83210:83210:0606/131407.245596:INFO:aha/third_party/crashpad/crashpad/handler/aha_handler_main.cc:111] #### AhaElectron (Crashpad) Shutdown
