[76328:76328:0620/190452.414291:INFO:aha/components/metrics/metrics_base.cc:52] [startup] metric: crashReporterStartup, start
[76330:76330:0620/190452.421768:INFO:aha/third_party/crashpad/crashpad/handler/aha_handler_main.cc:43] #### AhaElectron (Crashpad) Startup
[76330:76330:0620/190452.422054:INFO:aha/components/manifest/manifest.cc:91] GetManifestContent exe_dir: /usr/share/trae
[76330:76330:0620/190452.422081:INFO:aha/components/manifest/manifest.cc:106] AppManifest manifest_content={"appId":"682161","appVersion":"3.5.62","buildVersion":"2.3.33256","activeUrl":"https://did-boot.trae.ai/service/2/app_alert_check/","channel":"stable","language":"en","logifierDomain":"icube-normal.trae.ai","settingsDomain":"icube-normal.trae.ai","name":"Trae","package":"com.marscode","packageType":"stable_i18n","region":"US","registryUrl":"https://did-boot.trae.ai/service/2/desktop/device_register/","slardarDomain":"pcmon-boot.trae.ai","slardarAid":682161,"oversea":true,"ahaNet":{"ttnet_params":{"domain_httpdns":"34.102.215.99","domain_netlog":"ttnet-sg.byteoversea.com","app_id":"677332","tnc_host_first":"tnc-boot.trae.ai","app_name":"trae","tnc_host_second":"tnc-normal.trae.ai","tnc_host_third":"","domain_boe":".boe-gateway.byted.org","update_version_code":"","version_code":"3562","bypass_proxy":false,"is_drop_first_tnc":false,"use_domestic_store_region":false,"get_domain_default_json":"{\"data\":{\"tnc_update_interval\":300,\"chromium_open\":1,\"http_dns_enabled\":1,\"ttnet_http_dns_enabled\":1,\"ttnet_tt_http_dns\":1,\"ttnet_http_dns_timeout\":5,\"opaque_data_enabled\":0,\"wpad_enabled\":0,\"pac_enabled\":1,\"clear_pool_enabled\":1,\"get_domain_default_json\":1,\"md5_check\":0},\"message\":\"success\"}"},"params":{"user_agent":"","experimental_options":"","enable_http2":true,"enable_brotli":true,"enable_quic":true,"enable_network_quality_estimator":false,"enable_verbose_log":false,"enable_ca_store":true,"store_idc_rule_json":"","ttnet_inner_log_switch":255,"bypass_mssdk":false},"access_policy":"{\"domain_white_list\":{\"*.trae.ai\":[\"*\"],\"*.traeapi.us\":[\"*\"],\"*.mchost.guru\":[\"*\"],\"*.bytedance.net\":[\"*\"],\"*.tiktok-row.net\":[\"*\"],\"*.byteintl.net\":[\"*\"],\"*.byted.org\":[\"*\"],\"*.trae.com.cn\":[\"*\"],\"*.trae.cn\":[\"*\"]},\"enable_detail_log\":false}"}}
[76330:76330:0620/190452.422179:WARNING:aha/components/crash_monitor/report_config/report_config.cc:48] config_path not exists, path: /home/eternity/.config/Electron/ReportConfig
[76330:76330:0620/190452.422184:ERROR:aha/components/crash_monitor/report_config/report_config.cc:64] content is empty
[76330:76330:0620/190452.422189:INFO:aha/components/crash_monitor/crash_monitor.cc:308] [CrashMonitor] Initialized: disable_report: 0
[76330:76330:0620/190452.422530:INFO:aha/components/crash_monitor/crash_monitor.cc:457] [CrashMonitor] CalcLocalDeviceId: local_device_id use device_info, device_id: b38695be47dc4b34b4945c7a809d8051
[76330:76330:0620/190452.423566:INFO:third_party/crashpad/crashpad/handler/linux/crash_report_exception_handler.cc:344] [Crashpad] Append global param key: init_device_id
[76330:76333:0620/190452.423587:INFO:aha/components/crash_monitor/crash_monitor.cc:469] [CrashMonitor] InitDeviceId: init_device_id use device_id, device_id: 7649334840105879056
[76328:76328:0620/190452.423589:INFO:aha/components/metrics/metrics_base.cc:64] [startup] metric: crashReporterStartup, end, latency: 9ms
[76328:76328:0620/190452.423605:INFO:electron/shell/app/electron_main_delegate.cc:618] #### AhaElectron ()  Startup #### cmd: 
[76330:76333:0620/190452.423887:INFO:aha/third_party/parfait/core_common/parfait_core.cc:209] [Parfait] Enable upload with interval 60
[76330:76333:0620/190452.423896:INFO:aha/third_party/parfait/aha/parfait_client.cc:133] [Parfait] Init ParfaitClient with config
	pft_version=1.3.0.0
	aid=682161
	user_id=anonymous
	device_id=7649334840105879056
	version=3.5.62
	root_path=/home/eternity/.config/Electron/Crashpad
	session_id=
	data_report_url=https://pcmon-boot.trae.ai/monitor_pc/collect/api/pc_log
	crash_report_url=https://pcmon-boot.trae.ai/monitor_pc/collect/api/pc_crash
	gwpasan_report_url=https://pcmon-boot.trae.ai/monitor_pc/collect/api/pc_gwpasan
	block_report_url=https://pcmon-boot.trae.ai/monitor_pc/collect/api/pc_jank
	matrix_report_url=https://pcmon-boot.trae.ai/monitor_pc/collect/api/pc_matrix
	cpu_profile_report_url=https://pcmon-boot.trae.ai/monitor_pc/collect/file/pc_cpu_profile
	snapshot_report_url=https://pcmon-boot.trae.ai/monitor_pc/collect/file/pc_snapshot
	custom_exception_report_url=https://pcmon-boot.trae.ai/monitor_pc/collect/file/pc_custom_exception
	settings_enabled=0
	settings_url=
	tenant_id=
[76330:76333:0620/190452.423909:INFO:aha/components/crash_monitor/crash_monitor.cc:349] [CrashMonitor] InitParfait: InitParfait success, aid:682161, did:7649334840105879056
[76330:76336:0620/190452.423896:INFO:aha/third_party/parfait/core_common/parfait_core.cc:217] [Parfait] Set upload interval 60
[76328:76328:0620/190452.463945:INFO:aha/components/metrics/metrics_base.cc:52] [startup] metric: initRunBrowser, start
[76328:76328:0620/190452.464686:INFO:aha/electron/shell/browser/aha_feature_list/aha_feature_override.cc:135] [AhaFeatureOverride] InitFeaturesWithAhaOverrides, enable_features ,PdfUseShowSaveFilePicker, disable_features ,SpareRendererForSitePerProcess,ScreenAIOCREnabled, TraceSiteInstanceGetProcessCreation,LocalNetworkAccessChecks
[76328:76328:0620/190452.467656:INFO:aha/components/metrics/metrics_base.cc:64] [startup] metric: initRunBrowser, end, latency: 4ms
[76328:76328:0620/190452.494911:INFO:electron/shell/browser/electron_browser_main_parts.cc:357] init towel master_binder in browser
[76328:76328:0620/190452.494935:INFO:aha/components/towel/embedder/interface_binder.cc:17] [TOWEL]InterfaceBinder Intialized. ProcessType(2)
[76328:76328:0620/190452.494950:INFO:aha/components/metrics/metrics_base.cc:52] [startup] metric: createNodeEnv, start
[76328:76328:0620/190452.505503:INFO:gin/isolate_holder.cc:165] SetPartitionAllocOomCallback and RegisterIsolateHolder
[76328:76328:0620/190452.538995:INFO:aha/components/metrics/metrics_base.cc:64] [startup] metric: createNodeEnv, end, latency: 44ms
[76328:76328:0620/190452.539015:INFO:aha/components/metrics/metrics_base.cc:52] [startup] metric: initNodeEnv, start
[76328:76328:0620/190452.566267:INFO:aha/components/metrics/metrics_base.cc:64] [startup] metric: initNodeEnv, end, latency: 27ms
[76328:76328:0620/190452.566285:INFO:aha/components/metrics/metrics_base.cc:52] [startup] metric: loadAppCode, start
[76328:76328:0620/190452.701499:INFO:aha/components/ipc/ipc_client.cc:13] [AhaIpc] set request_timeout_ms: 1000
[76328:76328:0620/190452.701527:INFO:aha/components/towel/embedder/master_binder.cc:60] [TOWEL]BindMasterInAnyProcess, ProcessType(2)
[76328:76328:0620/190452.701533:INFO:aha/components/towel/embedder/master_binder.cc:52] [TOWEL]BindMasterInBrowser, ProcessType(2)
[76328:76328:0620/190452.701839:INFO:aha/components/towel/embedder/master_binder.cc:55] [TOWEL]BindMasterInBrowser, run in main thread, bind.
[76328:76328:0620/190452.701853:INFO:aha/components/towel/common/ap_impl.cc:26] [TOWEL][APImpl::APImpl] create ap, id is RoutingId(-1, 1033993302)
[76328:76328:0620/190452.701857:INFO:aha/components/towel/common/ap_impl.cc:31] [TOWEL][APImpl] register to master, current id is RoutingId(-1, 1033993302)
[76328:76328:0620/190452.704453:INFO:aha/components/towel/embedder/master_binder.cc:60] [TOWEL]BindMasterInAnyProcess, ProcessType(2)
[76328:76328:0620/190452.704464:INFO:aha/components/towel/embedder/master_binder.cc:52] [TOWEL]BindMasterInBrowser, ProcessType(2)
[76328:76328:0620/190452.704477:INFO:aha/components/towel/embedder/master_binder.cc:55] [TOWEL]BindMasterInBrowser, run in main thread, bind.
[76328:76328:0620/190452.704484:INFO:aha/components/towel/common/ap_impl.cc:26] [TOWEL][APImpl::APImpl] create ap, id is RoutingId(-1, 118006834)
[76328:76328:0620/190452.704488:INFO:aha/components/towel/common/ap_impl.cc:31] [TOWEL][APImpl] register to master, current id is RoutingId(-1, 118006834)
[76328:76328:0620/190452.704549:WARNING:aha/components/towel/common/ap_impl.cc:220] [TOWEL][APImpl::ListensEvents] no provider for event ai::PUSH_PACKET
[76328:76328:0620/190452.704557:INFO:aha/components/towel/common/ap_impl.cc:594] [TOWEL][APImpl::ListensEvents] start, RoutingId(-1, 118006834)
[76328:76328:0620/190452.704564:INFO:aha/components/towel/common/ap_impl.cc:596] [TOWEL][APImpl::ListensEvents] no pending_listen_requests_, do nothing
[76328:76328:0620/190452.704569:INFO:aha/components/towel/common/static_routing_ap.cc:171] [TOWEL][StaticRoutingAP::TryAddPendingEvents] provider not ready, store event and wait. event ai::PUSH_PACKET
[76328:76328:0620/190452.704739:INFO:aha/components/towel/embedder/master_binder.cc:60] [TOWEL]BindMasterInAnyProcess, ProcessType(2)
[76328:76328:0620/190452.704747:INFO:aha/components/towel/embedder/master_binder.cc:52] [TOWEL]BindMasterInBrowser, ProcessType(2)
[76328:76328:0620/190452.704756:INFO:aha/components/towel/embedder/master_binder.cc:55] [TOWEL]BindMasterInBrowser, run in main thread, bind.
[76328:76328:0620/190452.704763:INFO:aha/components/towel/common/ap_impl.cc:26] [TOWEL][APImpl::APImpl] create ap, id is RoutingId(-1, 118006834)
[76328:76328:0620/190452.704767:INFO:aha/components/towel/common/ap_impl.cc:31] [TOWEL][APImpl] register to master, current id is RoutingId(-1, 118006834)
[76328:76328:0620/190452.704779:WARNING:aha/components/towel/common/ap_impl.cc:220] [TOWEL][APImpl::ListensEvents] no provider for event AhaNet::TNCConfigUpdated
[76328:76328:0620/190452.704783:INFO:aha/components/towel/common/ap_impl.cc:594] [TOWEL][APImpl::ListensEvents] start, RoutingId(-1, 118006834)
[76328:76328:0620/190452.704787:INFO:aha/components/towel/common/ap_impl.cc:596] [TOWEL][APImpl::ListensEvents] no pending_listen_requests_, do nothing
[76328:76328:0620/190452.704791:INFO:aha/components/towel/common/static_routing_ap.cc:171] [TOWEL][StaticRoutingAP::TryAddPendingEvents] provider not ready, store event and wait. event AhaNet::TNCConfigUpdated
[76328:76328:0620/190452.859041:INFO:aha/components/metrics/metrics_base.cc:64] [startup] metric: loadAppCode, end, latency: 293ms
[76328:76328:0620/190452.859058:INFO:aha/components/metrics/metrics_base.cc:52] [startup] metric: joinAppCode, start
[76328:76328:0620/190452.859063:INFO:aha/components/metrics/metrics_base.cc:64] [startup] metric: joinAppCode, end, latency: 0ms
[76328:76328:0620/190452.859071:INFO:aha/electron/shell/browser/aha_feature_list/aha_feature_override.cc:135] [AhaFeatureOverride] InitFeaturesWithAhaOverrides, enable_features NetAdapterMaxBufSizeFeature:NetAdapterMaxBufSize/8192,DocumentPolicyIncludeJSCallStacksInCrashReports,EarlyEstablishGpuChannel,EstablishGpuChannelAsync,,PdfUseShowSaveFilePicker, disable_features CalculateNativeWinOcclusion,,SpareRendererForSitePerProcess,ScreenAIOCREnabled, TraceSiteInstanceGetProcessCreation,LocalNetworkAccessChecks
[76328:76328:0620/190452.859113:INFO:aha/electron/shell/browser/aha_feature_list/aha_remote_state.cc:359] [RemoteState] PreparePaths, remote_state_path_ /home/eternity/.config/Trae/aha/Remote_State
[76328:76328:0620/190452.859118:INFO:aha/electron/shell/browser/aha_feature_list/aha_remote_state.cc:323] [RemoteState] DeserializeFromFile, Reading from /home/eternity/.config/Trae/aha/Remote_State
[76328:76328:0620/190452.859372:INFO:aha/electron/shell/browser/aha_feature_list/aha_feature_override.cc:89] [AhaFeatureOverride] RemoteStateDataOverride, dict size 5
[76328:76328:0620/190452.859381:ERROR:aha/electron/shell/browser/aha_feature_list/aha_feature_override.cc:118] [AhaFeatureOverride] RemoteStateDataOverride, data format error, feature AhaEnableDelayedDestroyWebsocket, param DelayedDestroyTimeSeconds
[76328:76328:0620/190452.859386:INFO:aha/electron/shell/browser/aha_feature_list/aha_feature_override.cc:82] [AhaFeatureOverride] EnableParamFeatureOverride, EnableParamFeatureOverride, feature AhaEnableDelayedDestroyWebsocket, trial StudyAhaEnableDelayedDestroyWebsocket, group GroupAhaEnableDelayedDestroyWebsocket, state 1
[76328:76328:0620/190452.859392:INFO:aha/electron/shell/browser/aha_feature_list/aha_feature_override.cc:82] [AhaFeatureOverride] EnableParamFeatureOverride, EnableParamFeatureOverride, feature AhaEnableGwpAsan, trial StudyAhaEnableGwpAsan, group GroupAhaEnableGwpAsan, state 1
[76328:76328:0620/190452.859400:INFO:aha/electron/shell/browser/aha_feature_list/aha_feature_override.cc:82] [AhaFeatureOverride] EnableParamFeatureOverride, EnableParamFeatureOverride, feature AhaFrameEvictionBugFix, trial StudyAhaFrameEvictionBugFix, group GroupAhaFrameEvictionBugFix, state 0
[76328:76328:0620/190452.859408:INFO:aha/electron/shell/browser/aha_feature_list/aha_feature_override.cc:82] [AhaFeatureOverride] EnableParamFeatureOverride, EnableParamFeatureOverride, feature EarlyEstablishGpuChannel, trial StudyEarlyEstablishGpuChannel, group GroupEarlyEstablishGpuChannel, state 1
[76328:76328:0620/190452.859412:INFO:aha/electron/shell/browser/aha_feature_list/aha_feature_override.cc:82] [AhaFeatureOverride] EnableParamFeatureOverride, EnableParamFeatureOverride, feature EstablishGpuChannelAsync, trial StudyEstablishGpuChannelAsync, group GroupEstablishGpuChannelAsync, state 1
[76328:76328:0620/190452.859722:WARNING:ui/ozone/platform/wayland/common/wayland_object.cc:119] Binding to wl_shm version 1 but version 2 is available.
[76328:76328:0620/190452.859744:WARNING:ui/ozone/platform/wayland/common/wayland_object.cc:119] Binding to zwp_pointer_gestures_v1 version 1 but version 3 is available.
[76328:76328:0620/190452.859781:WARNING:ui/ozone/platform/wayland/common/wayland_object.cc:119] Binding to wl_seat version 8 but version 9 is available.
[76328:76328:0620/190452.859791:WARNING:ui/ozone/platform/wayland/common/wayland_object.cc:119] Binding to wp_cursor_shape_manager_v1 version 1 but version 2 is available.
[76328:76328:0620/190452.859800:WARNING:ui/ozone/platform/wayland/common/wayland_object.cc:119] Binding to zwp_linux_dmabuf_v1 version 4 but version 5 is available.
[76328:76328:0620/190452.860211:WARNING:ui/ozone/platform/wayland/host/wayland_drm.cc:114] Drm prime capability is not supported
[76328:76328:0620/190452.909846:INFO:aha/components/detector/gpu_block_detector.cc:47] [GpuBlockDetector] GetGpuHangDetectValue: GPU jank config key: detect_interval value:5
[76328:76328:0620/190452.909861:INFO:aha/components/detector/gpu_block_detector.cc:47] [GpuBlockDetector] GetGpuHangDetectValue: GPU jank config key: terminate_process_threshold value:10
[76328:76328:0620/190452.910491:INFO:electron/shell/browser/electron_browser_main_parts.cc:597] [ElectronBrowserMainParts] PreMainMessageLoopRun
[76330:76330:0620/190452.910527:INFO:third_party/crashpad/crashpad/handler/linux/crash_report_exception_handler.cc:344] [Crashpad] Append global param key: lifecycle_stage
[76330:76330:0620/190452.910596:INFO:third_party/crashpad/crashpad/handler/linux/crash_report_exception_handler.cc:344] [Crashpad] Append global param key: country_code
[76328:76328:0620/190452.910616:INFO:aha/components/detector/block_detector.cc:92] BlockDetectorManager::Init,this:0x33f40219e880
[76328:76328:0620/190452.910623:INFO:aha/components/detector/block_detector.cc:133] Initializing Towel provider with name: BlockDetectorProvider
[76328:76328:0620/190452.910628:INFO:aha/components/towel/embedder/master_binder.cc:60] [TOWEL]BindMasterInAnyProcess, ProcessType(2)
[76328:76328:0620/190452.910633:INFO:aha/components/towel/embedder/master_binder.cc:52] [TOWEL]BindMasterInBrowser, ProcessType(2)
[76328:76328:0620/190452.910640:INFO:aha/components/towel/embedder/master_binder.cc:55] [TOWEL]BindMasterInBrowser, run in main thread, bind.
[76328:76328:0620/190452.910658:INFO:aha/components/towel/public/provider.cc:76] [TOWEL][Provider::Mount] mount provider, name= BlockDetectorProvider, force_reset=0
[76328:76328:0620/190452.910665:INFO:aha/components/detector/block_detector.cc:143] Towel provider mounted successfully.
[76328:76328:0620/190452.910698:INFO:aha/components/perf/system_monitor/perf_system_monitor.cc:68] PerfSystemMonitor::Start 0x55912cfd38e0, interval 5 s
[76328:76349:0620/190452.911650:INFO:aha/electron/cache_file/cache_file_manager.cc:109] DeleteFile success: /home/eternity/.config/Trae/logs/aha_log/aha_electron_2026.0609.log
[76328:76349:0620/190452.911663:WARNING:aha/electron/cache_file/cache_file_manager.cc:105] not log file, continue: /home/eternity/.config/Trae/logs/aha_log/networkservice-0-2026-6-9.alaudalog
[76328:76349:0620/190452.911670:WARNING:aha/electron/cache_file/cache_file_manager.cc:105] not log file, continue: /home/eternity/.config/Trae/logs/aha_log/networkservice-1-2026-6-9.alaudalog
[76328:76349:0620/190452.911674:WARNING:aha/electron/cache_file/cache_file_manager.cc:105] not log file, continue: /home/eternity/.config/Trae/logs/aha_log/networkservice-2-2026-6-9.alaudalog
[76328:76328:0620/190452.913819:INFO:aha/components/metrics/metrics_base.cc:52] [startup] metric: emitReadyEvent, start
[76328:76328:0620/190452.914120:INFO:aha/components/metrics/metrics_base.cc:64] [startup] metric: emitReadyEvent, end, latency: 1ms
[76328:76328:0620/190452.916854:INFO:content/browser/network_service_instance_impl.cc:451] NetworkService, CreateNetworkServiceParams device_id: 7649334840105879056
[76328:76328:0620/190452.916941:INFO:content/browser/network_service_instance_impl.cc:457] NetworkService, CreateNetworkServiceParams access_policy: {"should_use_ttnet":true,"domain_white_list":{"*.trae.ai":["*"],"*.traeapi.us":["*"],"*.mchost.guru":["*"],"*.bytedance.net":["*"],"*.tiktok-row.net":["*"],"*.byteintl.net":["*"],"*.byted.org":["*"],"*.trae.com.cn":["*"],"*.trae.cn":["*"],"*.volces.com":["*"],"*.snssdk.com":["*"],"*.bytedance.com":["*"]},"domain_black_list":{"127.0.0.1":["*"],"::1":["*"],"*.trae.volces.com":["*"]},"enable_detail_log":false}
[76328:76328:0620/190452.916980:INFO:content/browser/network_service_instance_impl.cc:476] NetworkService, CreateNetworkServiceParams country_code: sg, country_code_src: uid
[76328:76328:0620/190452.920811:INFO:aha/components/tiny_storage/tiny_storage.cc:88] [TinyStorage] FlushIfNeed
[76328:76328:0620/190452.920876:INFO:aha/components/monitor/monitor_service_instance_impl.cc:106] [MonitorService] CalculateLocalDeviceId: use init_device_id, device_id: 7649334840105879056
[76328:76328:0620/190452.920884:WARNING:aha/components/monitor/monitor_service_instance_impl.cc:141] [MonitorService] Restart: launch monitor service
[76328:76328:0620/190452.920949:INFO:aha/components/monitor/monitor_service_instance_impl.cc:48] [MonitorService] ShouldUseLogifier: update use_logifier=1 country_code=sg
[76328:76328:0620/190452.920965:INFO:aha/components/device_service/device_service.cc:659] DeviceService, has cache, directly return cache: 7649334840105879056
[76328:76328:0620/190452.922252:INFO:aha/electron/shell/browser/aha_feature_list/aha_remote_state.cc:221] [RemoteState] PullSettings, query with url https://icube-normal.trae.ai/service/settings/v3/?os=linux&aid=1006732&aha_electron_version=39.2.7-release.1.37.3&device_id=7649334840105879056&app_aid=682161&app_version=3.5.62&app_region=us
[76328:76328:0620/190452.922715:INFO:aha/components/perf/collector/perf_collector_cpu.cc:117] PerfCollectorCPU created
[76328:76328:0620/190452.922752:INFO:aha/components/perf/electron/app_process_collector.cc:63] [perf]AppProcessCollector::AppProcessCollector, collect_cpu_interval: 5 s, collect_memory_interval: 60 s, update_process_interval: 60 s
[76328:76328:0620/190452.922765:INFO:aha/components/perf/process/process_collector.cc:43] [process collector debug] Start schedule cpu_interval=5000ms, memory_interval=60000ms, process_update_interval=60000ms
[76328:76328:0620/190452.922775:INFO:aha/components/perf/process/process_collector.cc:77] [process collector debug] use_shared_timer=0, has_cpu=1, has_memory=1
[76328:76328:0620/190452.922811:INFO:aha/components/perf/perf_abnormal_observer.cc:551] [PerfAbnormal] CreateInstance, 
[76328:76328:0620/190452.922818:INFO:aha/components/perf/perf_abnormal_observer.cc:516] [PerfAbnormal] PerfAbnormalObserver, 
[76328:76328:0620/190452.922870:INFO:aha/components/perf/process/process_type_provider.cc:26] [ProcessTypeProvider] ProcessTypeProvider, initialized
[76328:76328:0620/190452.922878:INFO:aha/components/perf/collector/perf_collector_base.cc:81] [perf collector][function=Start]  delay 300 seconds
[76328:76328:0620/190452.922893:INFO:aha/components/perf/collector/perf_collector_base.cc:81] [perf collector][function=Start]  delay 5 seconds
[76328:76328:0620/190452.922905:INFO:aha/components/perf/perf_manager_base.cc:448] [perf manager][function = AddProcess] add process:76328
[76328:76328:0620/190452.922930:INFO:aha/components/perf/collector/perf_collector_base.cc:29] [perf collector][function=ShouldCollectProcess] AddProcess pid:76328 cmd:/usr/share/trae/trae
[76328:76328:0620/190452.922948:INFO:aha/components/perf/collector/perf_collector_base.cc:29] [perf collector][function=ShouldCollectProcess] AddProcess pid:76328 cmd:/usr/share/trae/trae
[76328:76328:0620/190452.922960:INFO:aha/components/perf/collector/perf_collector_base.cc:29] [perf collector][function=ShouldCollectProcess] AddProcess pid:76328 cmd:/usr/share/trae/trae
[76328:76328:0620/190452.922975:INFO:aha/components/perf/collector/perf_collector_disk.cc:30] [perf collector][function=SetPath] PerfCollectorDisk::SetPath: 0
[76328:76328:0620/190452.923110:INFO:aha/components/memory_system/memory_system_manager.cc:43] MemorySystemManager::InitializeMemorySystem. process_gwp_asan_enable_list: NetworkService
[76328:76328:0620/190452.923115:INFO:aha/components/memory_system/memory_system_manager.cc:47] MemorySystemManager::InitializeMemorySystem. process: browser not enable for Gwp-Asan
[76328:76328:0620/190452.924610:INFO:aha/components/towel/common/master_impl.cc:39] [TOWEL][MasterImpl::AddAPWithId] add ap 282437514
[76328:76328:0620/190452.924625:INFO:aha/components/towel/common/master_impl.cc:55] [TOWEL][MasterImpl::AddAP] add ap 282437514
[76328:76328:0620/190452.924654:INFO:aha/components/towel/common/master_impl.cc:39] [TOWEL][MasterImpl::AddAPWithId] add ap 219607164
[76328:76328:0620/190452.924661:INFO:aha/components/towel/common/master_impl.cc:55] [TOWEL][MasterImpl::AddAP] add ap 219607164
[76328:76328:0620/190452.924675:INFO:aha/components/towel/common/master_impl.cc:39] [TOWEL][MasterImpl::AddAPWithId] add ap 469974705
[76328:76328:0620/190452.924680:INFO:aha/components/towel/common/master_impl.cc:55] [TOWEL][MasterImpl::AddAP] add ap 469974705
[76328:76328:0620/190452.925331:INFO:aha/components/towel/common/master_impl.cc:153] [TOWEL][MasterImpl::RegisterProvider] success BlockDetectorProvider provider size now is 1
[76328:76328:0620/190452.925361:INFO:aha/components/process_observer/aha_process_observer.cc:45] [process observer][process launched] type is:gpu-process, pid is:76385
[76328:76328:0620/190452.925384:INFO:aha/components/perf/perf_manager_base.cc:448] [perf manager][function = AddProcess] add process:76385
[76328:76349:0620/190452.925383:INFO:aha/components/towel/embedder/master_binder.cc:60] [TOWEL]BindMasterInAnyProcess, ProcessType(2)
[76328:76349:0620/190452.925399:INFO:aha/components/towel/embedder/master_binder.cc:44] [TOWEL]BindMasterInBrowser, not in main thread, post.
[76328:76328:0620/190452.925406:INFO:aha/components/perf/collector/perf_collector_base.cc:29] [perf collector][function=ShouldCollectProcess] AddProcess pid:76385 cmd:/usr/share/trae/trae --type=zygote --no-zygote-sandbox --crashpad-handler-pid=76330
[76328:76349:0620/190452.925410:INFO:aha/components/towel/common/ap_impl.cc:26] [TOWEL][APImpl::APImpl] create ap, id is RoutingId(-1, 1630257905)
[76328:76349:0620/190452.925415:INFO:aha/components/towel/common/ap_impl.cc:31] [TOWEL][APImpl] register to master, current id is RoutingId(-1, 1630257905)
[76328:76328:0620/190452.925419:INFO:aha/components/perf/collector/perf_collector_base.cc:29] [perf collector][function=ShouldCollectProcess] AddProcess pid:76385 cmd:/usr/share/trae/trae --type=zygote --no-zygote-sandbox --crashpad-handler-pid=76330
[76328:76328:0620/190452.925430:INFO:aha/components/perf/collector/perf_collector_base.cc:29] [perf collector][function=ShouldCollectProcess] AddProcess pid:76385 cmd:/usr/share/trae/trae --type=zygote --no-zygote-sandbox --crashpad-handler-pid=76330
[76328:76349:0620/190452.925434:INFO:aha/components/towel/common/static_routing_ap.cc:135] [TOWEL][StaticRoutingAP::TryAddPendingRequest] provider not ready, store request and wait. method monitor::MONITOR_EVENT
[76328:76349:0620/190452.925445:INFO:aha/components/towel/common/static_routing_ap.cc:144] [TOWEL][StaticRoutingAP] start timeout checker
[76328:76328:0620/190452.925778:INFO:aha/components/process_observer/aha_process_observer.cc:45] [process observer][process launched] type is:NetworkService, pid is:76393
[76328:76328:0620/190452.925799:INFO:aha/components/perf/perf_manager_base.cc:448] [perf manager][function = AddProcess] add process:76393
[76328:76349:0620/190452.925802:INFO:aha/components/towel/common/static_routing_ap.cc:135] [TOWEL][StaticRoutingAP::TryAddPendingRequest] provider not ready, store request and wait. method monitor::MONITOR_EVENT
[76328:76328:0620/190452.925826:INFO:aha/components/perf/collector/perf_collector_base.cc:29] [perf collector][function=ShouldCollectProcess] AddProcess pid:76393 cmd:/proc/self/exe --type=utility --utility-sub-type=network.mojom.NetworkService --lang=zh-CN --service-sandbox-type=none --render-node-override=/dev/dri/renderD129 --crashpad-handler-pid=76330 --enable-crash-reporter=cf0573c6-7444-4116-be82-e562a048b8e6,no_channel --user-data-dir=/home/eternity/.config/Trae --standard-schemes=vscode-webview,vscode-file --enable-sandbox --secure-schemes=vscode-webview,vscode-file --cors-schemes=vscode-webview,vscode-file --fetch-schemes=vscode-webview,vscode-file --service-worker-schemes=vscode-webview --code-cache-schemes=vscode-webview,vscode-file --shared-files=v8_context_snapshot_data:100 --field-trial-handle=3,i,12221322380546081518,4624963175916558583,262144 --enable-features=DocumentPolicyIncludeJSCallStacksInCrashReports,EarlyEstablishGpuChannel,EstablishGpuChannelAsync,PdfUseShowSaveFilePicker --disable-features=CalculateNativeWinOcclusion,LocalNetworkAccessChecks,ScreenAIOCREnabled,SpareRendererForSitePerProcess,TraceSiteInstanceGetProcessCreation --variations-seed-version --trace-process-track-uuid=3190708989122997041
[76328:76328:0620/190452.925850:INFO:aha/components/perf/collector/perf_collector_base.cc:29] [perf collector][function=ShouldCollectProcess] AddProcess pid:76393 cmd:/proc/self/exe --type=utility --utility-sub-type=network.mojom.NetworkService --lang=zh-CN --service-sandbox-type=none --render-node-override=/dev/dri/renderD129 --crashpad-handler-pid=76330 --enable-crash-reporter=cf0573c6-7444-4116-be82-e562a048b8e6,no_channel --user-data-dir=/home/eternity/.config/Trae --standard-schemes=vscode-webview,vscode-file --enable-sandbox --secure-schemes=vscode-webview,vscode-file --cors-schemes=vscode-webview,vscode-file --fetch-schemes=vscode-webview,vscode-file --service-worker-schemes=vscode-webview --code-cache-schemes=vscode-webview,vscode-file --shared-files=v8_context_snapshot_data:100 --field-trial-handle=3,i,12221322380546081518,4624963175916558583,262144 --enable-features=DocumentPolicyIncludeJSCallStacksInCrashReports,EarlyEstablishGpuChannel,EstablishGpuChannelAsync,PdfUseShowSaveFilePicker --disable-features=CalculateNativeWinOcclusion,LocalNetworkAccessChecks,ScreenAIOCREnabled,SpareRendererForSitePerProcess,TraceSiteInstanceGetProcessCreation --variations-seed-version --trace-process-track-uuid=3190708989122997041
[76328:76328:0620/190452.925863:INFO:aha/components/perf/collector/perf_collector_base.cc:29] [perf collector][function=ShouldCollectProcess] AddProcess pid:76393 cmd:/proc/self/exe --type=utility --utility-sub-type=network.mojom.NetworkService --lang=zh-CN --service-sandbox-type=none --render-node-override=/dev/dri/renderD129 --crashpad-handler-pid=76330 --enable-crash-reporter=cf0573c6-7444-4116-be82-e562a048b8e6,no_channel --user-data-dir=/home/eternity/.config/Trae --standard-schemes=vscode-webview,vscode-file --enable-sandbox --secure-schemes=vscode-webview,vscode-file --cors-schemes=vscode-webview,vscode-file --fetch-schemes=vscode-webview,vscode-file --service-worker-schemes=vscode-webview --code-cache-schemes=vscode-webview,vscode-file --shared-files=v8_context_snapshot_data:100 --field-trial-handle=3,i,12221322380546081518,4624963175916558583,262144 --enable-features=DocumentPolicyIncludeJSCallStacksInCrashReports,EarlyEstablishGpuChannel,EstablishGpuChannelAsync,PdfUseShowSaveFilePicker --disable-features=CalculateNativeWinOcclusion,LocalNetworkAccessChecks,ScreenAIOCREnabled,SpareRendererForSitePerProcess,TraceSiteInstanceGetProcessCreation --variations-seed-version --trace-process-track-uuid=3190708989122997041
[76328:76328:0620/190452.927383:INFO:aha/components/process_observer/aha_process_observer.cc:45] [process observer][process launched] type is:MonitorService, pid is:76395
[76328:76328:0620/190452.927405:INFO:aha/components/perf/perf_manager_base.cc:448] [perf manager][function = AddProcess] add process:76395
[76328:76349:0620/190452.927417:INFO:aha/components/towel/common/static_routing_ap.cc:135] [TOWEL][StaticRoutingAP::TryAddPendingRequest] provider not ready, store request and wait. method monitor::MONITOR_EVENT
[76328:76328:0620/190452.927429:INFO:aha/components/perf/collector/perf_collector_base.cc:29] [perf collector][function=ShouldCollectProcess] AddProcess pid:76395 cmd:/proc/self/exe --type=utility --utility-sub-type=monitor.mojom.MonitorService --lang=zh-CN --service-sandbox-type=none --render-node-override=/dev/dri/renderD129 --crashpad-handler-pid=76330 --enable-crash-reporter=cf0573c6-7444-4116-be82-e562a048b8e6,no_channel --user-data-dir=/home/eternity/.config/Trae --standard-schemes=vscode-webview,vscode-file --enable-sandbox --secure-schemes=vscode-webview,vscode-file --cors-schemes=vscode-webview,vscode-file --fetch-schemes=vscode-webview,vscode-file --service-worker-schemes=vscode-webview --code-cache-schemes=vscode-webview,vscode-file --shared-files=v8_context_snapshot_data:100 --field-trial-handle=3,i,12221322380546081518,4624963175916558583,262144 --enable-features=DocumentPolicyIncludeJSCallStacksInCrashReports,EarlyEstablishGpuChannel,EstablishGpuChannelAsync,PdfUseShowSaveFilePicker --disable-features=CalculateNativeWinOcclusion,LocalNetworkAccessChecks,ScreenAIOCREnabled,SpareRendererForSitePerProcess,TraceSiteInstanceGetProcessCreation --variations-seed-version --trace-process-track-uuid=3190708990060038890
[76328:76328:0620/190452.927444:INFO:aha/components/perf/collector/perf_collector_base.cc:29] [perf collector][function=ShouldCollectProcess] AddProcess pid:76395 cmd:/proc/self/exe --type=utility --utility-sub-type=monitor.mojom.MonitorService --lang=zh-CN --service-sandbox-type=none --render-node-override=/dev/dri/renderD129 --crashpad-handler-pid=76330 --enable-crash-reporter=cf0573c6-7444-4116-be82-e562a048b8e6,no_channel --user-data-dir=/home/eternity/.config/Trae --standard-schemes=vscode-webview,vscode-file --enable-sandbox --secure-schemes=vscode-webview,vscode-file --cors-schemes=vscode-webview,vscode-file --fetch-schemes=vscode-webview,vscode-file --service-worker-schemes=vscode-webview --code-cache-schemes=vscode-webview,vscode-file --shared-files=v8_context_snapshot_data:100 --field-trial-handle=3,i,12221322380546081518,4624963175916558583,262144 --enable-features=DocumentPolicyIncludeJSCallStacksInCrashReports,EarlyEstablishGpuChannel,EstablishGpuChannelAsync,PdfUseShowSaveFilePicker --disable-features=CalculateNativeWinOcclusion,LocalNetworkAccessChecks,ScreenAIOCREnabled,SpareRendererForSitePerProcess,TraceSiteInstanceGetProcessCreation --variations-seed-version --trace-process-track-uuid=3190708990060038890
[76328:76328:0620/190452.927457:INFO:aha/components/perf/collector/perf_collector_base.cc:29] [perf collector][function=ShouldCollectProcess] AddProcess pid:76395 cmd:/proc/self/exe --type=utility --utility-sub-type=monitor.mojom.MonitorService --lang=zh-CN --service-sandbox-type=none --render-node-override=/dev/dri/renderD129 --crashpad-handler-pid=76330 --enable-crash-reporter=cf0573c6-7444-4116-be82-e562a048b8e6,no_channel --user-data-dir=/home/eternity/.config/Trae --standard-schemes=vscode-webview,vscode-file --enable-sandbox --secure-schemes=vscode-webview,vscode-file --cors-schemes=vscode-webview,vscode-file --fetch-schemes=vscode-webview,vscode-file --service-worker-schemes=vscode-webview --code-cache-schemes=vscode-webview,vscode-file --shared-files=v8_context_snapshot_data:100 --field-trial-handle=3,i,12221322380546081518,4624963175916558583,262144 --enable-features=DocumentPolicyIncludeJSCallStacksInCrashReports,EarlyEstablishGpuChannel,EstablishGpuChannelAsync,PdfUseShowSaveFilePicker --disable-features=CalculateNativeWinOcclusion,LocalNetworkAccessChecks,ScreenAIOCREnabled,SpareRendererForSitePerProcess,TraceSiteInstanceGetProcessCreation --variations-seed-version --trace-process-track-uuid=3190708990060038890
[76328:76328:0620/190452.927556:INFO:aha/components/perf/collector/perf_collector_system.cc:55] get manufacturer:MECHREVO
[76328:76328:0620/190452.927574:INFO:aha/components/perf/perf_manager_base.cc:418] [perf manager][function = RecordLaunchInner] [device info] , total_memory:31249, sys_uptime:226, cpu_count:16, cpu_model:AMD Ryzen 7 7745HX with Radeon Graphics, sys_version:7.0.12-zen1-1-zen, hardware_model:, manufacturer:MECHREVO, touch_screen_availability:0, app_arch:x86_64, chip_arch:x86_64
[76328:76349:0620/190452.927579:INFO:aha/components/towel/common/static_routing_ap.cc:135] [TOWEL][StaticRoutingAP::TryAddPendingRequest] provider not ready, store request and wait. method monitor::MONITOR_EVENT
[76328:76328:0620/190452.927586:INFO:aha/components/perf/perf_manager_base.cc:629] [perf manager][function = CollectDiskInfo]  PerfManagerBase::CollectDiskInfo 
[76328:76349:0620/190452.927587:INFO:aha/components/towel/common/static_routing_ap.cc:135] [TOWEL][StaticRoutingAP::TryAddPendingRequest] provider not ready, store request and wait. method monitor::MONITOR_EVENT
[76328:76376:0620/190452.927604:INFO:aha/components/perf/collector/perf_collector_disk.cc:14] [perf collector][function=Collect] PerfCollectorDisk::Collect: 1
[76328:76328:0620/190452.927621:INFO:aha/components/towel/common/ap_impl.cc:416] [TOWEL][APImpl::OnAddToMaster] real_id is RoutingId(76328, 282437514), fake_id is RoutingId(-1, 1033993302)
[76328:76328:0620/190452.927626:INFO:aha/components/towel/common/ap_impl.cc:594] [TOWEL][APImpl::ListensEvents] start, RoutingId(76328, 282437514)
[76328:76328:0620/190452.927630:INFO:aha/components/towel/common/ap_impl.cc:596] [TOWEL][APImpl::ListensEvents] no pending_listen_requests_, do nothing
[76328:76328:0620/190452.927642:INFO:aha/components/towel/common/master_impl.cc:193] [TOWEL][MasterImpl::GetAllProviders] provider size is 1 given size is 1
[76328:76328:0620/190452.927660:INFO:aha/components/towel/common/ap_impl.cc:416] [TOWEL][APImpl::OnAddToMaster] real_id is RoutingId(76328, 219607164), fake_id is RoutingId(-1, 118006834)
[76328:76328:0620/190452.927664:INFO:aha/components/towel/common/ap_impl.cc:594] [TOWEL][APImpl::ListensEvents] start, RoutingId(76328, 219607164)
[76328:76328:0620/190452.927668:INFO:aha/components/towel/common/ap_impl.cc:596] [TOWEL][APImpl::ListensEvents] no pending_listen_requests_, do nothing
[76328:76328:0620/190452.927678:INFO:aha/components/towel/common/master_impl.cc:193] [TOWEL][MasterImpl::GetAllProviders] provider size is 1 given size is 1
[76328:76328:0620/190452.927689:INFO:aha/components/towel/common/ap_impl.cc:416] [TOWEL][APImpl::OnAddToMaster] real_id is RoutingId(76328, 469974705), fake_id is RoutingId(-1, 118006834)
[76328:76328:0620/190452.927693:INFO:aha/components/towel/common/ap_impl.cc:594] [TOWEL][APImpl::ListensEvents] start, RoutingId(76328, 469974705)
[76328:76328:0620/190452.927697:INFO:aha/components/towel/common/ap_impl.cc:596] [TOWEL][APImpl::ListensEvents] no pending_listen_requests_, do nothing
[76328:76328:0620/190452.927705:INFO:aha/components/towel/common/master_impl.cc:193] [TOWEL][MasterImpl::GetAllProviders] provider size is 1 given size is 1
[76328:76328:0620/190452.927768:INFO:aha/components/towel/common/ap_impl.cc:406] [TOWEL][APImpl::OnProviderAdded] provider_name BlockDetectorProvider, RoutingId(76328, 219607164)
[76328:76328:0620/190452.927778:INFO:aha/components/towel/common/static_routing_ap.cc:181] [TOWEL][StaticRoutingAP::RunPendingRequestAndEvents] provider_name= BlockDetectorProvider
[76328:76328:0620/190452.927803:INFO:aha/components/towel/common/ap_impl.cc:406] [TOWEL][APImpl::OnProviderAdded] provider_name BlockDetectorProvider, RoutingId(76328, 282437514)
[76328:76328:0620/190452.927810:INFO:aha/components/ipc/ipc_client.cc:172] [AhaIpc] provider connected, name: BlockDetectorProvider
[76328:76328:0620/190452.927814:INFO:aha/components/towel/common/static_routing_ap.cc:181] [TOWEL][StaticRoutingAP::RunPendingRequestAndEvents] provider_name= BlockDetectorProvider
[76328:76328:0620/190452.927824:INFO:aha/components/towel/common/ap_impl.cc:406] [TOWEL][APImpl::OnProviderAdded] provider_name BlockDetectorProvider, RoutingId(76328, 469974705)
[76328:76328:0620/190452.927829:INFO:aha/components/towel/common/static_routing_ap.cc:181] [TOWEL][StaticRoutingAP::RunPendingRequestAndEvents] provider_name= BlockDetectorProvider
[76328:76328:0620/190452.927836:INFO:aha/components/towel/embedder/master_binder.cc:52] [TOWEL]BindMasterInBrowser, ProcessType(2)
[76328:76328:0620/190452.927846:INFO:aha/components/towel/embedder/master_binder.cc:55] [TOWEL]BindMasterInBrowser, run in main thread, bind.
[76328:76328:0620/190452.932137:INFO:aha/components/perf/perf_logger.cc:36] [perf logger] [disk] free:207647MB total:372736MB
[76328:76349:0620/190452.932147:INFO:aha/components/towel/common/static_routing_ap.cc:135] [TOWEL][StaticRoutingAP::TryAddPendingRequest] provider not ready, store request and wait. method monitor::MONITOR_EVENT
[76328:76328:0620/190452.932173:INFO:aha/components/towel/common/ap_impl.cc:511] [TOWEL][APImpl::OnGetAllProviders]: RoutingId(76328, 282437514) provider size 1
[76328:76328:0620/190452.932190:INFO:aha/components/towel/common/ap_impl.cc:520] [TOWEL][APImpl::OnGetAllProviders] add provider BlockDetectorProvider
[76328:76328:0620/190452.932206:INFO:aha/components/towel/common/static_routing_ap.cc:181] [TOWEL][StaticRoutingAP::RunPendingRequestAndEvents] provider_name= BlockDetectorProvider
[76328:76328:0620/190452.932224:INFO:aha/components/towel/common/ap_impl.cc:511] [TOWEL][APImpl::OnGetAllProviders]: RoutingId(76328, 219607164) provider size 1
[76328:76328:0620/190452.932233:INFO:aha/components/towel/common/ap_impl.cc:520] [TOWEL][APImpl::OnGetAllProviders] add provider BlockDetectorProvider
[76328:76328:0620/190452.932241:INFO:aha/components/towel/common/static_routing_ap.cc:181] [TOWEL][StaticRoutingAP::RunPendingRequestAndEvents] provider_name= BlockDetectorProvider
[76328:76328:0620/190452.932252:INFO:aha/components/towel/common/ap_impl.cc:511] [TOWEL][APImpl::OnGetAllProviders]: RoutingId(76328, 469974705) provider size 1
[76328:76328:0620/190452.932261:INFO:aha/components/towel/common/ap_impl.cc:520] [TOWEL][APImpl::OnGetAllProviders] add provider BlockDetectorProvider
[76328:76328:0620/190452.932269:INFO:aha/components/towel/common/static_routing_ap.cc:181] [TOWEL][StaticRoutingAP::RunPendingRequestAndEvents] provider_name= BlockDetectorProvider
[76328:76328:0620/190452.932353:INFO:aha/components/towel/public/provider.cc:196] [TOWEL][Provider::GetMetaInfo] provider BlockDetectorProvider, method_size is 1 method_list is BlockDetector::HEART_BEAT
[76328:76328:0620/190452.932373:INFO:aha/components/towel/common/master_impl.cc:39] [TOWEL][MasterImpl::AddAPWithId] add ap 749663581
[76328:76328:0620/190452.932384:INFO:aha/components/towel/common/master_impl.cc:55] [TOWEL][MasterImpl::AddAP] add ap 749663581
[76328:76349:0620/190452.932394:INFO:aha/components/towel/common/ap_impl.cc:416] [TOWEL][APImpl::OnAddToMaster] real_id is RoutingId(76328, 749663581), fake_id is RoutingId(-1, 1630257905)
[76328:76349:0620/190452.932403:INFO:aha/components/towel/common/ap_impl.cc:594] [TOWEL][APImpl::ListensEvents] start, RoutingId(76328, 749663581)
[76328:76349:0620/190452.932409:INFO:aha/components/towel/common/ap_impl.cc:596] [TOWEL][APImpl::ListensEvents] no pending_listen_requests_, do nothing
[76328:76328:0620/190452.932809:INFO:aha/components/towel/public/provider.cc:196] [TOWEL][Provider::GetMetaInfo] provider BlockDetectorProvider, method_size is 1 method_list is BlockDetector::HEART_BEAT
[76328:76328:0620/190452.932834:INFO:aha/components/towel/public/provider.cc:196] [TOWEL][Provider::GetMetaInfo] provider BlockDetectorProvider, method_size is 1 method_list is BlockDetector::HEART_BEAT
[76328:76328:0620/190452.932850:INFO:aha/components/towel/public/provider.cc:196] [TOWEL][Provider::GetMetaInfo] provider BlockDetectorProvider, method_size is 1 method_list is BlockDetector::HEART_BEAT
[76328:76328:0620/190452.932859:INFO:aha/components/towel/public/provider.cc:196] [TOWEL][Provider::GetMetaInfo] provider BlockDetectorProvider, method_size is 1 method_list is BlockDetector::HEART_BEAT
[76328:76328:0620/190452.932868:INFO:aha/components/towel/public/provider.cc:196] [TOWEL][Provider::GetMetaInfo] provider BlockDetectorProvider, method_size is 1 method_list is BlockDetector::HEART_BEAT
[76328:76328:0620/190452.932878:INFO:aha/components/towel/common/ap_impl.cc:530] [TOWEL][APImpl::OnGetProviderMetaInfo]: RoutingId(76328, 219607164) provider BlockDetectorProvider
[76328:76328:0620/190452.932882:INFO:aha/components/towel/common/ap_impl.cc:540] [TOWEL][APImpl::OnGetProviderMetaInfo] update meta info for BlockDetectorProvider method_list is BlockDetector::HEART_BEAT, event_list is 
[76328:76328:0620/190452.932887:INFO:aha/components/towel/common/static_routing_ap.cc:181] [TOWEL][StaticRoutingAP::RunPendingRequestAndEvents] provider_name= BlockDetectorProvider
[76328:76328:0620/190452.932900:INFO:aha/components/towel/common/master_impl.cc:193] [TOWEL][MasterImpl::GetAllProviders] provider size is 1 given size is 1
[76328:76349:0620/190452.932918:INFO:aha/components/towel/common/ap_impl.cc:511] [TOWEL][APImpl::OnGetAllProviders]: RoutingId(76328, 749663581) provider size 1
[76328:76349:0620/190452.932941:INFO:aha/components/towel/common/ap_impl.cc:520] [TOWEL][APImpl::OnGetAllProviders] add provider BlockDetectorProvider
[76328:76349:0620/190452.932948:INFO:aha/components/towel/common/static_routing_ap.cc:181] [TOWEL][StaticRoutingAP::RunPendingRequestAndEvents] provider_name= BlockDetectorProvider
[76328:76328:0620/190452.932963:INFO:aha/components/towel/common/ap_impl.cc:530] [TOWEL][APImpl::OnGetProviderMetaInfo]: RoutingId(76328, 282437514) provider BlockDetectorProvider
[76328:76328:0620/190452.932969:INFO:aha/components/towel/common/ap_impl.cc:540] [TOWEL][APImpl::OnGetProviderMetaInfo] update meta info for BlockDetectorProvider method_list is BlockDetector::HEART_BEAT, event_list is 
[76328:76328:0620/190452.932974:INFO:aha/components/towel/common/static_routing_ap.cc:181] [TOWEL][StaticRoutingAP::RunPendingRequestAndEvents] provider_name= BlockDetectorProvider
[76328:76328:0620/190452.932987:INFO:aha/components/towel/common/ap_impl.cc:530] [TOWEL][APImpl::OnGetProviderMetaInfo]: RoutingId(76328, 469974705) provider BlockDetectorProvider
[76328:76328:0620/190452.932993:INFO:aha/components/towel/common/ap_impl.cc:540] [TOWEL][APImpl::OnGetProviderMetaInfo] update meta info for BlockDetectorProvider method_list is BlockDetector::HEART_BEAT, event_list is 
[76328:76328:0620/190452.932997:INFO:aha/components/towel/common/static_routing_ap.cc:181] [TOWEL][StaticRoutingAP::RunPendingRequestAndEvents] provider_name= BlockDetectorProvider
[76328:76328:0620/190452.933036:INFO:aha/components/towel/public/provider.cc:196] [TOWEL][Provider::GetMetaInfo] provider BlockDetectorProvider, method_size is 1 method_list is BlockDetector::HEART_BEAT
[76328:76349:0620/190452.933059:INFO:aha/components/towel/common/ap_impl.cc:530] [TOWEL][APImpl::OnGetProviderMetaInfo]: RoutingId(76328, 749663581) provider BlockDetectorProvider
[76328:76349:0620/190452.933066:INFO:aha/components/towel/common/ap_impl.cc:540] [TOWEL][APImpl::OnGetProviderMetaInfo] update meta info for BlockDetectorProvider method_list is BlockDetector::HEART_BEAT, event_list is 
[76328:76349:0620/190452.933072:INFO:aha/components/towel/common/static_routing_ap.cc:181] [TOWEL][StaticRoutingAP::RunPendingRequestAndEvents] provider_name= BlockDetectorProvider
[76328:76377:0620/190452.933458:INFO:aha/components/perf/process/process_tree_provider.cc:255] [ProcessTreeProvider] UpdateInternal cost: 10ms
[76328:76377:0620/190452.933637:INFO:aha/components/perf/process/process_collector_worker_thread.cc:85] [process collector] DoCollectProcessInfo cost: 10ms
[76328:76377:0620/190452.939273:INFO:aha/components/perf/process/process_collector_worker_thread.cc:85] [process collector] DoCollectProcessInfo cost: 5ms
[76328:76377:0620/190452.939309:INFO:aha/components/perf/process/process_type_provider.cc:105] [ProcessTypeProvider] AddProcessOnTaskRunner, pid 76385, type gpu-process
[76328:76377:0620/190452.939320:INFO:aha/components/perf/process/process_type_provider.cc:105] [ProcessTypeProvider] AddProcessOnTaskRunner, pid 76393, type NetworkService
[76328:76377:0620/190452.939325:INFO:aha/components/perf/process/process_type_provider.cc:105] [ProcessTypeProvider] AddProcessOnTaskRunner, pid 76395, type MonitorService
[76328:76328:0620/190452.985468:INFO:aha/components/tiny_storage/tiny_storage.cc:77] [TinyStorage] Save
[76328:76328:0620/190452.985519:INFO:aha/components/towel/common/static_routing_ap.cc:135] [TOWEL][StaticRoutingAP::TryAddPendingRequest] provider not ready, store request and wait. method AhaNet::UpdateAhaNetAccessPolicy
[76328:76328:0620/190452.985526:INFO:aha/components/towel/common/static_routing_ap.cc:144] [TOWEL][StaticRoutingAP] start timeout checker
[76328:76328:0620/190452.992603:ERROR:electron/shell/browser/electron_browser_client.cc:1997] bind receiver for utility
[76328:76328:0620/190452.992620:INFO:aha/components/towel/embedder/master_binder.cc:52] [TOWEL]BindMasterInBrowser, ProcessType(2)
[76328:76328:0620/190452.992629:INFO:aha/components/towel/embedder/master_binder.cc:55] [TOWEL]BindMasterInBrowser, run in main thread, bind.
[76328:76328:0620/190452.992674:ERROR:electron/shell/browser/electron_browser_client.cc:1997] bind receiver for utility
[76328:76328:0620/190452.992678:INFO:aha/components/towel/embedder/master_binder.cc:52] [TOWEL]BindMasterInBrowser, ProcessType(2)
[76328:76328:0620/190452.992689:INFO:aha/components/towel/embedder/master_binder.cc:55] [TOWEL]BindMasterInBrowser, run in main thread, bind.
[76328:76328:0620/190453.024505:INFO:aha/components/towel/common/master_impl.cc:153] [TOWEL][MasterImpl::RegisterProvider] success AhaNet provider size now is 2
[76328:76349:0620/190453.024535:INFO:aha/components/towel/common/ap_impl.cc:406] [TOWEL][APImpl::OnProviderAdded] provider_name AhaNet, RoutingId(76328, 749663581)
[76328:76349:0620/190453.024550:INFO:aha/components/monitor/monitor.cc:173] [Monitor] OnProviderConnected: OnProviderConnected, name: AhaNet
[76328:76349:0620/190453.024558:INFO:aha/components/towel/common/static_routing_ap.cc:181] [TOWEL][StaticRoutingAP::RunPendingRequestAndEvents] provider_name= AhaNet
[76328:76328:0620/190453.024565:INFO:aha/components/towel/common/master_impl.cc:153] [TOWEL][MasterImpl::RegisterProvider] success monitor provider size now is 3
[76328:76349:0620/190453.024588:INFO:aha/components/towel/common/ap_impl.cc:406] [TOWEL][APImpl::OnProviderAdded] provider_name monitor, RoutingId(76328, 749663581)
[76328:76349:0620/190453.024595:INFO:aha/components/monitor/monitor.cc:173] [Monitor] OnProviderConnected: OnProviderConnected, name: monitor
[76328:76349:0620/190453.024600:INFO:aha/components/towel/common/static_routing_ap.cc:181] [TOWEL][StaticRoutingAP::RunPendingRequestAndEvents] provider_name= monitor
[76328:76349:0620/190453.024606:INFO:aha/components/towel/common/static_routing_ap.cc:217] [TOWEL][StaticRoutingAP::RunPendingRequestAndEvents] run pending requests, method= monitor::MONITOR_EVENT
[76328:76349:0620/190453.024619:INFO:aha/components/towel/common/static_routing_ap.cc:217] [TOWEL][StaticRoutingAP::RunPendingRequestAndEvents] run pending requests, method= monitor::MONITOR_EVENT
[76328:76349:0620/190453.024629:INFO:aha/components/towel/common/static_routing_ap.cc:217] [TOWEL][StaticRoutingAP::RunPendingRequestAndEvents] run pending requests, method= monitor::MONITOR_EVENT
[76328:76349:0620/190453.024638:INFO:aha/components/towel/common/static_routing_ap.cc:217] [TOWEL][StaticRoutingAP::RunPendingRequestAndEvents] run pending requests, method= monitor::MONITOR_EVENT
[76328:76349:0620/190453.024650:INFO:aha/components/towel/common/static_routing_ap.cc:217] [TOWEL][StaticRoutingAP::RunPendingRequestAndEvents] run pending requests, method= monitor::MONITOR_EVENT
[76328:76349:0620/190453.024663:INFO:aha/components/towel/common/static_routing_ap.cc:217] [TOWEL][StaticRoutingAP::RunPendingRequestAndEvents] run pending requests, method= monitor::MONITOR_EVENT
[76328:76349:0620/190453.024677:INFO:aha/components/towel/common/ap_impl.cc:530] [TOWEL][APImpl::OnGetProviderMetaInfo]: RoutingId(76328, 749663581) provider AhaNet
[76328:76349:0620/190453.024682:INFO:aha/components/towel/common/ap_impl.cc:540] [TOWEL][APImpl::OnGetProviderMetaInfo] update meta info for AhaNet method_list is AhaNet::UpdateAhaNetAccessPolicy|AhaNet::UpdateTNCConfig|AhaNet::SetProxy|AhaNet::WsCreate|AhaNet::WsConnect|AhaNet::WsSend|AhaNet::WsDisconnect|AhaNet::WsDestroy, event_list is AhaNet::WsMessage|AhaNet::WsStatusChanged|AhaNet::WsError|AhaNet::TNCConfigUpdated
[76328:76349:0620/190453.024687:INFO:aha/components/towel/common/static_routing_ap.cc:181] [TOWEL][StaticRoutingAP::RunPendingRequestAndEvents] provider_name= AhaNet
[76328:76349:0620/190453.024705:INFO:aha/components/towel/common/ap_impl.cc:530] [TOWEL][APImpl::OnGetProviderMetaInfo]: RoutingId(76328, 749663581) provider monitor
[76328:76349:0620/190453.024709:INFO:aha/components/towel/common/ap_impl.cc:540] [TOWEL][APImpl::OnGetProviderMetaInfo] update meta info for monitor method_list is monitor::MONITOR_EVENT|monitor::UPLOAD_LOGS|monitor::TOGGLE_LOGIFIER|monitor::REPORT_NETWORK_EVENT|monitor::REPORT_SLARDAR_WEB|monitor::REPORT_CPU_PROFILE|monitor::REPORT_SNAPSHOT|monitor::REPORT_CUSTOM_EXCEPTION, event_list is 
[76328:76349:0620/190453.024715:INFO:aha/components/towel/common/static_routing_ap.cc:181] [TOWEL][StaticRoutingAP::RunPendingRequestAndEvents] provider_name= monitor
[76328:76328:0620/190453.025410:INFO:aha/components/towel/common/ap_impl.cc:406] [TOWEL][APImpl::OnProviderAdded] provider_name AhaNet, RoutingId(76328, 219607164)
[76328:76328:0620/190453.025422:INFO:aha/components/towel/common/static_routing_ap.cc:181] [TOWEL][StaticRoutingAP::RunPendingRequestAndEvents] provider_name= AhaNet
[76328:76328:0620/190453.025438:INFO:aha/components/towel/common/ap_impl.cc:406] [TOWEL][APImpl::OnProviderAdded] provider_name AhaNet, RoutingId(76328, 282437514)
[76328:76328:0620/190453.025443:INFO:aha/components/ipc/ipc_client.cc:172] [AhaIpc] provider connected, name: AhaNet
[76328:76328:0620/190453.025447:INFO:aha/components/towel/common/static_routing_ap.cc:181] [TOWEL][StaticRoutingAP::RunPendingRequestAndEvents] provider_name= AhaNet
[76328:76328:0620/190453.025459:INFO:aha/components/towel/common/ap_impl.cc:406] [TOWEL][APImpl::OnProviderAdded] provider_name AhaNet, RoutingId(76328, 469974705)
[76328:76328:0620/190453.025463:INFO:aha/services/aha_net/aha_net_client_impl.cc:80] AhaNet provider connected
[76328:76328:0620/190453.025467:INFO:aha/services/aha_net/aha_net_client_impl.cc:82] listen to provider
[76328:76328:0620/190453.025472:WARNING:aha/components/towel/common/ap_impl.cc:220] [TOWEL][APImpl::ListensEvents] no provider for event AhaNet::TNCConfigUpdated
[76328:76328:0620/190453.025477:INFO:aha/components/towel/common/ap_impl.cc:594] [TOWEL][APImpl::ListensEvents] start, RoutingId(76328, 469974705)
[76328:76328:0620/190453.025481:INFO:aha/components/towel/common/ap_impl.cc:596] [TOWEL][APImpl::ListensEvents] no pending_listen_requests_, do nothing
[76328:76328:0620/190453.025485:INFO:aha/components/towel/common/static_routing_ap.cc:171] [TOWEL][StaticRoutingAP::TryAddPendingEvents] provider not ready, store event and wait. event AhaNet::TNCConfigUpdated
[76328:76328:0620/190453.025490:INFO:aha/components/towel/common/static_routing_ap.cc:181] [TOWEL][StaticRoutingAP::RunPendingRequestAndEvents] provider_name= AhaNet
[76328:76328:0620/190453.025494:INFO:aha/components/towel/common/static_routing_ap.cc:195] [TOWEL][StaticRoutingAP::RunPendingEvents] run pending events, event_list is AhaNet::TNCConfigUpdated,AhaNet::TNCConfigUpdated
[76328:76328:0620/190453.025507:INFO:aha/components/towel/common/static_routing_ap.cc:217] [TOWEL][StaticRoutingAP::RunPendingRequestAndEvents] run pending requests, method= AhaNet::UpdateAhaNetAccessPolicy
[76328:76349:0620/190453.025967:INFO:aha/components/towel/common/static_routing_ap.cc:244] [TOWEL]run timeout checker
[76328:76349:0620/190453.025980:INFO:aha/components/towel/common/static_routing_ap.cc:267] [TOWEL]stop timeout checker
[76328:76328:0620/190453.026477:INFO:aha/components/towel/common/ap_impl.cc:406] [TOWEL][APImpl::OnProviderAdded] provider_name monitor, RoutingId(76328, 219607164)
[76328:76328:0620/190453.026487:INFO:aha/components/towel/common/static_routing_ap.cc:181] [TOWEL][StaticRoutingAP::RunPendingRequestAndEvents] provider_name= monitor
[76328:76328:0620/190453.026497:INFO:aha/components/towel/common/ap_impl.cc:530] [TOWEL][APImpl::OnGetProviderMetaInfo]: RoutingId(76328, 219607164) provider AhaNet
[76328:76328:0620/190453.026501:INFO:aha/components/towel/common/ap_impl.cc:540] [TOWEL][APImpl::OnGetProviderMetaInfo] update meta info for AhaNet method_list is AhaNet::UpdateAhaNetAccessPolicy|AhaNet::UpdateTNCConfig|AhaNet::SetProxy|AhaNet::WsCreate|AhaNet::WsConnect|AhaNet::WsSend|AhaNet::WsDisconnect|AhaNet::WsDestroy, event_list is AhaNet::WsMessage|AhaNet::WsStatusChanged|AhaNet::WsError|AhaNet::TNCConfigUpdated
[76328:76328:0620/190453.026507:INFO:aha/components/towel/common/static_routing_ap.cc:181] [TOWEL][StaticRoutingAP::RunPendingRequestAndEvents] provider_name= AhaNet
[76328:76328:0620/190453.026520:INFO:aha/components/towel/common/ap_impl.cc:406] [TOWEL][APImpl::OnProviderAdded] provider_name monitor, RoutingId(76328, 282437514)
[76328:76328:0620/190453.026525:INFO:aha/components/ipc/ipc_client.cc:172] [AhaIpc] provider connected, name: monitor
[76328:76328:0620/190453.026529:INFO:aha/components/towel/common/static_routing_ap.cc:181] [TOWEL][StaticRoutingAP::RunPendingRequestAndEvents] provider_name= monitor
[76328:76328:0620/190453.026536:INFO:aha/components/towel/common/ap_impl.cc:530] [TOWEL][APImpl::OnGetProviderMetaInfo]: RoutingId(76328, 282437514) provider AhaNet
[76328:76328:0620/190453.026540:INFO:aha/components/towel/common/ap_impl.cc:540] [TOWEL][APImpl::OnGetProviderMetaInfo] update meta info for AhaNet method_list is AhaNet::UpdateAhaNetAccessPolicy|AhaNet::UpdateTNCConfig|AhaNet::SetProxy|AhaNet::WsCreate|AhaNet::WsConnect|AhaNet::WsSend|AhaNet::WsDisconnect|AhaNet::WsDestroy, event_list is AhaNet::WsMessage|AhaNet::WsStatusChanged|AhaNet::WsError|AhaNet::TNCConfigUpdated
[76328:76328:0620/190453.026545:INFO:aha/components/towel/common/static_routing_ap.cc:181] [TOWEL][StaticRoutingAP::RunPendingRequestAndEvents] provider_name= AhaNet
[76328:76328:0620/190453.026552:INFO:aha/components/towel/common/ap_impl.cc:530] [TOWEL][APImpl::OnGetProviderMetaInfo]: RoutingId(76328, 469974705) provider AhaNet
[76328:76328:0620/190453.026557:INFO:aha/components/towel/common/ap_impl.cc:540] [TOWEL][APImpl::OnGetProviderMetaInfo] update meta info for AhaNet method_list is AhaNet::UpdateAhaNetAccessPolicy|AhaNet::UpdateTNCConfig|AhaNet::SetProxy|AhaNet::WsCreate|AhaNet::WsConnect|AhaNet::WsSend|AhaNet::WsDisconnect|AhaNet::WsDestroy, event_list is AhaNet::WsMessage|AhaNet::WsStatusChanged|AhaNet::WsError|AhaNet::TNCConfigUpdated
[76328:76328:0620/190453.026561:INFO:aha/components/towel/common/static_routing_ap.cc:181] [TOWEL][StaticRoutingAP::RunPendingRequestAndEvents] provider_name= AhaNet
[76328:76328:0620/190453.026573:INFO:aha/components/towel/common/ap_impl.cc:406] [TOWEL][APImpl::OnProviderAdded] provider_name monitor, RoutingId(76328, 469974705)
[76328:76328:0620/190453.026577:INFO:aha/components/towel/common/static_routing_ap.cc:181] [TOWEL][StaticRoutingAP::RunPendingRequestAndEvents] provider_name= monitor
[76328:76328:0620/190453.026589:INFO:aha/components/towel/common/master_impl.cc:78] [TOWEL][MasterImpl::BindAP] success for 469974705
[76328:76328:0620/190453.026675:INFO:aha/components/towel/common/ap_impl.cc:530] [TOWEL][APImpl::OnGetProviderMetaInfo]: RoutingId(76328, 219607164) provider monitor
[76328:76328:0620/190453.026686:INFO:aha/components/towel/common/ap_impl.cc:540] [TOWEL][APImpl::OnGetProviderMetaInfo] update meta info for monitor method_list is monitor::MONITOR_EVENT|monitor::UPLOAD_LOGS|monitor::TOGGLE_LOGIFIER|monitor::REPORT_NETWORK_EVENT|monitor::REPORT_SLARDAR_WEB|monitor::REPORT_CPU_PROFILE|monitor::REPORT_SNAPSHOT|monitor::REPORT_CUSTOM_EXCEPTION, event_list is 
[76328:76328:0620/190453.026694:INFO:aha/components/towel/common/static_routing_ap.cc:181] [TOWEL][StaticRoutingAP::RunPendingRequestAndEvents] provider_name= monitor
[76328:76328:0620/190453.026701:INFO:aha/components/towel/common/ap_impl.cc:530] [TOWEL][APImpl::OnGetProviderMetaInfo]: RoutingId(76328, 282437514) provider monitor
[76328:76328:0620/190453.026706:INFO:aha/components/towel/common/ap_impl.cc:540] [TOWEL][APImpl::OnGetProviderMetaInfo] update meta info for monitor method_list is monitor::MONITOR_EVENT|monitor::UPLOAD_LOGS|monitor::TOGGLE_LOGIFIER|monitor::REPORT_NETWORK_EVENT|monitor::REPORT_SLARDAR_WEB|monitor::REPORT_CPU_PROFILE|monitor::REPORT_SNAPSHOT|monitor::REPORT_CUSTOM_EXCEPTION, event_list is 
[76328:76328:0620/190453.026710:INFO:aha/components/towel/common/static_routing_ap.cc:181] [TOWEL][StaticRoutingAP::RunPendingRequestAndEvents] provider_name= monitor
[76328:76328:0620/190453.026731:INFO:aha/components/towel/common/ap_impl.cc:530] [TOWEL][APImpl::OnGetProviderMetaInfo]: RoutingId(76328, 469974705) provider monitor
[76328:76328:0620/190453.026736:INFO:aha/components/towel/common/ap_impl.cc:540] [TOWEL][APImpl::OnGetProviderMetaInfo] update meta info for monitor method_list is monitor::MONITOR_EVENT|monitor::UPLOAD_LOGS|monitor::TOGGLE_LOGIFIER|monitor::REPORT_NETWORK_EVENT|monitor::REPORT_SLARDAR_WEB|monitor::REPORT_CPU_PROFILE|monitor::REPORT_SNAPSHOT|monitor::REPORT_CUSTOM_EXCEPTION, event_list is 
[76328:76328:0620/190453.026740:INFO:aha/components/towel/common/static_routing_ap.cc:181] [TOWEL][StaticRoutingAP::RunPendingRequestAndEvents] provider_name= monitor
[76328:76328:0620/190453.049427:INFO:aha/components/monitor/monitor.cc:159] [Monitor] SetDisableReport: SetDisableReport, disable_report: 0
[76330:76330:0620/190453.049472:INFO:third_party/crashpad/crashpad/handler/linux/crash_report_exception_handler.cc:344] [Crashpad] Append global param key: device_id
[76328:76328:0620/190453.049513:INFO:aha/components/monitor/monitor_service_instance_impl.cc:185] [MonitorService] UpdateConfig: UpdateConfig, device_id: 7649334840105879056, user_id: , tenant_id: 
[76330:76333:0620/190453.049548:INFO:aha/third_party/parfait/aha/parfait_client.cc:176] [Parfait] update ParfaitClient with config
	pft_version=1.3.0.0
	user_id=
	device_id=7649334840105879056
	session_id=
	data_report_url=https://pcmon-boot.trae.ai/monitor_pc/collect/api/pc_log
	crash_report_url=https://pcmon-boot.trae.ai/monitor_pc/collect/api/pc_crash
	gwpasan_report_url=https://pcmon-boot.trae.ai/monitor_pc/collect/api/pc_gwpasan
	block_report_url=https://pcmon-boot.trae.ai/monitor_pc/collect/api/pc_jank
	matrix_report_url=https://pcmon-boot.trae.ai/monitor_pc/collect/api/pc_matrix
	cpu_profile_report_url=https://pcmon-boot.trae.ai/monitor_pc/collect/file/pc_cpu_profile
	custom_exception_report_url=https://pcmon-boot.trae.ai/monitor_pc/collect/file/pc_custom_exception
	snapshot_report_url=https://pcmon-boot.trae.ai/monitor_pc/collect/file/pc_snapshot
	settings_url=
	tenant_id=
[76330:76330:0620/190453.049585:INFO:third_party/crashpad/crashpad/handler/linux/crash_report_exception_handler.cc:344] [Crashpad] Append global param key: machineId
[76330:76330:0620/190453.049613:INFO:third_party/crashpad/crashpad/handler/linux/crash_report_exception_handler.cc:344] [Crashpad] Append global param key: release
[76330:76330:0620/190453.049634:INFO:third_party/crashpad/crashpad/handler/linux/crash_report_exception_handler.cc:344] [Crashpad] Append global param key: hostname
[76330:76330:0620/190453.049654:INFO:third_party/crashpad/crashpad/handler/linux/crash_report_exception_handler.cc:344] [Crashpad] Append global param key: memory
[76330:76330:0620/190453.049688:INFO:third_party/crashpad/crashpad/handler/linux/crash_report_exception_handler.cc:344] [Crashpad] Append global param key: cpu
[76330:76330:0620/190453.049712:INFO:third_party/crashpad/crashpad/handler/linux/crash_report_exception_handler.cc:344] [Crashpad] Append global param key: memoryUsagePercentage
[76330:76330:0620/190453.049729:INFO:third_party/crashpad/crashpad/handler/linux/crash_report_exception_handler.cc:344] [Crashpad] Append global param key: usage
[76330:76330:0620/190453.049825:INFO:third_party/crashpad/crashpad/handler/linux/crash_report_exception_handler.cc:344] [Crashpad] Append global param key: region
[76328:76328:0620/190453.050127:INFO:aha/components/towel/embedder/master_binder.cc:60] [TOWEL]BindMasterInAnyProcess, ProcessType(2)
[76328:76328:0620/190453.050138:INFO:aha/components/towel/embedder/master_binder.cc:52] [TOWEL]BindMasterInBrowser, ProcessType(2)
[76328:76328:0620/190453.050152:INFO:aha/components/towel/embedder/master_binder.cc:55] [TOWEL]BindMasterInBrowser, run in main thread, bind.
[76328:76328:0620/190453.050170:INFO:aha/components/towel/public/provider.cc:76] [TOWEL][Provider::Mount] mount provider, name= trae-config-channel, force_reset=0
[76328:76328:0620/190453.051364:INFO:aha/components/ipc/ipc_client.cc:36] [AhaIpc] create socket, server: ai-agent, channel_id: 3cc9440d-4375-4fb4-8b5a-a8beffaa159a
[76328:76328:0620/190453.051375:INFO:aha/components/ipc/ipc_client.cc:41] [AhaIpc] listen to server first time, server=ai-agent
[76328:76328:0620/190453.051381:WARNING:aha/components/towel/common/ap_impl.cc:220] [TOWEL][APImpl::ListensEvents] no provider for event ai-agent::PUSH_PACKET
[76328:76328:0620/190453.051386:INFO:aha/components/towel/common/ap_impl.cc:594] [TOWEL][APImpl::ListensEvents] start, RoutingId(76328, 282437514)
[76328:76328:0620/190453.051390:INFO:aha/components/towel/common/ap_impl.cc:596] [TOWEL][APImpl::ListensEvents] no pending_listen_requests_, do nothing
[76328:76328:0620/190453.051395:INFO:aha/components/towel/common/static_routing_ap.cc:171] [TOWEL][StaticRoutingAP::TryAddPendingEvents] provider not ready, store event and wait. event ai-agent::PUSH_PACKET
[76328:76328:0620/190453.051405:INFO:aha/components/towel/common/static_routing_ap.cc:135] [TOWEL][StaticRoutingAP::TryAddPendingRequest] provider not ready, store request and wait. method ai-agent::SEND
[76328:76328:0620/190453.051410:INFO:aha/components/towel/common/static_routing_ap.cc:144] [TOWEL][StaticRoutingAP] start timeout checker
[76328:76328:0620/190453.055854:INFO:aha/components/perf/system_monitor/perf_system_monitor.cc:68] PerfSystemMonitor::Start 0x33f40039f6c8, interval 15 s
[76328:76328:0620/190453.055885:INFO:aha/components/perf/perf_abnormal_observer.cc:545] [PerfAbnormal] GetInstance, 
[76328:76328:0620/190453.055890:INFO:aha/electron/shell/browser/api/electron_api_aha_system_monitor.cc:77] [AhaSystemMonitor] MonitorAbnormal
[76328:76328:0620/190453.064712:ERROR:aha/components/basil/core/native_extension_manager_impl.cc:51] [Basil][Basil] no extension found, name=ai
[76328:76328:0620/190453.065188:INFO:aha/components/basil/core/native_extension_impl.cc:105] [Basil]native_extension created, name=ai
[76328:76328:0620/190453.065204:INFO:aha/components/basil/core/native_extension_impl.cc:130] [Basil]launch native extension process start, name=ai
[76328:76328:0620/190453.065214:INFO:content/public/browser/service_process_host.cc:108] vscode_crash_reporter_process_type: is ai
[76328:76328:0620/190453.067557:ERROR:aha/components/basil/core/native_extension_manager_impl.cc:51] [Basil][Basil] no extension found, name=ckg
[76328:76328:0620/190453.067592:INFO:aha/components/basil/core/native_extension_impl.cc:105] [Basil]native_extension created, name=ckg
[76328:76328:0620/190453.067607:INFO:aha/components/basil/core/native_extension_impl.cc:130] [Basil]launch native extension process start, name=ckg
[76328:76328:0620/190453.067613:INFO:content/public/browser/service_process_host.cc:108] vscode_crash_reporter_process_type: is ckg
[76328:76328:0620/190453.070382:INFO:content/public/browser/service_process_host.cc:108] vscode_crash_reporter_process_type: is ai-server
[76328:76328:0620/190453.072524:INFO:aha/components/ipc/ipc_client.cc:36] [AhaIpc] create socket, server: cueServer, channel_id: 1098d5f4-826b-4bda-97c2-71fab6c4dbfe
[76328:76328:0620/190453.072538:INFO:aha/components/ipc/ipc_client.cc:41] [AhaIpc] listen to server first time, server=cueServer
[76328:76328:0620/190453.072546:WARNING:aha/components/towel/common/ap_impl.cc:220] [TOWEL][APImpl::ListensEvents] no provider for event cueServer::PUSH_PACKET
[76328:76328:0620/190453.072551:INFO:aha/components/towel/common/ap_impl.cc:594] [TOWEL][APImpl::ListensEvents] start, RoutingId(76328, 282437514)
[76328:76328:0620/190453.072555:INFO:aha/components/towel/common/ap_impl.cc:596] [TOWEL][APImpl::ListensEvents] no pending_listen_requests_, do nothing
[76328:76328:0620/190453.072560:INFO:aha/components/towel/common/static_routing_ap.cc:171] [TOWEL][StaticRoutingAP::TryAddPendingEvents] provider not ready, store event and wait. event cueServer::PUSH_PACKET
[76328:76328:0620/190453.072576:INFO:aha/components/towel/common/static_routing_ap.cc:135] [TOWEL][StaticRoutingAP::TryAddPendingRequest] provider not ready, store request and wait. method cueServer::SEND
[76328:76328:0620/190453.072868:INFO:aha/components/towel/common/static_routing_ap.cc:135] [TOWEL][StaticRoutingAP::TryAddPendingRequest] provider not ready, store request and wait. method ai-agent::SEND
[76328:76328:0620/190453.073039:INFO:aha/components/towel/common/static_routing_ap.cc:135] [TOWEL][StaticRoutingAP::TryAddPendingRequest] provider not ready, store request and wait. method cueServer::SEND
[76328:76328:0620/190453.074209:INFO:aha/components/towel/common/master_impl.cc:153] [TOWEL][MasterImpl::RegisterProvider] success trae-config-channel provider size now is 4
[76328:76349:0620/190453.074247:INFO:aha/components/towel/common/ap_impl.cc:406] [TOWEL][APImpl::OnProviderAdded] provider_name trae-config-channel, RoutingId(76328, 749663581)
[76328:76349:0620/190453.074260:INFO:aha/components/monitor/monitor.cc:173] [Monitor] OnProviderConnected: OnProviderConnected, name: trae-config-channel
[76328:76349:0620/190453.074267:INFO:aha/components/towel/common/static_routing_ap.cc:181] [TOWEL][StaticRoutingAP::RunPendingRequestAndEvents] provider_name= trae-config-channel
[76328:76328:0620/190453.074571:INFO:aha/components/basil/core/native_extension_impl.cc:212] [Basil]process launched, name=ai, pid=76448
[76328:76328:0620/190453.074743:INFO:aha/components/process_observer/aha_process_observer.cc:45] [process observer][process launched] type is:ai, pid is:76448
[76328:76349:0620/190453.074766:INFO:aha/components/perf/process/process_type_provider.cc:105] [ProcessTypeProvider] AddProcessOnTaskRunner, pid 76448, type ai
[76328:76328:0620/190453.074778:INFO:aha/components/perf/perf_manager_base.cc:448] [perf manager][function = AddProcess] add process:76448
[76328:76328:0620/190453.074815:INFO:aha/components/perf/collector/perf_collector_base.cc:29] [perf collector][function=ShouldCollectProcess] AddProcess pid:76448 cmd:/proc/self/exe --type=utility --utility-sub-type=basil.mojom.NativeExtensionService --lang=zh-CN --service-sandbox-type=none --render-node-override=/dev/dri/renderD129 --vscode-crash-reporter-process-type=ai --crashpad-handler-pid=76330 --enable-crash-reporter=cf0573c6-7444-4116-be82-e562a048b8e6,no_channel --user-data-dir=/home/eternity/.config/Trae --standard-schemes=vscode-webview,vscode-file --enable-sandbox --secure-schemes=vscode-webview,vscode-file --cors-schemes=vscode-webview,vscode-file --fetch-schemes=vscode-webview,vscode-file --service-worker-schemes=vscode-webview --code-cache-schemes=vscode-webview,vscode-file --shared-files=v8_context_snapshot_data:100 --field-trial-handle=3,i,12221322380546081518,4624963175916558583,262144 --enable-features=DocumentPolicyIncludeJSCallStacksInCrashReports,EarlyEstablishGpuChannel,EstablishGpuChannelAsync,PdfUseShowSaveFilePicker --disable-features=CalculateNativeWinOcclusion,LocalNetworkAccessChecks,ScreenAIOCREnabled,SpareRendererForSitePerProcess,TraceSiteInstanceGetProcessCreation --variations-seed-version --trace-process-track-uuid=3190708990997080739
[76328:76328:0620/190453.074846:INFO:aha/components/perf/collector/perf_collector_base.cc:29] [perf collector][function=ShouldCollectProcess] AddProcess pid:76448 cmd:/proc/self/exe --type=utility --utility-sub-type=basil.mojom.NativeExtensionService --lang=zh-CN --service-sandbox-type=none --render-node-override=/dev/dri/renderD129 --vscode-crash-reporter-process-type=ai --crashpad-handler-pid=76330 --enable-crash-reporter=cf0573c6-7444-4116-be82-e562a048b8e6,no_channel --user-data-dir=/home/eternity/.config/Trae --standard-schemes=vscode-webview,vscode-file --enable-sandbox --secure-schemes=vscode-webview,vscode-file --cors-schemes=vscode-webview,vscode-file --fetch-schemes=vscode-webview,vscode-file --service-worker-schemes=vscode-webview --code-cache-schemes=vscode-webview,vscode-file --shared-files=v8_context_snapshot_data:100 --field-trial-handle=3,i,12221322380546081518,4624963175916558583,262144 --enable-features=DocumentPolicyIncludeJSCallStacksInCrashReports,EarlyEstablishGpuChannel,EstablishGpuChannelAsync,PdfUseShowSaveFilePicker --disable-features=CalculateNativeWinOcclusion,LocalNetworkAccessChecks,ScreenAIOCREnabled,SpareRendererForSitePerProcess,TraceSiteInstanceGetProcessCreation --variations-seed-version --trace-process-track-uuid=3190708990997080739
[76328:76328:0620/190453.074871:INFO:aha/components/perf/collector/perf_collector_base.cc:29] [perf collector][function=ShouldCollectProcess] AddProcess pid:76448 cmd:/proc/self/exe --type=utility --utility-sub-type=basil.mojom.NativeExtensionService --lang=zh-CN --service-sandbox-type=none --render-node-override=/dev/dri/renderD129 --vscode-crash-reporter-process-type=ai --crashpad-handler-pid=76330 --enable-crash-reporter=cf0573c6-7444-4116-be82-e562a048b8e6,no_channel --user-data-dir=/home/eternity/.config/Trae --standard-schemes=vscode-webview,vscode-file --enable-sandbox --secure-schemes=vscode-webview,vscode-file --cors-schemes=vscode-webview,vscode-file --fetch-schemes=vscode-webview,vscode-file --service-worker-schemes=vscode-webview --code-cache-schemes=vscode-webview,vscode-file --shared-files=v8_context_snapshot_data:100 --field-trial-handle=3,i,12221322380546081518,4624963175916558583,262144 --enable-features=DocumentPolicyIncludeJSCallStacksInCrashReports,EarlyEstablishGpuChannel,EstablishGpuChannelAsync,PdfUseShowSaveFilePicker --disable-features=CalculateNativeWinOcclusion,LocalNetworkAccessChecks,ScreenAIOCREnabled,SpareRendererForSitePerProcess,TraceSiteInstanceGetProcessCreation --variations-seed-version --trace-process-track-uuid=3190708990997080739
[76328:76328:0620/190453.074917:INFO:aha/components/basil/core/native_extension_impl.cc:212] [Basil]process launched, name=ckg, pid=76449
[76328:76328:0620/190453.075103:INFO:aha/electron/shell/browser/api/electron_api_aha_reporter.cc:305] setPerfContextForProcess enableCkgAhaRequest true

[76328:76328:0620/190453.075116:INFO:aha/components/perf/perf_custom_param_manager.cc:25] Add custom category param enableCkgAhaRequest = true
 for process 76449
[76328:76328:0620/190453.075172:INFO:aha/components/process_observer/aha_process_observer.cc:45] [process observer][process launched] type is:ckg, pid is:76449
[76328:76328:0620/190453.075198:INFO:aha/components/perf/perf_manager_base.cc:448] [perf manager][function = AddProcess] add process:76449
[76328:76349:0620/190453.075200:INFO:aha/components/perf/process/process_type_provider.cc:105] [ProcessTypeProvider] AddProcessOnTaskRunner, pid 76449, type ckg
[76328:76328:0620/190453.075225:INFO:aha/components/perf/collector/perf_collector_base.cc:29] [perf collector][function=ShouldCollectProcess] AddProcess pid:76449 cmd:/proc/self/exe --type=utility --utility-sub-type=basil.mojom.NativeExtensionService --lang=zh-CN --service-sandbox-type=none --render-node-override=/dev/dri/renderD129 --vscode-crash-reporter-process-type=ckg --crashpad-handler-pid=76330 --enable-crash-reporter=cf0573c6-7444-4116-be82-e562a048b8e6,no_channel --user-data-dir=/home/eternity/.config/Trae --standard-schemes=vscode-webview,vscode-file --enable-sandbox --secure-schemes=vscode-webview,vscode-file --cors-schemes=vscode-webview,vscode-file --fetch-schemes=vscode-webview,vscode-file --service-worker-schemes=vscode-webview --code-cache-schemes=vscode-webview,vscode-file --shared-files=v8_context_snapshot_data:100 --field-trial-handle=3,i,12221322380546081518,4624963175916558583,262144 --enable-features=DocumentPolicyIncludeJSCallStacksInCrashReports,EarlyEstablishGpuChannel,EstablishGpuChannelAsync,PdfUseShowSaveFilePicker --disable-features=CalculateNativeWinOcclusion,LocalNetworkAccessChecks,ScreenAIOCREnabled,SpareRendererForSitePerProcess,TraceSiteInstanceGetProcessCreation --variations-seed-version --trace-process-track-uuid=3190708991934122588
[76328:76328:0620/190453.075244:INFO:aha/components/perf/collector/perf_collector_base.cc:29] [perf collector][function=ShouldCollectProcess] AddProcess pid:76449 cmd:/proc/self/exe --type=utility --utility-sub-type=basil.mojom.NativeExtensionService --lang=zh-CN --service-sandbox-type=none --render-node-override=/dev/dri/renderD129 --vscode-crash-reporter-process-type=ckg --crashpad-handler-pid=76330 --enable-crash-reporter=cf0573c6-7444-4116-be82-e562a048b8e6,no_channel --user-data-dir=/home/eternity/.config/Trae --standard-schemes=vscode-webview,vscode-file --enable-sandbox --secure-schemes=vscode-webview,vscode-file --cors-schemes=vscode-webview,vscode-file --fetch-schemes=vscode-webview,vscode-file --service-worker-schemes=vscode-webview --code-cache-schemes=vscode-webview,vscode-file --shared-files=v8_context_snapshot_data:100 --field-trial-handle=3,i,12221322380546081518,4624963175916558583,262144 --enable-features=DocumentPolicyIncludeJSCallStacksInCrashReports,EarlyEstablishGpuChannel,EstablishGpuChannelAsync,PdfUseShowSaveFilePicker --disable-features=CalculateNativeWinOcclusion,LocalNetworkAccessChecks,ScreenAIOCREnabled,SpareRendererForSitePerProcess,TraceSiteInstanceGetProcessCreation --variations-seed-version --trace-process-track-uuid=3190708991934122588
[76328:76328:0620/190453.075260:INFO:aha/components/perf/collector/perf_collector_base.cc:29] [perf collector][function=ShouldCollectProcess] AddProcess pid:76449 cmd:/proc/self/exe --type=utility --utility-sub-type=basil.mojom.NativeExtensionService --lang=zh-CN --service-sandbox-type=none --render-node-override=/dev/dri/renderD129 --vscode-crash-reporter-process-type=ckg --crashpad-handler-pid=76330 --enable-crash-reporter=cf0573c6-7444-4116-be82-e562a048b8e6,no_channel --user-data-dir=/home/eternity/.config/Trae --standard-schemes=vscode-webview,vscode-file --enable-sandbox --secure-schemes=vscode-webview,vscode-file --cors-schemes=vscode-webview,vscode-file --fetch-schemes=vscode-webview,vscode-file --service-worker-schemes=vscode-webview --code-cache-schemes=vscode-webview,vscode-file --shared-files=v8_context_snapshot_data:100 --field-trial-handle=3,i,12221322380546081518,4624963175916558583,262144 --enable-features=DocumentPolicyIncludeJSCallStacksInCrashReports,EarlyEstablishGpuChannel,EstablishGpuChannelAsync,PdfUseShowSaveFilePicker --disable-features=CalculateNativeWinOcclusion,LocalNetworkAccessChecks,ScreenAIOCREnabled,SpareRendererForSitePerProcess,TraceSiteInstanceGetProcessCreation --variations-seed-version --trace-process-track-uuid=3190708991934122588
[76328:76328:0620/190453.075677:INFO:aha/electron/shell/browser/api/electron_api_aha_reporter.cc:305] setPerfContextForProcess isSingletonCueServer true

[76328:76328:0620/190453.075687:INFO:aha/components/perf/perf_custom_param_manager.cc:25] Add custom category param isSingletonCueServer = true
 for process 76450
[76328:76328:0620/190453.075738:INFO:aha/components/process_observer/aha_process_observer.cc:45] [process observer][process launched] type is:ai-server, pid is:76450
[76328:76328:0620/190453.075759:INFO:aha/components/perf/perf_manager_base.cc:448] [perf manager][function = AddProcess] add process:76450
[76328:76349:0620/190453.075757:INFO:aha/components/perf/process/process_type_provider.cc:105] [ProcessTypeProvider] AddProcessOnTaskRunner, pid 76450, type ai-server
[76328:76328:0620/190453.075788:INFO:aha/components/perf/collector/perf_collector_base.cc:29] [perf collector][function=ShouldCollectProcess] AddProcess pid:76450 cmd:/proc/self/exe --type=utility --utility-sub-type=node.mojom.NodeService --lang=zh-CN --service-sandbox-type=none --render-node-override=/dev/dri/renderD129 --vscode-crash-reporter-process-type=ai-server --crashpad-handler-pid=76330 --enable-crash-reporter=cf0573c6-7444-4116-be82-e562a048b8e6,no_channel --user-data-dir=/home/eternity/.config/Trae --standard-schemes=vscode-webview,vscode-file --enable-sandbox --secure-schemes=vscode-webview,vscode-file --cors-schemes=vscode-webview,vscode-file --fetch-schemes=vscode-webview,vscode-file --service-worker-schemes=vscode-webview --code-cache-schemes=vscode-webview,vscode-file --shared-files=v8_context_snapshot_data:100 --field-trial-handle=3,i,12221322380546081518,4624963175916558583,262144 --enable-features=DocumentPolicyIncludeJSCallStacksInCrashReports,EarlyEstablishGpuChannel,EstablishGpuChannelAsync,PdfUseShowSaveFilePicker --disable-features=CalculateNativeWinOcclusion,LocalNetworkAccessChecks,ScreenAIOCREnabled,SpareRendererForSitePerProcess,TraceSiteInstanceGetProcessCreation --variations-seed-version --trace-process-track-uuid=3190708992871164437
[76328:76328:0620/190453.075803:INFO:aha/components/perf/collector/perf_collector_base.cc:29] [perf collector][function=ShouldCollectProcess] AddProcess pid:76450 cmd:/proc/self/exe --type=utility --utility-sub-type=node.mojom.NodeService --lang=zh-CN --service-sandbox-type=none --render-node-override=/dev/dri/renderD129 --vscode-crash-reporter-process-type=ai-server --crashpad-handler-pid=76330 --enable-crash-reporter=cf0573c6-7444-4116-be82-e562a048b8e6,no_channel --user-data-dir=/home/eternity/.config/Trae --standard-schemes=vscode-webview,vscode-file --enable-sandbox --secure-schemes=vscode-webview,vscode-file --cors-schemes=vscode-webview,vscode-file --fetch-schemes=vscode-webview,vscode-file --service-worker-schemes=vscode-webview --code-cache-schemes=vscode-webview,vscode-file --shared-files=v8_context_snapshot_data:100 --field-trial-handle=3,i,12221322380546081518,4624963175916558583,262144 --enable-features=DocumentPolicyIncludeJSCallStacksInCrashReports,EarlyEstablishGpuChannel,EstablishGpuChannelAsync,PdfUseShowSaveFilePicker --disable-features=CalculateNativeWinOcclusion,LocalNetworkAccessChecks,ScreenAIOCREnabled,SpareRendererForSitePerProcess,TraceSiteInstanceGetProcessCreation --variations-seed-version --trace-process-track-uuid=3190708992871164437
[76328:76328:0620/190453.075834:INFO:aha/components/perf/collector/perf_collector_base.cc:29] [perf collector][function=ShouldCollectProcess] AddProcess pid:76450 cmd:/proc/self/exe --type=utility --utility-sub-type=node.mojom.NodeService --lang=zh-CN --service-sandbox-type=none --render-node-override=/dev/dri/renderD129 --vscode-crash-reporter-process-type=ai-server --crashpad-handler-pid=76330 --enable-crash-reporter=cf0573c6-7444-4116-be82-e562a048b8e6,no_channel --user-data-dir=/home/eternity/.config/Trae --standard-schemes=vscode-webview,vscode-file --enable-sandbox --secure-schemes=vscode-webview,vscode-file --cors-schemes=vscode-webview,vscode-file --fetch-schemes=vscode-webview,vscode-file --service-worker-schemes=vscode-webview --code-cache-schemes=vscode-webview,vscode-file --shared-files=v8_context_snapshot_data:100 --field-trial-handle=3,i,12221322380546081518,4624963175916558583,262144 --enable-features=DocumentPolicyIncludeJSCallStacksInCrashReports,EarlyEstablishGpuChannel,EstablishGpuChannelAsync,PdfUseShowSaveFilePicker --disable-features=CalculateNativeWinOcclusion,LocalNetworkAccessChecks,ScreenAIOCREnabled,SpareRendererForSitePerProcess,TraceSiteInstanceGetProcessCreation --variations-seed-version --trace-process-track-uuid=3190708992871164437
[76328:76328:0620/190453.076966:INFO:aha/components/towel/common/ap_impl.cc:406] [TOWEL][APImpl::OnProviderAdded] provider_name trae-config-channel, RoutingId(76328, 219607164)
[76328:76328:0620/190453.076988:INFO:aha/components/towel/common/static_routing_ap.cc:181] [TOWEL][StaticRoutingAP::RunPendingRequestAndEvents] provider_name= trae-config-channel
[76328:76328:0620/190453.077026:INFO:aha/components/towel/common/ap_impl.cc:406] [TOWEL][APImpl::OnProviderAdded] provider_name trae-config-channel, RoutingId(76328, 282437514)
[76328:76328:0620/190453.077031:INFO:aha/components/ipc/ipc_client.cc:172] [AhaIpc] provider connected, name: trae-config-channel
[76328:76328:0620/190453.077035:INFO:aha/components/towel/common/static_routing_ap.cc:181] [TOWEL][StaticRoutingAP::RunPendingRequestAndEvents] provider_name= trae-config-channel
[76328:76328:0620/190453.077049:INFO:aha/components/towel/common/ap_impl.cc:406] [TOWEL][APImpl::OnProviderAdded] provider_name trae-config-channel, RoutingId(76328, 469974705)
[76328:76328:0620/190453.077054:INFO:aha/components/towel/common/static_routing_ap.cc:181] [TOWEL][StaticRoutingAP::RunPendingRequestAndEvents] provider_name= trae-config-channel
[76328:76328:0620/190453.077247:ERROR:aha/components/basil/core/native_extension_impl.cc:259] [Basil]process crashed, name=ckg, code=256
[76328:76328:0620/190453.077255:INFO:aha/components/basil/core/native_extension_impl.cc:266] [Basil]HandleTermination, exit_code=256
[76328:76328:0620/190453.077585:INFO:aha/components/basil/core/native_extension_manager_impl.cc:96] [Basil]release native_extension, name=ckg
[76328:76328:0620/190453.077642:ERROR:aha/components/process_observer/aha_process_observer.cc:72] [process observer][process gone] type is: ckg, pid is: 76449, status is: 1, exit code is: 256, run time is: -1, is sandbox: 1
[76328:76349:0620/190453.077660:INFO:aha/components/perf/process/process_type_provider.cc:111] [ProcessTypeProvider] RemoveProcessOnTaskRunner, pid 76449
[76328:76328:0620/190453.077663:INFO:aha/components/perf/perf_manager_base.cc:509] [perf manager][function = RemoveProcess] remove exited process:76449
[76328:76328:0620/190453.079069:INFO:aha/components/towel/common/static_routing_ap.cc:135] [TOWEL][StaticRoutingAP::TryAddPendingRequest] provider not ready, store request and wait. method ai-agent::SEND
[76328:76328:0620/190453.079301:ERROR:aha/components/basil/core/native_extension_manager_impl.cc:51] [Basil][Basil] no extension found, name=ckg
[76328:76328:0620/190453.079319:INFO:aha/components/basil/core/native_extension_impl.cc:105] [Basil]native_extension created, name=ckg
[76328:76328:0620/190453.079327:INFO:aha/components/basil/core/native_extension_impl.cc:130] [Basil]launch native extension process start, name=ckg
[76328:76328:0620/190453.079333:INFO:content/public/browser/service_process_host.cc:108] vscode_crash_reporter_process_type: is ckg
[76328:76328:0620/190453.081716:INFO:aha/components/towel/public/provider.cc:196] [TOWEL][Provider::GetMetaInfo] provider trae-config-channel, method_size is 1 method_list is trae-config-channel::SEND
[76328:76328:0620/190453.082599:INFO:aha/components/basil/core/native_extension_impl.cc:212] [Basil]process launched, name=ckg, pid=76452
[76328:76328:0620/190453.082655:INFO:aha/electron/shell/browser/api/electron_api_aha_reporter.cc:305] setPerfContextForProcess enableCkgAhaRequest true

[76328:76328:0620/190453.082663:INFO:aha/components/perf/perf_custom_param_manager.cc:25] Add custom category param enableCkgAhaRequest = true
 for process 76452
[76328:76328:0620/190453.082712:INFO:aha/components/process_observer/aha_process_observer.cc:45] [process observer][process launched] type is:ckg, pid is:76452
[76328:76349:0620/190453.082741:INFO:aha/components/perf/process/process_type_provider.cc:105] [ProcessTypeProvider] AddProcessOnTaskRunner, pid 76452, type ckg
[76328:76328:0620/190453.082749:INFO:aha/components/perf/perf_manager_base.cc:448] [perf manager][function = AddProcess] add process:76452
[76328:76328:0620/190453.082785:INFO:aha/components/perf/collector/perf_collector_base.cc:29] [perf collector][function=ShouldCollectProcess] AddProcess pid:76452 cmd:
[76328:76328:0620/190453.082798:INFO:aha/components/perf/collector/perf_collector_base.cc:29] [perf collector][function=ShouldCollectProcess] AddProcess pid:76452 cmd:
[76328:76328:0620/190453.082811:INFO:aha/components/perf/collector/perf_collector_base.cc:29] [perf collector][function=ShouldCollectProcess] AddProcess pid:76452 cmd:
[76328:76328:0620/190453.082842:INFO:aha/components/towel/public/provider.cc:196] [TOWEL][Provider::GetMetaInfo] provider trae-config-channel, method_size is 1 method_list is trae-config-channel::SEND
[76328:76328:0620/190453.082857:INFO:aha/components/towel/public/provider.cc:196] [TOWEL][Provider::GetMetaInfo] provider trae-config-channel, method_size is 1 method_list is trae-config-channel::SEND
[76328:76328:0620/190453.082868:INFO:aha/components/towel/public/provider.cc:196] [TOWEL][Provider::GetMetaInfo] provider trae-config-channel, method_size is 1 method_list is trae-config-channel::SEND
[76328:76328:0620/190453.082886:INFO:aha/components/towel/common/ap_impl.cc:530] [TOWEL][APImpl::OnGetProviderMetaInfo]: RoutingId(76328, 219607164) provider trae-config-channel
[76328:76328:0620/190453.082891:INFO:aha/components/towel/common/ap_impl.cc:540] [TOWEL][APImpl::OnGetProviderMetaInfo] update meta info for trae-config-channel method_list is trae-config-channel::SEND, event_list is trae-config-channel::PUSH_PACKET
[76328:76328:0620/190453.082896:INFO:aha/components/towel/common/static_routing_ap.cc:181] [TOWEL][StaticRoutingAP::RunPendingRequestAndEvents] provider_name= trae-config-channel
[76328:76349:0620/190453.082890:INFO:aha/components/towel/common/ap_impl.cc:530] [TOWEL][APImpl::OnGetProviderMetaInfo]: RoutingId(76328, 749663581) provider trae-config-channel
[76328:76349:0620/190453.082907:INFO:aha/components/towel/common/ap_impl.cc:540] [TOWEL][APImpl::OnGetProviderMetaInfo] update meta info for trae-config-channel method_list is trae-config-channel::SEND, event_list is trae-config-channel::PUSH_PACKET
[76328:76349:0620/190453.082915:INFO:aha/components/towel/common/static_routing_ap.cc:181] [TOWEL][StaticRoutingAP::RunPendingRequestAndEvents] provider_name= trae-config-channel
[76328:76328:0620/190453.083663:INFO:aha/components/monitor/monitor.cc:159] [Monitor] SetDisableReport: SetDisableReport, disable_report: 0
[76330:76330:0620/190453.083705:INFO:third_party/crashpad/crashpad/handler/linux/crash_report_exception_handler.cc:344] [Crashpad] Append global param key: user_id
[76330:76330:0620/190453.083753:INFO:third_party/crashpad/crashpad/handler/linux/crash_report_exception_handler.cc:344] [Crashpad] Append global param key: device_id
[76328:76328:0620/190453.083768:INFO:aha/components/monitor/monitor_service_instance_impl.cc:185] [MonitorService] UpdateConfig: UpdateConfig, device_id: 7649334840105879056, user_id: 7643068500503987207, tenant_id: marscode
[76330:76333:0620/190453.083799:INFO:aha/third_party/parfait/aha/parfait_client.cc:176] [Parfait] update ParfaitClient with config
	pft_version=1.3.0.0
	user_id=7643068500503987207
	device_id=7649334840105879056
	session_id=
	data_report_url=https://pcmon-boot.trae.ai/monitor_pc/collect/api/pc_log
	crash_report_url=https://pcmon-boot.trae.ai/monitor_pc/collect/api/pc_crash
	gwpasan_report_url=https://pcmon-boot.trae.ai/monitor_pc/collect/api/pc_gwpasan
	block_report_url=https://pcmon-boot.trae.ai/monitor_pc/collect/api/pc_jank
	matrix_report_url=https://pcmon-boot.trae.ai/monitor_pc/collect/api/pc_matrix
	cpu_profile_report_url=https://pcmon-boot.trae.ai/monitor_pc/collect/file/pc_cpu_profile
	custom_exception_report_url=https://pcmon-boot.trae.ai/monitor_pc/collect/file/pc_custom_exception
	snapshot_report_url=https://pcmon-boot.trae.ai/monitor_pc/collect/file/pc_snapshot
	settings_url=
	tenant_id=
[76330:76330:0620/190453.083818:INFO:third_party/crashpad/crashpad/handler/linux/crash_report_exception_handler.cc:344] [Crashpad] Append global param key: email
[76330:76330:0620/190453.083846:INFO:third_party/crashpad/crashpad/handler/linux/crash_report_exception_handler.cc:344] [Crashpad] Append global param key: tenant
[76330:76330:0620/190453.083882:INFO:third_party/crashpad/crashpad/handler/linux/crash_report_exception_handler.cc:344] [Crashpad] Append global param key: region
[76328:76328:0620/190453.091623:INFO:aha/components/towel/common/ap_impl.cc:530] [TOWEL][APImpl::OnGetProviderMetaInfo]: RoutingId(76328, 282437514) provider trae-config-channel
[76328:76328:0620/190453.091636:INFO:aha/components/towel/common/ap_impl.cc:540] [TOWEL][APImpl::OnGetProviderMetaInfo] update meta info for trae-config-channel method_list is trae-config-channel::SEND, event_list is trae-config-channel::PUSH_PACKET
[76328:76328:0620/190453.091642:INFO:aha/components/towel/common/static_routing_ap.cc:181] [TOWEL][StaticRoutingAP::RunPendingRequestAndEvents] provider_name= trae-config-channel
[76328:76328:0620/190453.091654:INFO:aha/components/towel/common/ap_impl.cc:530] [TOWEL][APImpl::OnGetProviderMetaInfo]: RoutingId(76328, 469974705) provider trae-config-channel
[76328:76328:0620/190453.091659:INFO:aha/components/towel/common/ap_impl.cc:540] [TOWEL][APImpl::OnGetProviderMetaInfo] update meta info for trae-config-channel method_list is trae-config-channel::SEND, event_list is trae-config-channel::PUSH_PACKET
[76328:76328:0620/190453.091663:INFO:aha/components/towel/common/static_routing_ap.cc:181] [TOWEL][StaticRoutingAP::RunPendingRequestAndEvents] provider_name= trae-config-channel
[76328:76328:0620/190453.091802:ERROR:aha/components/basil/core/native_extension_impl.cc:259] [Basil]process crashed, name=ckg, code=256
[76328:76328:0620/190453.091807:INFO:aha/components/basil/core/native_extension_impl.cc:266] [Basil]HandleTermination, exit_code=256
[76328:76328:0620/190453.091922:INFO:aha/components/basil/core/native_extension_manager_impl.cc:96] [Basil]release native_extension, name=ckg
[76328:76328:0620/190453.091966:ERROR:aha/components/process_observer/aha_process_observer.cc:72] [process observer][process gone] type is: ckg, pid is: 76452, status is: 1, exit code is: 256, run time is: -1, is sandbox: 1
[76328:76349:0620/190453.091995:INFO:aha/components/perf/process/process_type_provider.cc:111] [ProcessTypeProvider] RemoveProcessOnTaskRunner, pid 76452
[76328:76328:0620/190453.092003:INFO:aha/components/perf/perf_manager_base.cc:509] [perf manager][function = RemoveProcess] remove exited process:76452
[76328:76328:0620/190453.099587:WARNING:ui/ozone/platform/wayland/host/wayland_surface.cc:170] Server doesn't support zcr_alpha_compositing_v1.
[76328:76328:0620/190453.099599:WARNING:ui/ozone/platform/wayland/host/wayland_surface.cc:185] Server doesn't support overlay_prioritizer.
[76328:76328:0620/190453.099604:WARNING:ui/ozone/platform/wayland/host/wayland_surface.cc:200] Server doesn't support wp_content_type_v1
[76328:76328:0620/190453.099608:WARNING:ui/ozone/platform/wayland/host/wayland_surface.cc:214] Server doesn't support wp_color_management_surface_v1.
[76328:76328:0620/190453.105561:INFO:aha/components/metrics/metrics_base.cc:52] [startup] metric: createBrowserWindow, start
[76328:76328:0620/190453.105800:INFO:electron/shell/browser/api/electron_api_web_contents.cc:795] Create WebContents, this: 0x33f400347080, uuid: 
[76328:76328:0620/190453.106266:INFO:aha/content/public/browser/renderer_jank/aha_infra_render_block_detector.cc:88] [renderer block] AhaInfraRenderBlockDetector is created and set up!
[76328:76328:0620/190453.114535:INFO:aha/components/metrics/metrics_base.cc:64] [startup] metric: createBrowserWindow, end, latency: 9ms
[76328:76328:0620/190453.122676:INFO:aha/components/towel/common/static_routing_ap.cc:244] [TOWEL]run timeout checker
[76328:76328:0620/190453.122695:INFO:aha/components/towel/common/static_routing_ap.cc:267] [TOWEL]stop timeout checker
[76328:76328:0620/190453.146765:INFO:components/viz/client/frame_evictor.cc:49] blank paint: FrameEvictor::SetVisible 0 -> 0, has_surface=0
[76328:76328:0620/190453.147649:INFO:content/browser/renderer_host/render_widget_host_view_aura.cc:590] blank paint: ShowImpl called, is_hidden=1, disable_hidden=0, visibility=0
[76328:76328:0620/190453.147676:INFO:content/browser/renderer_host/render_widget_host_view_base.cc:890] blank paint: OnShowWithPageVisibility called, is_hidden=1, disable_hidden=0, web_contents_is_visible=1
[76328:76328:0620/190453.147686:INFO:content/browser/renderer_host/render_widget_host_view_aura.cc:635] blank paint: NotifyHostAndDelegateOnWasShown called, FrameEvictor will be set visible
[76328:76328:0620/190453.147701:INFO:content/browser/renderer_host/delegated_frame_host.cc:98] blank paint: WasShown
[76328:76328:0620/190453.147705:INFO:components/viz/client/frame_evictor.cc:49] blank paint: FrameEvictor::SetVisible 0 -> 1, has_surface=0
[76328:76328:0620/190453.148490:INFO:aha/components/page_load_metrics/observers/page_load_metrics_observer.cc:133] [page_load_metrics][traceId-] this:0x33f400172e00, AhaPageLoadMetricsObserver::ctor
[76328:76328:0620/190453.148505:INFO:aha/components/page_load_metrics/observers/page_load_metrics_observer.cc:187] [page_load_metrics][traceId-] this:0x33f400172e00, OnStart: is_same_document:0, started_in_foreground:1
[76328:76328:0620/190453.148517:INFO:aha/components/page_load_metrics/observers/page_load_metrics_observer.cc:224] [page_load_metrics][traceId-] this:0x33f400172e00, TryRegisterWidgetObserver: widget:0x33f40016a700, visible:1, minimized:0, web_contents_visible:1
[76328:76328:0620/190453.150186:INFO:aha/components/process_observer/aha_child_process_observer.cc:56] [process observer]RenderProcess Launched, type = renderer, category = -1
[76328:76328:0620/190453.150198:INFO:aha/components/process_observer/aha_process_observer.cc:45] [process observer][process launched] type is:renderer, pid is:76502
[76328:76349:0620/190453.150221:INFO:aha/components/perf/process/process_type_provider.cc:105] [ProcessTypeProvider] AddProcessOnTaskRunner, pid 76502, type renderer
[76328:76328:0620/190453.150226:INFO:aha/components/perf/perf_manager_base.cc:448] [perf manager][function = AddProcess] add process:76502
[76328:76328:0620/190453.150268:INFO:aha/components/perf/collector/perf_collector_base.cc:29] [perf collector][function=ShouldCollectProcess] AddProcess pid:76502 cmd:/usr/share/trae/trae --type=zygote --crashpad-handler-pid=76330
[76328:76328:0620/190453.150281:INFO:aha/components/perf/collector/perf_collector_base.cc:29] [perf collector][function=ShouldCollectProcess] AddProcess pid:76502 cmd:/usr/share/trae/trae --type=zygote --crashpad-handler-pid=76330
[76328:76328:0620/190453.150292:INFO:aha/components/perf/collector/perf_collector_base.cc:29] [perf collector][function=ShouldCollectProcess] AddProcess pid:76502 cmd:/usr/share/trae/trae --type=zygote --crashpad-handler-pid=76330
[76328:76328:0620/190453.152016:INFO:aha/components/towel/common/static_routing_ap.cc:244] [TOWEL]run timeout checker
[76328:76328:0620/190453.153599:ERROR:electron/shell/browser/electron_browser_client.cc:1997] bind receiver for utility
[76328:76328:0620/190453.153616:INFO:aha/components/towel/embedder/master_binder.cc:52] [TOWEL]BindMasterInBrowser, ProcessType(2)
[76328:76328:0620/190453.153635:INFO:aha/components/towel/embedder/master_binder.cc:55] [TOWEL]BindMasterInBrowser, run in main thread, bind.
[76328:76328:0620/190453.153811:INFO:aha/components/towel/common/master_impl.cc:39] [TOWEL][MasterImpl::AddAPWithId] add ap 957470712
[76328:76328:0620/190453.153826:INFO:aha/components/towel/common/master_impl.cc:55] [TOWEL][MasterImpl::AddAP] add ap 957470712
[76328:76328:0620/190453.153929:INFO:aha/components/towel/common/master_impl.cc:193] [TOWEL][MasterImpl::GetAllProviders] provider size is 4 given size is 4
[76328:76328:0620/190453.159224:ERROR:electron/shell/browser/electron_browser_client.cc:1997] bind receiver for utility
[76328:76328:0620/190453.159255:INFO:aha/components/towel/embedder/master_binder.cc:52] [TOWEL]BindMasterInBrowser, ProcessType(2)
[76328:76328:0620/190453.159278:INFO:aha/components/towel/embedder/master_binder.cc:55] [TOWEL]BindMasterInBrowser, run in main thread, bind.
[76328:76328:0620/190453.159698:INFO:aha/components/towel/common/master_impl.cc:153] [TOWEL][MasterImpl::RegisterProvider] success ai-agent provider size now is 5
[76328:76349:0620/190453.159757:INFO:aha/components/towel/common/ap_impl.cc:406] [TOWEL][APImpl::OnProviderAdded] provider_name ai-agent, RoutingId(76328, 749663581)
[76328:76349:0620/190453.159781:INFO:aha/components/monitor/monitor.cc:173] [Monitor] OnProviderConnected: OnProviderConnected, name: ai-agent
[76328:76349:0620/190453.159792:INFO:aha/components/towel/common/static_routing_ap.cc:181] [TOWEL][StaticRoutingAP::RunPendingRequestAndEvents] provider_name= ai-agent
[76328:76328:0620/190453.159870:INFO:aha/components/towel/common/ap_impl.cc:406] [TOWEL][APImpl::OnProviderAdded] provider_name ai-agent, RoutingId(76328, 219607164)
[76328:76328:0620/190453.159882:INFO:aha/components/towel/common/static_routing_ap.cc:181] [TOWEL][StaticRoutingAP::RunPendingRequestAndEvents] provider_name= ai-agent
[76328:76328:0620/190453.159918:INFO:aha/components/towel/common/ap_impl.cc:406] [TOWEL][APImpl::OnProviderAdded] provider_name ai-agent, RoutingId(76328, 282437514)
[76328:76328:0620/190453.159926:INFO:aha/components/ipc/ipc_client.cc:172] [AhaIpc] provider connected, name: ai-agent
[76328:76328:0620/190453.159936:WARNING:aha/components/towel/common/ap_impl.cc:220] [TOWEL][APImpl::ListensEvents] no provider for event ai-agent::PUSH_PACKET
[76328:76328:0620/190453.159943:INFO:aha/components/towel/common/ap_impl.cc:594] [TOWEL][APImpl::ListensEvents] start, RoutingId(76328, 282437514)
[76328:76328:0620/190453.159950:INFO:aha/components/towel/common/ap_impl.cc:596] [TOWEL][APImpl::ListensEvents] no pending_listen_requests_, do nothing
[76328:76328:0620/190453.159957:INFO:aha/components/towel/common/static_routing_ap.cc:171] [TOWEL][StaticRoutingAP::TryAddPendingEvents] provider not ready, store event and wait. event ai-agent::PUSH_PACKET
[76328:76328:0620/190453.159965:INFO:aha/components/towel/common/static_routing_ap.cc:181] [TOWEL][StaticRoutingAP::RunPendingRequestAndEvents] provider_name= ai-agent
[76328:76328:0620/190453.159970:INFO:aha/components/towel/common/static_routing_ap.cc:195] [TOWEL][StaticRoutingAP::RunPendingEvents] run pending events, event_list is ai-agent::PUSH_PACKET,ai-agent::PUSH_PACKET
[76328:76328:0620/190453.159996:INFO:aha/components/towel/common/static_routing_ap.cc:217] [TOWEL][StaticRoutingAP::RunPendingRequestAndEvents] run pending requests, method= ai-agent::SEND
[76328:76328:0620/190453.160010:INFO:aha/components/towel/common/static_routing_ap.cc:217] [TOWEL][StaticRoutingAP::RunPendingRequestAndEvents] run pending requests, method= ai-agent::SEND
[76328:76328:0620/190453.160029:INFO:aha/components/towel/common/static_routing_ap.cc:217] [TOWEL][StaticRoutingAP::RunPendingRequestAndEvents] run pending requests, method= ai-agent::SEND
[76328:76328:0620/190453.160064:INFO:aha/components/towel/common/ap_impl.cc:406] [TOWEL][APImpl::OnProviderAdded] provider_name ai-agent, RoutingId(76328, 469974705)
[76328:76328:0620/190453.160069:INFO:aha/components/towel/common/static_routing_ap.cc:181] [TOWEL][StaticRoutingAP::RunPendingRequestAndEvents] provider_name= ai-agent
[76328:76328:0620/190453.166318:ERROR:electron/shell/browser/electron_browser_client.cc:1997] bind receiver for utility
[76328:76328:0620/190453.166332:INFO:aha/components/towel/embedder/master_binder.cc:52] [TOWEL]BindMasterInBrowser, ProcessType(2)
[76328:76328:0620/190453.166344:INFO:aha/components/towel/embedder/master_binder.cc:55] [TOWEL]BindMasterInBrowser, run in main thread, bind.
[76328:76328:0620/190453.166361:INFO:aha/components/basil/core/native_extension_impl.cc:225] [Basil]start service success, name=ai
[76328:76328:0620/190453.166450:INFO:aha/components/towel/common/master_impl.cc:153] [TOWEL][MasterImpl::RegisterProvider] success ai provider size now is 6
[76328:76349:0620/190453.166467:INFO:aha/components/towel/common/ap_impl.cc:406] [TOWEL][APImpl::OnProviderAdded] provider_name ai, RoutingId(76328, 749663581)
[76328:76328:0620/190453.166471:ERROR:electron/shell/browser/electron_browser_client.cc:1997] bind receiver for utility
[76328:76349:0620/190453.166480:INFO:aha/components/monitor/monitor.cc:173] [Monitor] OnProviderConnected: OnProviderConnected, name: ai
[76328:76349:0620/190453.166503:INFO:aha/components/towel/common/static_routing_ap.cc:181] [TOWEL][StaticRoutingAP::RunPendingRequestAndEvents] provider_name= ai
[76328:76328:0620/190453.166492:INFO:aha/components/towel/embedder/master_binder.cc:52] [TOWEL]BindMasterInBrowser, ProcessType(2)
[76328:76328:0620/190453.166522:INFO:aha/components/towel/embedder/master_binder.cc:55] [TOWEL]BindMasterInBrowser, run in main thread, bind.
[76328:76328:0620/190453.166551:INFO:aha/components/towel/common/ap_impl.cc:406] [TOWEL][APImpl::OnProviderAdded] provider_name ai, RoutingId(76328, 219607164)
[76328:76328:0620/190453.166557:INFO:aha/electron/shell/renderer/api/electron_api_towel.cc:131] [TOWEL]ai provider connected
[76328:76328:0620/190453.166561:INFO:aha/components/towel/common/static_routing_ap.cc:181] [TOWEL][StaticRoutingAP::RunPendingRequestAndEvents] provider_name= ai
[76328:76328:0620/190453.166565:INFO:aha/components/towel/common/static_routing_ap.cc:195] [TOWEL][StaticRoutingAP::RunPendingEvents] run pending events, event_list is ai::PUSH_PACKET
[76328:76328:0620/190453.166584:INFO:aha/components/towel/common/ap_impl.cc:406] [TOWEL][APImpl::OnProviderAdded] provider_name ai, RoutingId(76328, 282437514)
[76328:76328:0620/190453.166588:INFO:aha/components/ipc/ipc_client.cc:172] [AhaIpc] provider connected, name: ai
[76328:76328:0620/190453.166592:INFO:aha/components/towel/common/static_routing_ap.cc:181] [TOWEL][StaticRoutingAP::RunPendingRequestAndEvents] provider_name= ai
[76328:76328:0620/190453.166609:INFO:aha/components/towel/common/ap_impl.cc:406] [TOWEL][APImpl::OnProviderAdded] provider_name ai, RoutingId(76328, 469974705)
[76328:76328:0620/190453.166614:INFO:aha/components/towel/common/static_routing_ap.cc:181] [TOWEL][StaticRoutingAP::RunPendingRequestAndEvents] provider_name= ai
[76328:76328:0620/190453.166623:INFO:aha/components/towel/common/master_impl.cc:39] [TOWEL][MasterImpl::AddAPWithId] add ap 1396329870
[76328:76328:0620/190453.166631:INFO:aha/components/towel/common/master_impl.cc:55] [TOWEL][MasterImpl::AddAP] add ap 1396329870
[76328:76328:0620/190453.166641:INFO:aha/components/towel/public/provider.cc:196] [TOWEL][Provider::GetMetaInfo] provider BlockDetectorProvider, method_size is 1 method_list is BlockDetector::HEART_BEAT
[76328:76328:0620/190453.166653:INFO:aha/components/towel/public/provider.cc:196] [TOWEL][Provider::GetMetaInfo] provider trae-config-channel, method_size is 1 method_list is trae-config-channel::SEND
[76328:76328:0620/190453.166699:INFO:aha/components/towel/common/master_impl.cc:193] [TOWEL][MasterImpl::GetAllProviders] provider size is 6 given size is 6
[76328:76328:0620/190453.166718:INFO:aha/components/towel/common/ap_impl.cc:530] [TOWEL][APImpl::OnGetProviderMetaInfo]: RoutingId(76328, 219607164) provider ai-agent
[76328:76328:0620/190453.166723:INFO:aha/components/towel/common/ap_impl.cc:540] [TOWEL][APImpl::OnGetProviderMetaInfo] update meta info for ai-agent method_list is ai-agent::SEND, event_list is ai-agent::PUSH_PACKET
[76328:76328:0620/190453.166727:INFO:aha/components/towel/common/static_routing_ap.cc:181] [TOWEL][StaticRoutingAP::RunPendingRequestAndEvents] provider_name= ai-agent
[76328:76328:0620/190453.166736:INFO:aha/components/towel/public/provider.cc:310] [TOWEL][Provider::ListenEvent] start, from ap RoutingId(76328, 957470712), event_list is trae-config-channel::PUSH_PACKET
[76328:76328:0620/190453.166741:INFO:aha/components/towel/public/provider.cc:316] [TOWEL][Provider::ListenEvent] no APListenInfo, create one
[76328:76328:0620/190453.166745:INFO:aha/components/towel/public/provider.cc:325] [TOWEL][Provider::ListenEvent] no remote_ap for RoutingId(76328, 957470712), get it from master
[76328:76349:0620/190453.166798:INFO:aha/components/towel/common/ap_impl.cc:530] [TOWEL][APImpl::OnGetProviderMetaInfo]: RoutingId(76328, 749663581) provider ai-agent
[76328:76349:0620/190453.166806:INFO:aha/components/towel/common/ap_impl.cc:540] [TOWEL][APImpl::OnGetProviderMetaInfo] update meta info for ai-agent method_list is ai-agent::SEND, event_list is ai-agent::PUSH_PACKET
[76328:76349:0620/190453.166815:INFO:aha/components/towel/common/static_routing_ap.cc:181] [TOWEL][StaticRoutingAP::RunPendingRequestAndEvents] provider_name= ai-agent
[76328:76349:0620/190453.166872:INFO:aha/components/towel/common/ap_impl.cc:530] [TOWEL][APImpl::OnGetProviderMetaInfo]: RoutingId(76328, 749663581) provider ai
[76328:76349:0620/190453.166877:INFO:aha/components/towel/common/ap_impl.cc:540] [TOWEL][APImpl::OnGetProviderMetaInfo] update meta info for ai method_list is ai::SEND, event_list is ai::PUSH_PACKET
[76328:76349:0620/190453.166881:INFO:aha/components/towel/common/static_routing_ap.cc:181] [TOWEL][StaticRoutingAP::RunPendingRequestAndEvents] provider_name= ai
[76328:76328:0620/190453.167615:INFO:aha/components/towel/common/ap_impl.cc:530] [TOWEL][APImpl::OnGetProviderMetaInfo]: RoutingId(76328, 219607164) provider ai
[76328:76328:0620/190453.167625:INFO:aha/components/towel/common/ap_impl.cc:540] [TOWEL][APImpl::OnGetProviderMetaInfo] update meta info for ai method_list is ai::SEND, event_list is ai::PUSH_PACKET
[76328:76328:0620/190453.167633:INFO:aha/components/towel/common/static_routing_ap.cc:181] [TOWEL][StaticRoutingAP::RunPendingRequestAndEvents] provider_name= ai
[76328:76328:0620/190453.167654:INFO:aha/components/towel/common/master_impl.cc:78] [TOWEL][MasterImpl::BindAP] success for 957470712
[76328:76328:0620/190453.167668:INFO:aha/components/towel/common/ap_impl.cc:530] [TOWEL][APImpl::OnGetProviderMetaInfo]: RoutingId(76328, 282437514) provider ai-agent
[76328:76328:0620/190453.167672:INFO:aha/components/towel/common/ap_impl.cc:540] [TOWEL][APImpl::OnGetProviderMetaInfo] update meta info for ai-agent method_list is ai-agent::SEND, event_list is ai-agent::PUSH_PACKET
[76328:76328:0620/190453.167677:INFO:aha/components/towel/common/static_routing_ap.cc:181] [TOWEL][StaticRoutingAP::RunPendingRequestAndEvents] provider_name= ai-agent
[76328:76328:0620/190453.167687:INFO:aha/components/towel/common/ap_impl.cc:530] [TOWEL][APImpl::OnGetProviderMetaInfo]: RoutingId(76328, 469974705) provider ai-agent
[76328:76328:0620/190453.167691:INFO:aha/components/towel/common/ap_impl.cc:540] [TOWEL][APImpl::OnGetProviderMetaInfo] update meta info for ai-agent method_list is ai-agent::SEND, event_list is ai-agent::PUSH_PACKET
[76328:76328:0620/190453.167695:INFO:aha/components/towel/common/static_routing_ap.cc:181] [TOWEL][StaticRoutingAP::RunPendingRequestAndEvents] provider_name= ai-agent
[76328:76328:0620/190453.167701:INFO:aha/components/towel/common/ap_impl.cc:530] [TOWEL][APImpl::OnGetProviderMetaInfo]: RoutingId(76328, 282437514) provider ai
[76328:76328:0620/190453.167705:INFO:aha/components/towel/common/ap_impl.cc:540] [TOWEL][APImpl::OnGetProviderMetaInfo] update meta info for ai method_list is ai::SEND, event_list is ai::PUSH_PACKET
[76328:76328:0620/190453.167709:INFO:aha/components/towel/common/static_routing_ap.cc:181] [TOWEL][StaticRoutingAP::RunPendingRequestAndEvents] provider_name= ai
[76328:76328:0620/190453.167717:INFO:aha/components/towel/common/ap_impl.cc:530] [TOWEL][APImpl::OnGetProviderMetaInfo]: RoutingId(76328, 469974705) provider ai
[76328:76328:0620/190453.167721:INFO:aha/components/towel/common/ap_impl.cc:540] [TOWEL][APImpl::OnGetProviderMetaInfo] update meta info for ai method_list is ai::SEND, event_list is ai::PUSH_PACKET
[76328:76328:0620/190453.167725:INFO:aha/components/towel/common/static_routing_ap.cc:181] [TOWEL][StaticRoutingAP::RunPendingRequestAndEvents] provider_name= ai
[76328:76328:0620/190453.167733:INFO:aha/components/towel/common/master_impl.cc:78] [TOWEL][MasterImpl::BindAP] success for 219607164
[76328:76328:0620/190453.167747:INFO:aha/components/towel/common/master_impl.cc:78] [TOWEL][MasterImpl::BindAP] success for 1396329870
[76328:76328:0620/190453.167756:INFO:aha/components/towel/common/master_impl.cc:78] [TOWEL][MasterImpl::BindAP] success for 282437514
[76328:76328:0620/190453.167764:INFO:aha/components/towel/public/provider.cc:196] [TOWEL][Provider::GetMetaInfo] provider BlockDetectorProvider, method_size is 1 method_list is BlockDetector::HEART_BEAT
[76328:76328:0620/190453.167934:INFO:aha/components/towel/public/provider.cc:196] [TOWEL][Provider::GetMetaInfo] provider trae-config-channel, method_size is 1 method_list is trae-config-channel::SEND
[76328:76328:0620/190453.176073:INFO:aha/components/device_service/device_service.cc:659] DeviceService, has cache, directly return cache: 7649334840105879056
[76328:76328:0620/190453.176096:INFO:aha/components/device_service/device_service.h:33] DeviceService GetDeviceId, cost time: 0 ms
[76328:76328:0620/190453.202015:INFO:content/browser/renderer_host/render_widget_host_view_aura.cc:590] blank paint: ShowImpl called, is_hidden=0, disable_hidden=0, visibility=2
[76328:76328:0620/190453.202041:INFO:content/browser/renderer_host/render_widget_host_view_base.cc:890] blank paint: OnShowWithPageVisibility called, is_hidden=0, disable_hidden=0, web_contents_is_visible=1
[76328:76328:0620/190453.202772:INFO:aha/components/page_load_metrics/observers/page_load_metrics_observer.cc:400] [page_load_metrics][traceId-] this:0x33f400172e00, OnCommit: vscode-file://vscode-app/usr/share/trae/resources/app/out/vs/code/electron-browser/workbench/workbench.html
[76328:76328:0620/190453.202792:INFO:aha/components/page_load_metrics/observers/page_load_metrics_observer.cc:224] [page_load_metrics][traceId-] this:0x33f400172e00, TryRegisterWidgetObserver: widget:0x33f40016a700, visible:1, minimized:0, web_contents_visible:1
[76328:76328:0620/190453.211061:ERROR:electron/shell/browser/electron_browser_client.cc:1749] bind receiver for render
[76328:76328:0620/190453.211076:INFO:aha/components/towel/embedder/master_binder.cc:52] [TOWEL]BindMasterInBrowser, ProcessType(2)
[76328:76328:0620/190453.211090:INFO:aha/components/towel/embedder/master_binder.cc:55] [TOWEL]BindMasterInBrowser, run in main thread, bind.
[76328:76328:0620/190453.211107:INFO:aha/components/towel/common/master_impl.cc:39] [TOWEL][MasterImpl::AddAPWithId] add ap 112193525
[76328:76328:0620/190453.211120:INFO:aha/components/towel/common/master_impl.cc:55] [TOWEL][MasterImpl::AddAP] add ap 112193525
[76328:76328:0620/190453.211183:INFO:aha/components/towel/common/master_impl.cc:193] [TOWEL][MasterImpl::GetAllProviders] provider size is 6 given size is 6
[76328:76328:0620/190453.251807:INFO:aha/components/page_load_metrics/observers/page_load_metrics_observer.cc:448] [page_load_metrics][traceId-] this:0x33f400172e00, OnLoadedResource: request_start: -13565160, response_start: -13565160, response_end: 105, main_body_bytes: 1956B (1.910KiB)
[76328:76328:0620/190453.252065:INFO:aha/components/towel/common/static_routing_ap.cc:244] [TOWEL]run timeout checker
[76328:76328:0620/190453.265267:INFO:aha/components/towel/public/provider.cc:196] [TOWEL][Provider::GetMetaInfo] provider BlockDetectorProvider, method_size is 1 method_list is BlockDetector::HEART_BEAT
[76328:76328:0620/190453.265422:INFO:aha/components/towel/public/provider.cc:196] [TOWEL][Provider::GetMetaInfo] provider trae-config-channel, method_size is 1 method_list is trae-config-channel::SEND
[76328:76328:0620/190453.315962:ERROR:electron/shell/browser/electron_browser_client.cc:1997] bind receiver for utility
[76328:76328:0620/190453.315985:INFO:aha/components/towel/embedder/master_binder.cc:52] [TOWEL]BindMasterInBrowser, ProcessType(2)
[76328:76328:0620/190453.315999:INFO:aha/components/towel/embedder/master_binder.cc:55] [TOWEL]BindMasterInBrowser, run in main thread, bind.
[76328:76349:0620/190453.316007:INFO:aha/electron/shell/browser/aha_feature_list/aha_remote_state.cc:178] [RemoteState] SerializeValueToFile, Writing to /home/eternity/.config/Trae/aha/Remote_State, success 1
[76328:76328:0620/190453.316018:INFO:aha/components/towel/common/master_impl.cc:39] [TOWEL][MasterImpl::AddAPWithId] add ap 1939121035
[76328:76328:0620/190453.316032:INFO:aha/components/towel/common/master_impl.cc:55] [TOWEL][MasterImpl::AddAP] add ap 1939121035
[76328:76328:0620/190453.316111:INFO:aha/components/towel/common/master_impl.cc:193] [TOWEL][MasterImpl::GetAllProviders] provider size is 6 given size is 6
[76328:76328:0620/190453.316375:INFO:aha/components/towel/public/provider.cc:196] [TOWEL][Provider::GetMetaInfo] provider BlockDetectorProvider, method_size is 1 method_list is BlockDetector::HEART_BEAT
[76328:76328:0620/190453.316411:INFO:aha/components/towel/public/provider.cc:196] [TOWEL][Provider::GetMetaInfo] provider trae-config-channel, method_size is 1 method_list is trae-config-channel::SEND
[76328:76328:0620/190453.330015:ERROR:electron/shell/browser/electron_browser_client.cc:1997] bind receiver for utility
[76328:76328:0620/190453.330030:INFO:aha/components/towel/embedder/master_binder.cc:52] [TOWEL]BindMasterInBrowser, ProcessType(2)
[76328:76328:0620/190453.330041:INFO:aha/components/towel/embedder/master_binder.cc:55] [TOWEL]BindMasterInBrowser, run in main thread, bind.
[76328:76328:0620/190453.330131:INFO:aha/components/towel/common/master_impl.cc:39] [TOWEL][MasterImpl::AddAPWithId] add ap 1469463183
[76328:76328:0620/190453.330146:INFO:aha/components/towel/common/master_impl.cc:55] [TOWEL][MasterImpl::AddAP] add ap 1469463183
[76328:76328:0620/190453.330227:INFO:aha/components/towel/common/master_impl.cc:193] [TOWEL][MasterImpl::GetAllProviders] provider size is 6 given size is 6
[76328:76328:0620/190453.352382:INFO:aha/components/towel/common/static_routing_ap.cc:244] [TOWEL]run timeout checker
[76328:76328:0620/190453.362549:INFO:aha/components/towel/public/provider.cc:196] [TOWEL][Provider::GetMetaInfo] provider BlockDetectorProvider, method_size is 1 method_list is BlockDetector::HEART_BEAT
[76328:76328:0620/190453.362623:INFO:aha/components/towel/public/provider.cc:196] [TOWEL][Provider::GetMetaInfo] provider trae-config-channel, method_size is 1 method_list is trae-config-channel::SEND
[76328:76328:0620/190453.362667:INFO:aha/components/towel/public/provider.cc:310] [TOWEL][Provider::ListenEvent] start, from ap RoutingId(76328, 1469463183), event_list is trae-config-channel::PUSH_PACKET
[76328:76328:0620/190453.362672:INFO:aha/components/towel/public/provider.cc:316] [TOWEL][Provider::ListenEvent] no APListenInfo, create one
[76328:76328:0620/190453.362677:INFO:aha/components/towel/public/provider.cc:325] [TOWEL][Provider::ListenEvent] no remote_ap for RoutingId(76328, 1469463183), get it from master
[76328:76328:0620/190453.362704:INFO:aha/components/towel/common/master_impl.cc:78] [TOWEL][MasterImpl::BindAP] success for 1469463183
[76328:76328:0620/190453.452824:INFO:aha/components/towel/common/static_routing_ap.cc:244] [TOWEL]run timeout checker
[76328:76328:0620/190453.460066:INFO:aha/components/monitor/monitor.cc:159] [Monitor] SetDisableReport: SetDisableReport, disable_report: 0
[76330:76330:0620/190453.460109:INFO:third_party/crashpad/crashpad/handler/linux/crash_report_exception_handler.cc:344] [Crashpad] Append global param key: user_id
[76330:76330:0620/190453.460149:INFO:third_party/crashpad/crashpad/handler/linux/crash_report_exception_handler.cc:344] [Crashpad] Append global param key: device_id
[76328:76328:0620/190453.460163:INFO:aha/components/monitor/monitor_service_instance_impl.cc:185] [MonitorService] UpdateConfig: UpdateConfig, device_id: 7649334840105879056, user_id: e09f981585ab064aa9b0f2a3e11cf39fd8a3d112420c0e852c14494078daaf4c, tenant_id: 
[76330:76330:0620/190453.460199:INFO:third_party/crashpad/crashpad/handler/linux/crash_report_exception_handler.cc:344] [Crashpad] Append global param key: region
[76330:76333:0620/190453.460256:INFO:aha/third_party/parfait/aha/parfait_client.cc:176] [Parfait] update ParfaitClient with config
	pft_version=1.3.0.0
	user_id=e09f981585ab064aa9b0f2a3e11cf39fd8a3d112420c0e852c14494078daaf4c
	device_id=7649334840105879056
	session_id=
	data_report_url=https://pcmon-boot.trae.ai/monitor_pc/collect/api/pc_log
	crash_report_url=https://pcmon-boot.trae.ai/monitor_pc/collect/api/pc_crash
	gwpasan_report_url=https://pcmon-boot.trae.ai/monitor_pc/collect/api/pc_gwpasan
	block_report_url=https://pcmon-boot.trae.ai/monitor_pc/collect/api/pc_jank
	matrix_report_url=https://pcmon-boot.trae.ai/monitor_pc/collect/api/pc_matrix
	cpu_profile_report_url=https://pcmon-boot.trae.ai/monitor_pc/collect/file/pc_cpu_profile
	custom_exception_report_url=https://pcmon-boot.trae.ai/monitor_pc/collect/file/pc_custom_exception
	snapshot_report_url=https://pcmon-boot.trae.ai/monitor_pc/collect/file/pc_snapshot
	settings_url=
	tenant_id=marscode
[76328:76328:0620/190453.461590:INFO:aha/electron/shell/browser/api/electron_api_aha_net.cc:176] AhaNet::DeleteUserRegion called
[76328:76328:0620/190453.461603:INFO:aha/components/tiny_storage/tiny_storage.cc:77] [TinyStorage] Save
[76328:76328:0620/190453.461621:INFO:aha/components/monitor/monitor_service_instance_impl.cc:241] [MonitorService] OnUserRegionChanged: MonitorServiceInstanceImpl::OnUserRegionChanged
[76328:76328:0620/190453.461626:INFO:aha/components/monitor/monitor_service_instance_impl.cc:48] [MonitorService] ShouldUseLogifier: update use_logifier=1 country_code=cn
[76328:76328:0620/190453.462788:INFO:aha/electron/shell/browser/api/electron_api_aha_net.cc:188] AhaNet::UpdateRegionRemoteCallback success:1, context_id:55c2c75d-835a-4504-8813-2723c1fe5259
[76328:76328:0620/190453.553459:INFO:aha/components/towel/common/static_routing_ap.cc:244] [TOWEL]run timeout checker
[76328:76328:0620/190453.655706:INFO:aha/components/towel/common/static_routing_ap.cc:244] [TOWEL]run timeout checker
[76328:76328:0620/190453.680794:ERROR:aha/components/page_load_metrics/observers/page_load_metrics_observer.cc:764] [page_load_metrics][traceId-] this:0x33f400172e00, OnDidAddMessageToConsole: src:workbench.desktop.main.js:38, message:%c  ERR color: #f33 [IcubeWorktreeService] isUnderConfigWorktreePath: worktreeDir is not initialized
[76328:76328:0620/190453.683287:ERROR:aha/components/page_load_metrics/observers/page_load_metrics_observer.cc:764] [page_load_metrics][traceId-] this:0x33f400172e00, OnDidAddMessageToConsole: src:workbench.desktop.main.js:38, message:%c  ERR color: #f33 [IcubeWorktreeService] isUnderConfigWorktreePath: worktreeDir is not initialized
[76328:76328:0620/190453.756353:INFO:aha/components/towel/common/static_routing_ap.cc:244] [TOWEL]run timeout checker
[76328:76328:0620/190453.792078:INFO:aha/components/perf/perf_custom_param_manager.cc:25] Add custom category param isSoloMode = false
 for process 76502
[76328:76328:0620/190453.792110:INFO:aha/components/perf/perf_custom_param_manager.cc:25] Add custom category param isAIChatting = false
 for process 76502
[76328:76328:0620/190453.792143:INFO:aha/components/perf/perf_custom_param_manager.cc:25] Add custom category param isStreaming = false
 for process 76502
[76328:76328:0620/190453.794078:INFO:aha/components/towel/common/master_impl.cc:78] [TOWEL][MasterImpl::BindAP] success for 112193525
[76328:76328:0620/190453.857291:INFO:aha/components/towel/common/static_routing_ap.cc:244] [TOWEL]run timeout checker
[76328:76328:0620/190453.938011:ERROR:aha/components/page_load_metrics/observers/page_load_metrics_observer.cc:764] [page_load_metrics][traceId-] this:0x33f400172e00, OnDidAddMessageToConsole: src:workbench.desktop.main.js:38, message:%c  ERR color: #f33 not login: Error: not login
    at E9e.setup (vscode-file://vscode-app/usr/share/trae/resources/app/out/vs/workbench/workbench.desktop.main.js:3847:9167)
[76328:76328:0620/190453.957471:INFO:aha/components/towel/common/static_routing_ap.cc:244] [TOWEL]run timeout checker
[76328:76328:0620/190453.981235:INFO:content/public/browser/service_process_host.cc:108] vscode_crash_reporter_process_type: is extensionHost
[76328:76328:0620/190453.986973:INFO:aha/components/process_observer/aha_process_observer.cc:45] [process observer][process launched] type is:extensionHost, pid is:76549
[76328:76349:0620/190453.987021:INFO:aha/components/perf/process/process_type_provider.cc:105] [ProcessTypeProvider] AddProcessOnTaskRunner, pid 76549, type extensionHost
[76328:76328:0620/190453.987032:INFO:aha/components/perf/perf_manager_base.cc:448] [perf manager][function = AddProcess] add process:76549
[76328:76328:0620/190453.987089:INFO:aha/components/perf/collector/perf_collector_base.cc:29] [perf collector][function=ShouldCollectProcess] AddProcess pid:76549 cmd:/proc/self/exe --type=utility --utility-sub-type=node.mojom.NodeService --lang=zh-CN --service-sandbox-type=none --render-node-override=/dev/dri/renderD129 --dns-result-order=ipv4first --experimental-network-inspection --inspect-port=0 --vscode-crash-reporter-process-type=extensionHost --crashpad-handler-pid=76330 --enable-crash-reporter=cf0573c6-7444-4116-be82-e562a048b8e6,no_channel --user-data-dir=/home/eternity/.config/Trae --standard-schemes=vscode-webview,vscode-file --enable-sandbox --secure-schemes=vscode-webview,vscode-file --cors-schemes=vscode-webview,vscode-file --fetch-schemes=vscode-webview,vscode-file --service-worker-schemes=vscode-webview --code-cache-schemes=vscode-webview,vscode-file --shared-files=v8_context_snapshot_data:100 --field-trial-handle=3,i,12221322380546081518,4624963175916558583,262144 --enable-features=DocumentPolicyIncludeJSCallStacksInCrashReports,EarlyEstablishGpuChannel,EstablishGpuChannelAsync,PdfUseShowSaveFilePicker --disable-features=CalculateNativeWinOcclusion,LocalNetworkAccessChecks,ScreenAIOCREnabled,SpareRendererForSitePerProcess,TraceSiteInstanceGetProcessCreation --variations-seed-version --trace-process-track-uuid=3190708995682289984
[76328:76328:0620/190453.987114:INFO:aha/components/perf/collector/perf_collector_base.cc:29] [perf collector][function=ShouldCollectProcess] AddProcess pid:76549 cmd:/proc/self/exe --type=utility --utility-sub-type=node.mojom.NodeService --lang=zh-CN --service-sandbox-type=none --render-node-override=/dev/dri/renderD129 --dns-result-order=ipv4first --experimental-network-inspection --inspect-port=0 --vscode-crash-reporter-process-type=extensionHost --crashpad-handler-pid=76330 --enable-crash-reporter=cf0573c6-7444-4116-be82-e562a048b8e6,no_channel --user-data-dir=/home/eternity/.config/Trae --standard-schemes=vscode-webview,vscode-file --enable-sandbox --secure-schemes=vscode-webview,vscode-file --cors-schemes=vscode-webview,vscode-file --fetch-schemes=vscode-webview,vscode-file --service-worker-schemes=vscode-webview --code-cache-schemes=vscode-webview,vscode-file --shared-files=v8_context_snapshot_data:100 --field-trial-handle=3,i,12221322380546081518,4624963175916558583,262144 --enable-features=DocumentPolicyIncludeJSCallStacksInCrashReports,EarlyEstablishGpuChannel,EstablishGpuChannelAsync,PdfUseShowSaveFilePicker --disable-features=CalculateNativeWinOcclusion,LocalNetworkAccessChecks,ScreenAIOCREnabled,SpareRendererForSitePerProcess,TraceSiteInstanceGetProcessCreation --variations-seed-version --trace-process-track-uuid=3190708995682289984
[76328:76328:0620/190453.987145:INFO:aha/components/perf/collector/perf_collector_base.cc:29] [perf collector][function=ShouldCollectProcess] AddProcess pid:76549 cmd:/proc/self/exe --type=utility --utility-sub-type=node.mojom.NodeService --lang=zh-CN --service-sandbox-type=none --render-node-override=/dev/dri/renderD129 --dns-result-order=ipv4first --experimental-network-inspection --inspect-port=0 --vscode-crash-reporter-process-type=extensionHost --crashpad-handler-pid=76330 --enable-crash-reporter=cf0573c6-7444-4116-be82-e562a048b8e6,no_channel --user-data-dir=/home/eternity/.config/Trae --standard-schemes=vscode-webview,vscode-file --enable-sandbox --secure-schemes=vscode-webview,vscode-file --cors-schemes=vscode-webview,vscode-file --fetch-schemes=vscode-webview,vscode-file --service-worker-schemes=vscode-webview --code-cache-schemes=vscode-webview,vscode-file --shared-files=v8_context_snapshot_data:100 --field-trial-handle=3,i,12221322380546081518,4624963175916558583,262144 --enable-features=DocumentPolicyIncludeJSCallStacksInCrashReports,EarlyEstablishGpuChannel,EstablishGpuChannelAsync,PdfUseShowSaveFilePicker --disable-features=CalculateNativeWinOcclusion,LocalNetworkAccessChecks,ScreenAIOCREnabled,SpareRendererForSitePerProcess,TraceSiteInstanceGetProcessCreation --variations-seed-version --trace-process-track-uuid=3190708995682289984
[76328:76328:0620/190454.058354:INFO:aha/components/towel/common/static_routing_ap.cc:244] [TOWEL]run timeout checker
[76328:76328:0620/190454.085787:INFO:content/public/browser/service_process_host.cc:108] vscode_crash_reporter_process_type: is shared-process
[76328:76328:0620/190454.089343:INFO:content/public/browser/service_process_host.cc:108] vscode_crash_reporter_process_type: is fileWatcher
[76328:76328:0620/190454.092668:ERROR:aha/components/basil/core/native_extension_manager_impl.cc:51] [Basil][Basil] no extension found, name=ckg
[76328:76328:0620/190454.092697:INFO:aha/components/basil/core/native_extension_impl.cc:105] [Basil]native_extension created, name=ckg
[76328:76328:0620/190454.092706:INFO:aha/components/basil/core/native_extension_impl.cc:130] [Basil]launch native extension process start, name=ckg
[76328:76328:0620/190454.092715:INFO:content/public/browser/service_process_host.cc:108] vscode_crash_reporter_process_type: is ckg
[76328:76328:0620/190454.095091:INFO:aha/components/process_observer/aha_process_observer.cc:45] [process observer][process launched] type is:shared-process, pid is:76570
[76328:76349:0620/190454.095167:INFO:aha/components/perf/process/process_type_provider.cc:105] [ProcessTypeProvider] AddProcessOnTaskRunner, pid 76570, type shared-process
[76328:76328:0620/190454.095219:INFO:aha/components/perf/perf_manager_base.cc:448] [perf manager][function = AddProcess] add process:76570
[76328:76328:0620/190454.095307:INFO:aha/components/perf/collector/perf_collector_base.cc:29] [perf collector][function=ShouldCollectProcess] AddProcess pid:76570 cmd:/proc/self/exe --type=utility --utility-sub-type=node.mojom.NodeService --lang=zh-CN --service-sandbox-type=none --render-node-override=/dev/dri/renderD129 --vscode-crash-reporter-process-type=shared-process --crashpad-handler-pid=76330 --enable-crash-reporter=cf0573c6-7444-4116-be82-e562a048b8e6,no_channel --user-data-dir=/home/eternity/.config/Trae --standard-schemes=vscode-webview,vscode-file --enable-sandbox --secure-schemes=vscode-webview,vscode-file --cors-schemes=vscode-webview,vscode-file --fetch-schemes=vscode-webview,vscode-file --service-worker-schemes=vscode-webview --code-cache-schemes=vscode-webview,vscode-file --shared-files=v8_context_snapshot_data:100 --field-trial-handle=3,i,12221322380546081518,4624963175916558583,262144 --enable-features=DocumentPolicyIncludeJSCallStacksInCrashReports,EarlyEstablishGpuChannel,EstablishGpuChannelAsync,PdfUseShowSaveFilePicker --disable-features=CalculateNativeWinOcclusion,LocalNetworkAccessChecks,ScreenAIOCREnabled,SpareRendererForSitePerProcess,TraceSiteInstanceGetProcessCreation --variations-seed-version --trace-process-track-uuid=3190708996619331833
[76328:76328:0620/190454.095335:INFO:aha/components/perf/collector/perf_collector_base.cc:29] [perf collector][function=ShouldCollectProcess] AddProcess pid:76570 cmd:/proc/self/exe --type=utility --utility-sub-type=node.mojom.NodeService --lang=zh-CN --service-sandbox-type=none --render-node-override=/dev/dri/renderD129 --vscode-crash-reporter-process-type=shared-process --crashpad-handler-pid=76330 --enable-crash-reporter=cf0573c6-7444-4116-be82-e562a048b8e6,no_channel --user-data-dir=/home/eternity/.config/Trae --standard-schemes=vscode-webview,vscode-file --enable-sandbox --secure-schemes=vscode-webview,vscode-file --cors-schemes=vscode-webview,vscode-file --fetch-schemes=vscode-webview,vscode-file --service-worker-schemes=vscode-webview --code-cache-schemes=vscode-webview,vscode-file --shared-files=v8_context_snapshot_data:100 --field-trial-handle=3,i,12221322380546081518,4624963175916558583,262144 --enable-features=DocumentPolicyIncludeJSCallStacksInCrashReports,EarlyEstablishGpuChannel,EstablishGpuChannelAsync,PdfUseShowSaveFilePicker --disable-features=CalculateNativeWinOcclusion,LocalNetworkAccessChecks,ScreenAIOCREnabled,SpareRendererForSitePerProcess,TraceSiteInstanceGetProcessCreation --variations-seed-version --trace-process-track-uuid=3190708996619331833
[76328:76328:0620/190454.095358:INFO:aha/components/perf/collector/perf_collector_base.cc:29] [perf collector][function=ShouldCollectProcess] AddProcess pid:76570 cmd:/proc/self/exe --type=utility --utility-sub-type=node.mojom.NodeService --lang=zh-CN --service-sandbox-type=none --render-node-override=/dev/dri/renderD129 --vscode-crash-reporter-process-type=shared-process --crashpad-handler-pid=76330 --enable-crash-reporter=cf0573c6-7444-4116-be82-e562a048b8e6,no_channel --user-data-dir=/home/eternity/.config/Trae --standard-schemes=vscode-webview,vscode-file --enable-sandbox --secure-schemes=vscode-webview,vscode-file --cors-schemes=vscode-webview,vscode-file --fetch-schemes=vscode-webview,vscode-file --service-worker-schemes=vscode-webview --code-cache-schemes=vscode-webview,vscode-file --shared-files=v8_context_snapshot_data:100 --field-trial-handle=3,i,12221322380546081518,4624963175916558583,262144 --enable-features=DocumentPolicyIncludeJSCallStacksInCrashReports,EarlyEstablishGpuChannel,EstablishGpuChannelAsync,PdfUseShowSaveFilePicker --disable-features=CalculateNativeWinOcclusion,LocalNetworkAccessChecks,ScreenAIOCREnabled,SpareRendererForSitePerProcess,TraceSiteInstanceGetProcessCreation --variations-seed-version --trace-process-track-uuid=3190708996619331833
[76328:76328:0620/190454.095545:INFO:aha/components/process_observer/aha_process_observer.cc:45] [process observer][process launched] type is:fileWatcher, pid is:76571
[76328:76349:0620/190454.095572:INFO:aha/components/perf/process/process_type_provider.cc:105] [ProcessTypeProvider] AddProcessOnTaskRunner, pid 76571, type fileWatcher
[76328:76328:0620/190454.095577:INFO:aha/components/perf/perf_manager_base.cc:448] [perf manager][function = AddProcess] add process:76571
[76328:76328:0620/190454.095620:INFO:aha/components/perf/collector/perf_collector_base.cc:29] [perf collector][function=ShouldCollectProcess] AddProcess pid:76571 cmd:/proc/self/exe --type=utility --utility-sub-type=node.mojom.NodeService --lang=zh-CN --service-sandbox-type=none --render-node-override=/dev/dri/renderD129 --vscode-crash-reporter-process-type=fileWatcher --crashpad-handler-pid=76330 --enable-crash-reporter=cf0573c6-7444-4116-be82-e562a048b8e6,no_channel --user-data-dir=/home/eternity/.config/Trae --standard-schemes=vscode-webview,vscode-file --enable-sandbox --secure-schemes=vscode-webview,vscode-file --cors-schemes=vscode-webview,vscode-file --fetch-schemes=vscode-webview,vscode-file --service-worker-schemes=vscode-webview --code-cache-schemes=vscode-webview,vscode-file --shared-files=v8_context_snapshot_data:100 --field-trial-handle=3,i,12221322380546081518,4624963175916558583,262144 --enable-features=DocumentPolicyIncludeJSCallStacksInCrashReports,EarlyEstablishGpuChannel,EstablishGpuChannelAsync,PdfUseShowSaveFilePicker --disable-features=CalculateNativeWinOcclusion,LocalNetworkAccessChecks,ScreenAIOCREnabled,SpareRendererForSitePerProcess,TraceSiteInstanceGetProcessCreation --variations-seed-version --trace-process-track-uuid=3190708997556373682
[76328:76328:0620/190454.095658:INFO:aha/components/perf/collector/perf_collector_base.cc:29] [perf collector][function=ShouldCollectProcess] AddProcess pid:76571 cmd:/proc/self/exe --type=utility --utility-sub-type=node.mojom.NodeService --lang=zh-CN --service-sandbox-type=none --render-node-override=/dev/dri/renderD129 --vscode-crash-reporter-process-type=fileWatcher --crashpad-handler-pid=76330 --enable-crash-reporter=cf0573c6-7444-4116-be82-e562a048b8e6,no_channel --user-data-dir=/home/eternity/.config/Trae --standard-schemes=vscode-webview,vscode-file --enable-sandbox --secure-schemes=vscode-webview,vscode-file --cors-schemes=vscode-webview,vscode-file --fetch-schemes=vscode-webview,vscode-file --service-worker-schemes=vscode-webview --code-cache-schemes=vscode-webview,vscode-file --shared-files=v8_context_snapshot_data:100 --field-trial-handle=3,i,12221322380546081518,4624963175916558583,262144 --enable-features=DocumentPolicyIncludeJSCallStacksInCrashReports,EarlyEstablishGpuChannel,EstablishGpuChannelAsync,PdfUseShowSaveFilePicker --disable-features=CalculateNativeWinOcclusion,LocalNetworkAccessChecks,ScreenAIOCREnabled,SpareRendererForSitePerProcess,TraceSiteInstanceGetProcessCreation --variations-seed-version --trace-process-track-uuid=3190708997556373682
[76328:76328:0620/190454.095681:INFO:aha/components/perf/collector/perf_collector_base.cc:29] [perf collector][function=ShouldCollectProcess] AddProcess pid:76571 cmd:/proc/self/exe --type=utility --utility-sub-type=node.mojom.NodeService --lang=zh-CN --service-sandbox-type=none --render-node-override=/dev/dri/renderD129 --vscode-crash-reporter-process-type=fileWatcher --crashpad-handler-pid=76330 --enable-crash-reporter=cf0573c6-7444-4116-be82-e562a048b8e6,no_channel --user-data-dir=/home/eternity/.config/Trae --standard-schemes=vscode-webview,vscode-file --enable-sandbox --secure-schemes=vscode-webview,vscode-file --cors-schemes=vscode-webview,vscode-file --fetch-schemes=vscode-webview,vscode-file --service-worker-schemes=vscode-webview --code-cache-schemes=vscode-webview,vscode-file --shared-files=v8_context_snapshot_data:100 --field-trial-handle=3,i,12221322380546081518,4624963175916558583,262144 --enable-features=DocumentPolicyIncludeJSCallStacksInCrashReports,EarlyEstablishGpuChannel,EstablishGpuChannelAsync,PdfUseShowSaveFilePicker --disable-features=CalculateNativeWinOcclusion,LocalNetworkAccessChecks,ScreenAIOCREnabled,SpareRendererForSitePerProcess,TraceSiteInstanceGetProcessCreation --variations-seed-version --trace-process-track-uuid=3190708997556373682
[76328:76328:0620/190454.095731:INFO:aha/components/basil/core/native_extension_impl.cc:212] [Basil]process launched, name=ckg, pid=76572
[76328:76328:0620/190454.095824:INFO:aha/electron/shell/browser/api/electron_api_aha_reporter.cc:305] setPerfContextForProcess enableCkgAhaRequest true

[76328:76328:0620/190454.095834:INFO:aha/components/perf/perf_custom_param_manager.cc:25] Add custom category param enableCkgAhaRequest = true
 for process 76572
[76328:76328:0620/190454.095896:INFO:aha/components/process_observer/aha_process_observer.cc:45] [process observer][process launched] type is:ckg, pid is:76572
[76328:76349:0620/190454.095914:INFO:aha/components/perf/process/process_type_provider.cc:105] [ProcessTypeProvider] AddProcessOnTaskRunner, pid 76572, type ckg
[76328:76328:0620/190454.095919:INFO:aha/components/perf/perf_manager_base.cc:448] [perf manager][function = AddProcess] add process:76572
[76328:76328:0620/190454.095947:INFO:aha/components/perf/collector/perf_collector_base.cc:29] [perf collector][function=ShouldCollectProcess] AddProcess pid:76572 cmd:
[76328:76328:0620/190454.095959:INFO:aha/components/perf/collector/perf_collector_base.cc:29] [perf collector][function=ShouldCollectProcess] AddProcess pid:76572 cmd:
[76328:76328:0620/190454.095977:INFO:aha/components/perf/collector/perf_collector_base.cc:29] [perf collector][function=ShouldCollectProcess] AddProcess pid:76572 cmd:/proc/self/exe --type=utility --utility-sub-type=basil.mojom.NativeExtensionService --lang=zh-CN --service-sandbox-type=none --render-node-override=/dev/dri/renderD129 --vscode-crash-reporter-process-type=ckg --crashpad-handler-pid=76330 --enable-crash-reporter=cf0573c6-7444-4116-be82-e562a048b8e6,no_channel --user-data-dir=/home/eternity/.config/Trae --standard-schemes=vscode-webview,vscode-file --enable-sandbox --secure-schemes=vscode-webview,vscode-file --cors-schemes=vscode-webview,vscode-file --fetch-schemes=vscode-webview,vscode-file --service-worker-schemes=vscode-webview --code-cache-schemes=vscode-webview,vscode-file --shared-files=v8_context_snapshot_data:100 --field-trial-handle=3,i,12221322380546081518,4624963175916558583,262144 --enable-features=DocumentPolicyIncludeJSCallStacksInCrashReports,EarlyEstablishGpuChannel,EstablishGpuChannelAsync,PdfUseShowSaveFilePicker --disable-features=CalculateNativeWinOcclusion,LocalNetworkAccessChecks,ScreenAIOCREnabled,SpareRendererForSitePerProcess,TraceSiteInstanceGetProcessCreation --variations-seed-version --trace-process-track-uuid=3190708998493415531
[76328:76328:0620/190454.100227:ERROR:aha/components/basil/core/native_extension_impl.cc:259] [Basil]process crashed, name=ckg, code=256
[76328:76328:0620/190454.100243:INFO:aha/components/basil/core/native_extension_impl.cc:266] [Basil]HandleTermination, exit_code=256
[76328:76328:0620/190454.100408:INFO:aha/components/basil/core/native_extension_manager_impl.cc:96] [Basil]release native_extension, name=ckg
[76328:76328:0620/190454.100554:ERROR:aha/components/process_observer/aha_process_observer.cc:72] [process observer][process gone] type is: ckg, pid is: 76572, status is: 1, exit code is: 256, run time is: -1, is sandbox: 1
[76328:76349:0620/190454.100582:INFO:aha/components/perf/process/process_type_provider.cc:111] [ProcessTypeProvider] RemoveProcessOnTaskRunner, pid 76572
[76328:76328:0620/190454.100593:INFO:aha/components/perf/perf_manager_base.cc:509] [perf manager][function = RemoveProcess] remove exited process:76572
[76328:76328:0620/190454.159123:INFO:aha/components/towel/common/static_routing_ap.cc:244] [TOWEL]run timeout checker
[76328:76328:0620/190454.159146:INFO:aha/components/towel/common/static_routing_ap.cc:251] [TOWEL][StaticRoutingAP] found request timeout
[76328:76328:0620/190454.159158:INFO:aha/components/towel/common/static_routing_ap.cc:251] [TOWEL][StaticRoutingAP] found request timeout
[76328:76328:0620/190454.159166:INFO:aha/components/ipc/ipc_client.cc:166] [AhaIpc] request timeout, channel_id=1098d5f4-826b-4bda-97c2-71fab6c4dbfe
[76328:76328:0620/190454.159172:WARNING:aha/electron/shell/common/ipc/electron_api_aha_ipc.cc:87] [AhaIpc] on send timeout, channel_id: 1098d5f4-826b-4bda-97c2-71fab6c4dbfe
[76328:76328:0620/190454.159333:INFO:aha/components/towel/common/static_routing_ap.cc:267] [TOWEL]stop timeout checker
[76328:76328:0620/190454.236491:ERROR:aha/components/page_load_metrics/observers/page_load_metrics_observer.cc:764] [page_load_metrics][traceId-] this:0x33f400172e00, OnDidAddMessageToConsole: src:workbench.desktop.main.js:3845, message:[SANDBOX_TO_MAIN_GET_SETUP_PAGE_LOGIN_FAILED_STATUS] reason: 
[76328:76328:0620/190454.271294:INFO:aha/components/page_load_metrics/observers/page_load_metrics_observer.cc:591] [page_load_metrics][traceId-] this:0x33f400172e00, LCP event triggered: LCP: 842, index: 1
[76328:76328:0620/190454.271342:INFO:aha/components/metrics/metrics_base.cc:112] [startup]  category: , metrics: basicStartupComplete=20;basicStartupComplete_end=35;basicStartupComplete_start=15;commitNavigation=39;commitNavigation_end=825;commitNavigation_start=786;crashReporterStartup=9;crashReporterStartup_end=48;crashReporterStartup_start=39;createBrowserWindow=9;createBrowserWindow_end=739;createBrowserWindow_start=730;createNodeEnv=44;createNodeEnv_end=163;createNodeEnv_start=119;dcl=131;dcl_end=902;dcl_start=771;emitReadyEvent=1;emitReadyEvent_end=539;emitReadyEvent_start=538;fcp=842;fcp_end=1613;fcp_start=771;fmp=0;fmp_end=771;fmp_start=771;fp=158;fp_end=929;fp_start=771;initNodeEnv=27;initNodeEnv_end=191;initNodeEnv_start=164;initRunBrowser=4;initRunBrowser_end=92;initRunBrowser_start=88;initializeICU=2;initializeICU_end=37;initializeICU_start=35;joinAppCode=0;joinAppCode_end=484;joinAppCode_start=484;l=133;l_end=904;l_start=771;lcp=842;lcp_end=1613;lcp_start=771;loadAppCode=293;loadAppCode_end=484;loadAppCode_start=191;loadV8Snapshot=0;loadV8Snapshot_end=37;loadV8Snapshot_start=37;parse=76;parse_end=902;parse_start=826;rendererReady=44;rendererReady_end=815;rendererReady_start=771;response=103;response_end=876;response_start=773;startup=1896;startup_end=1896;startup_start=0;
[76328:76328:0620/190454.335560:ERROR:electron/shell/browser/electron_browser_client.cc:1997] bind receiver for utility
[76328:76328:0620/190454.335574:INFO:aha/components/towel/embedder/master_binder.cc:52] [TOWEL]BindMasterInBrowser, ProcessType(2)
[76328:76328:0620/190454.335589:INFO:aha/components/towel/embedder/master_binder.cc:55] [TOWEL]BindMasterInBrowser, run in main thread, bind.
[76328:76328:0620/190454.335685:INFO:aha/components/towel/common/master_impl.cc:39] [TOWEL][MasterImpl::AddAPWithId] add ap 657053507
[76328:76328:0620/190454.335697:INFO:aha/components/towel/common/master_impl.cc:55] [TOWEL][MasterImpl::AddAP] add ap 657053507
[76328:76328:0620/190454.335781:INFO:aha/components/towel/common/master_impl.cc:193] [TOWEL][MasterImpl::GetAllProviders] provider size is 6 given size is 6
[76328:76328:0620/190454.380888:INFO:aha/components/towel/public/provider.cc:196] [TOWEL][Provider::GetMetaInfo] provider BlockDetectorProvider, method_size is 1 method_list is BlockDetector::HEART_BEAT
[76328:76328:0620/190454.380931:INFO:aha/components/towel/public/provider.cc:196] [TOWEL][Provider::GetMetaInfo] provider trae-config-channel, method_size is 1 method_list is trae-config-channel::SEND
[76328:76328:0620/190454.399831:ERROR:aha/components/page_load_metrics/observers/page_load_metrics_observer.cc:764] [page_load_metrics][traceId-] this:0x33f400172e00, OnDidAddMessageToConsole: src:index.mjs:1, message:This document requires 'TrustedScript' assignment. The action has been blocked.
[76328:76328:0620/190454.424206:ERROR:aha/components/page_load_metrics/observers/page_load_metrics_observer.cc:764] [page_load_metrics][traceId-] this:0x33f400172e00, OnDidAddMessageToConsole: src:index.mjs:11009, message:This document requires 'TrustedScript' assignment. The action has been blocked.
[76328:76328:0620/190454.490252:ERROR:aha/components/page_load_metrics/observers/page_load_metrics_observer.cc:764] [page_load_metrics][traceId-] this:0x33f400172e00, OnDidAddMessageToConsole: src:index.mjs:1, message:This document requires 'TrustedScript' assignment and no 'default' policy for 'TrustedScript' has been defined. The action has been blocked.
[76328:76328:0620/190454.548151:ERROR:electron/shell/browser/electron_browser_client.cc:1997] bind receiver for utility
[76328:76328:0620/190454.548170:INFO:aha/components/towel/embedder/master_binder.cc:52] [TOWEL]BindMasterInBrowser, ProcessType(2)
[76328:76328:0620/190454.548195:INFO:aha/components/towel/embedder/master_binder.cc:55] [TOWEL]BindMasterInBrowser, run in main thread, bind.
[76328:76349:0620/190454.549181:INFO:aha/components/towel/common/ap_impl.cc:406] [TOWEL][APImpl::OnProviderAdded] provider_name cueServer, RoutingId(76328, 749663581)
[76328:76328:0620/190454.549197:INFO:aha/components/towel/common/master_impl.cc:153] [TOWEL][MasterImpl::RegisterProvider] success cueServer provider size now is 7
[76328:76349:0620/190454.549197:INFO:aha/components/monitor/monitor.cc:173] [Monitor] OnProviderConnected: OnProviderConnected, name: cueServer
[76328:76349:0620/190454.549223:INFO:aha/components/towel/common/static_routing_ap.cc:181] [TOWEL][StaticRoutingAP::RunPendingRequestAndEvents] provider_name= cueServer
[76328:76328:0620/190454.549607:INFO:aha/components/towel/common/ap_impl.cc:406] [TOWEL][APImpl::OnProviderAdded] provider_name cueServer, RoutingId(76328, 219607164)
[76328:76328:0620/190454.549620:INFO:aha/components/towel/common/static_routing_ap.cc:181] [TOWEL][StaticRoutingAP::RunPendingRequestAndEvents] provider_name= cueServer
[76328:76328:0620/190454.549657:INFO:aha/components/towel/common/ap_impl.cc:406] [TOWEL][APImpl::OnProviderAdded] provider_name cueServer, RoutingId(76328, 282437514)
[76328:76328:0620/190454.549667:INFO:aha/components/ipc/ipc_client.cc:172] [AhaIpc] provider connected, name: cueServer
[76328:76328:0620/190454.549674:WARNING:aha/components/towel/common/ap_impl.cc:220] [TOWEL][APImpl::ListensEvents] no provider for event cueServer::PUSH_PACKET
[76328:76328:0620/190454.549679:INFO:aha/components/towel/common/ap_impl.cc:594] [TOWEL][APImpl::ListensEvents] start, RoutingId(76328, 282437514)
[76328:76328:0620/190454.549683:INFO:aha/components/towel/common/ap_impl.cc:596] [TOWEL][APImpl::ListensEvents] no pending_listen_requests_, do nothing
[76328:76328:0620/190454.549688:INFO:aha/components/towel/common/static_routing_ap.cc:171] [TOWEL][StaticRoutingAP::TryAddPendingEvents] provider not ready, store event and wait. event cueServer::PUSH_PACKET
[76328:76328:0620/190454.549693:INFO:aha/components/towel/common/static_routing_ap.cc:181] [TOWEL][StaticRoutingAP::RunPendingRequestAndEvents] provider_name= cueServer
[76328:76328:0620/190454.549698:INFO:aha/components/towel/common/static_routing_ap.cc:195] [TOWEL][StaticRoutingAP::RunPendingEvents] run pending events, event_list is cueServer::PUSH_PACKET,cueServer::PUSH_PACKET
[76328:76328:0620/190454.549738:INFO:aha/components/towel/common/ap_impl.cc:406] [TOWEL][APImpl::OnProviderAdded] provider_name cueServer, RoutingId(76328, 469974705)
[76328:76328:0620/190454.549748:INFO:aha/components/towel/common/static_routing_ap.cc:181] [TOWEL][StaticRoutingAP::RunPendingRequestAndEvents] provider_name= cueServer
[76328:76328:0620/190454.558760:INFO:aha/components/towel/common/ap_impl.cc:530] [TOWEL][APImpl::OnGetProviderMetaInfo]: RoutingId(76328, 219607164) provider cueServer
[76328:76328:0620/190454.558776:INFO:aha/components/towel/common/ap_impl.cc:540] [TOWEL][APImpl::OnGetProviderMetaInfo] update meta info for cueServer method_list is cueServer::SEND, event_list is cueServer::PUSH_PACKET
[76328:76328:0620/190454.558783:INFO:aha/components/towel/common/static_routing_ap.cc:181] [TOWEL][StaticRoutingAP::RunPendingRequestAndEvents] provider_name= cueServer
[76328:76328:0620/190454.558798:INFO:aha/components/towel/common/ap_impl.cc:530] [TOWEL][APImpl::OnGetProviderMetaInfo]: RoutingId(76328, 282437514) provider cueServer
[76328:76328:0620/190454.558804:INFO:aha/components/towel/common/ap_impl.cc:540] [TOWEL][APImpl::OnGetProviderMetaInfo] update meta info for cueServer method_list is cueServer::SEND, event_list is cueServer::PUSH_PACKET
[76328:76328:0620/190454.558810:INFO:aha/components/towel/common/static_routing_ap.cc:181] [TOWEL][StaticRoutingAP::RunPendingRequestAndEvents] provider_name= cueServer
[76328:76349:0620/190454.558822:INFO:aha/components/towel/common/ap_impl.cc:530] [TOWEL][APImpl::OnGetProviderMetaInfo]: RoutingId(76328, 749663581) provider cueServer
[76328:76328:0620/190454.558822:INFO:aha/components/towel/common/ap_impl.cc:530] [TOWEL][APImpl::OnGetProviderMetaInfo]: RoutingId(76328, 469974705) provider cueServer
[76328:76349:0620/190454.558840:INFO:aha/components/towel/common/ap_impl.cc:540] [TOWEL][APImpl::OnGetProviderMetaInfo] update meta info for cueServer method_list is cueServer::SEND, event_list is cueServer::PUSH_PACKET
[76328:76328:0620/190454.558848:INFO:aha/components/towel/common/ap_impl.cc:540] [TOWEL][APImpl::OnGetProviderMetaInfo] update meta info for cueServer method_list is cueServer::SEND, event_list is cueServer::PUSH_PACKET
[76328:76328:0620/190454.558861:INFO:aha/components/towel/common/static_routing_ap.cc:181] [TOWEL][StaticRoutingAP::RunPendingRequestAndEvents] provider_name= cueServer
[76328:76349:0620/190454.558854:INFO:aha/components/towel/common/static_routing_ap.cc:181] [TOWEL][StaticRoutingAP::RunPendingRequestAndEvents] provider_name= cueServer
[76328:76328:0620/190454.559072:INFO:aha/components/towel/common/master_impl.cc:78] [TOWEL][MasterImpl::BindAP] success for 282437514
[76328:76328:0620/190454.567852:INFO:aha/components/page_load_metrics/observers/page_load_metrics_observer.cc:591] [page_load_metrics][traceId-] this:0x33f400172e00, LCP event triggered: LCP: 915, index: 2
[76328:76328:0620/190454.635923:ERROR:aha/components/page_load_metrics/observers/page_load_metrics_observer.cc:764] [page_load_metrics][traceId-] this:0x33f400172e00, OnDidAddMessageToConsole: src:workbench.desktop.main.js:38, message:%c  ERR color: #f33 出现未知错误。有关详细信息，请参阅日志。
[76328:76328:0620/190454.718738:INFO:aha/electron/shell/browser/api/electron_api_aha_net.cc:226] tnc-config-updated content={"http_code":200,"net_error":0,"network":true,"stage":3,"update":false,"uuid":"55c2c75d-835a-4504-8813-2723c1fe5259"}
[76328:76328:0620/190454.724226:ERROR:aha/components/page_load_metrics/observers/page_load_metrics_observer.cc:764] [page_load_metrics][traceId-] this:0x33f400172e00, OnDidAddMessageToConsole: src:workbench.desktop.main.js:38, message:%c  ERR color: #f33 [icubeUserConfiguration] icubeUserConfigurationService:  getUserConfiguration error: [configuration] infrastructure error: Database error: Execution Error: error returned from database: (code: 2067) UNIQUE constraint failed: user_configuration.user_id
[76328:76328:0620/190454.978765:INFO:aha/components/page_load_metrics/observers/page_load_metrics_observer.cc:591] [page_load_metrics][traceId-] this:0x33f400172e00, LCP event triggered: LCP: 1436, index: 3
[76328:76328:0620/190455.090824:INFO:electron/shell/browser/electron_browser_client.cc:2004] aha net utility process bind network receiver
[76328:76328:0620/190455.167296:INFO:aha/electron/shell/browser/api/electron_api_aha_process_monitor.cc:155] [AhaProcessMonitor] OnExtensionChildProcessLaunched, pid: 76692, name: trae, version: 1.0.0, caller_chain size: 1
[76328:76328:0620/190455.208965:INFO:aha/electron/shell/browser/api/electron_api_aha_process_monitor.cc:155] [AhaProcessMonitor] OnExtensionChildProcessLaunched, pid: 76700, name: bash, version: 0.0.1, caller_chain size: 1
[76328:76328:0620/190455.437224:ERROR:aha/components/page_load_metrics/observers/page_load_metrics_observer.cc:764] [page_load_metrics][traceId-] this:0x33f400172e00, OnDidAddMessageToConsole: src:workbench.desktop.main.js:38, message:%c  ERR color: #f33 [Extension Host] (node:76549) [DEP0040] DeprecationWarning: The `punycode` module is deprecated. Please use a userland alternative instead.
(Use `exe --trace-deprecation ...` to show where the warning was created)
[76328:76328:0620/190455.437281:ERROR:aha/components/page_load_metrics/observers/page_load_metrics_observer.cc:764] [page_load_metrics][traceId-] this:0x33f400172e00, OnDidAddMessageToConsole: src:workbench.desktop.main.js:549, message:%c[Extension Host] %c(node:76549) [DEP0040] DeprecationWarning: The `punycode` module is deprecated. Please use a userland alternative instead.
(Use `exe --trace-deprecation ...` to show where the warning was created) color: blue color: 
[76330:76330:0620/190455.447517:ERROR:third_party/crashpad/crashpad/snapshot/elf/elf_dynamic_array_reader.h:64] tag not found
[76330:76330:0620/190455.447889:ERROR:third_party/crashpad/crashpad/snapshot/elf/elf_dynamic_array_reader.h:64] tag not found
[76330:76330:0620/190455.453913:INFO:aha/components/crash_monitor/exception_handler_impl.cc:497] OnCrashDumpEvent begin
[76330:76330:0620/190455.453972:INFO:aha/components/crash_monitor/exception_handler_impl.cc:527] OnCrashDumpEvent LookUpCrashReport Succ
[76330:76330:0620/190455.453977:INFO:aha/components/crash_monitor/exception_handler_impl.cc:572] Report: /home/eternity/.config/Electron/Crashpad/pending/2b20a29f-927e-4c25-9565-35333af3397f.dmp
[76330:76330:0620/190455.454108:INFO:aha/components/crash_monitor/exception_handler_impl.cc:311] CalculateProcessType use process_type from annotation, process_type: browser
[76330:76330:0620/190455.454128:INFO:aha/components/crash_monitor/crash_monitor.cc:761] [CrashMonitor] CrashedCallback: crash report task post to main
[76330:76333:0620/190455.454156:INFO:aha/components/crash_monitor/crash_monitor.cc:827] [CrashMonitor] CrashedCallbackImpl: CrashMonitor::CrashedCallbackImpl. has_gwpasan = 0
[76330:76333:0620/190455.454251:INFO:aha/components/crash_monitor/crash_monitor.cc:979] [CrashMonitor] CrashedCallbackImpl: Start crash report
[76330:76332:0620/190455.454283:INFO:aha/third_party/parfait/aha/parfait_core_aha.cc:739] [Parfait] Record crash {"aid":"682161","app_version":"3.5.62","build_version":"2.3.33256","channel":"stable","client_timestamp":"1781953495000","context":{"aha_electron_version":"39.2.7-release.1.37.3","annotation_detail":"{\"arch\":\"x64\",\"chrome-trace-id\":\"378731133169194585\",\"lsb-release\":\"Arch Linux\",\"osarch\":\"x86_64\",\"pid\":\"76328\",\"plat\":\"Linux\",\"platform\":\"linux\",\"process_type\":\"browser\",\"prod\":\"Electron\",\"ptype\":\"browser\",\"system_params\":\"{\\\"release\\\":\\\"7.0.12-zen1-1-zen\\\",\\\"hostname\\\":\\\"QuantumArch\\\",\\\"memory\\\":32767574016,\\\"cpu\\\":[\\\"AMD Ryzen 7 7745HX with Radeon Graphics\\\",\\\"AMD Ryzen 7 7745HX with Radeon Graphics\\\",\\\"AMD Ryzen 7 7745HX with Radeon Graphics\\\",\\\"AMD Ryzen 7 7745HX with Radeon Graphics\\\",\\\"AMD Ryzen 7 7745HX with Radeon Graphics\\\",\\\"AMD Ryzen 7 7745HX with Radeon Graphics\\\",\\\"AMD Ryzen 7 7745HX with Radeon Graphics\\\",\\\"AMD Ryzen 7 7745HX with Radeon Graphics\\\",\\\"AMD Ryzen 7 7745HX with Radeon Graphics\\\",\\\"AMD Ryzen 7 7745HX with Radeon Graphics\\\",\\\"AMD Ryzen 7 7745HX with Radeon Graphics\\\",\\\"AMD Ryzen 7 7745HX with Radeon Graphics\\\",\\\"AMD Ryzen 7 7745HX with Radeon Graphics\\\",\\\"AMD Ryzen 7 7745HX with Radeon Graphics\\\",\\\"AMD Ryzen 7 7745HX with Radeon Graphics\\\",\\\"AMD Ryzen 7 7745HX with Radeon Graphics\\\"],\\\"memoryUsagePercentage\\\":\\\"29.143566366362762%\\\",\\\"usage\\\":\\\"5.678966450568423%\\\"}\",\"total-discardable-memory-allocated\":\"4194304\",\"user_id\":\"e09f981585ab064aa9b0f2a3e11cf39fd8a3d112420c0e852c14494078daaf4c\",\"ver\":\"39.2.7\",\"��,�U\":\"6\"}","app_name":"Trae","buildVersion":"2.3.33256","cpu":"AMD Ryzen 7 7745HX with Radeon Graphics","email":"EternityShen","exception_thread_id":"76349","exception_thread_name":"ThreadPoolForeg","hostname":"QuantumArch","is_non_crash":"0","is_shutdown_stage":"0","is_vscode_window_crash":"false","is_wer_crash":"0","last_login_device_id":"","last_login_user_id":"","lifecycle_stage":"MainRunLoopEnter","local_device_id":"b38695be47dc4b34b4945c7a809d8051","machineId":"e09f981585ab064aa9b0f2a3e11cf39fd8a3d112420c0e852c14494078daaf4c","main_thread_name":"trae","memory":"32767574016","memoryUsagePercentage":"29.143566366362762%","region":"SG","release":"7.0.12-zen1-1-zen","tenant":"marscode","usage":"5.678966450568423%"},"cpu_model":"AMD Ryzen 7 7745HX with Radeon Graphics","delete_file":true,"device_id":"7649334840105879056","device_model":"","file_path":"/home/eternity/.config/Electron/Crashpad/pending/2b20a29f-927e-4c25-9565-35333af3397f.dmp","gpu_model":"","guid":"c3eba60c-f379-482e-a99b-f88e7ecf4dc0","log_type":"pc_crash","os":"linux","os_version":"7.0.12-zen1-1-zen(Linux)","process_name":"Unknown(pid=76328)","process_type":"browser","report_url":"https://pcmon-boot.trae.ai/monitor_pc/collect/api/pc_crash","resource_monitor":{"memory_commit":0.0,"memory_commit_limit":0.0,"process_cpu_usage":0.0,"system_cpu_usage":0.0,"system_memory":13655.0,"system_total_memory":31249.0},"signature":"","user_id":"e09f981585ab064aa9b0f2a3e11cf39fd8a3d112420c0e852c14494078daaf4c"}
[76330:76332:0620/190455.454506:INFO:aha/third_party/parfait/aha/parfait_core_aha.cc:470] [Parfait] Try to upload crash report
[76330:76332:0620/190455.951925:INFO:aha/third_party/parfait/aha/parfait_core_aha.cc:767] [Parfait] Received crash report's network code 204
[76330:76332:0620/190455.951941:INFO:aha/third_party/parfait/aha/parfait_core_aha.cc:790] [Parfait] Finish one crash info
[76330:76332:0620/190455.951999:INFO:aha/third_party/parfait/core_common/file_manager.cc:238] [Parfait] Delete cache file /home/eternity/.config/Electron/Crashpad/parfait/crash/682161/dump_0_76330_1781953495454
[76330:76332:0620/190455.952071:INFO:aha/third_party/parfait/core_common/file_manager.cc:246] [Parfait] Delete file /home/eternity/.config/Electron/Crashpad/pending/2b20a29f-927e-4c25-9565-35333af3397f.dmp
[76330:76330:0620/190455.952102:INFO:aha/components/crash_monitor/crash_monitor.cc:795] [CrashMonitor] CrashedCallback: crash report wait completed
[76330:76330:0620/190455.952120:INFO:aha/components/crash_monitor/crash_monitor.cc:798] [CrashMonitor] CrashedCallback: end ReportCrashEvent
[76330:76330:0620/190455.952145:INFO:aha/components/crash_monitor/exception_handler_impl.cc:690] OnCrashDumpEvent end
[76330:76332:0620/190552.449421:INFO:aha/third_party/parfait/core_common/record_manager.cc:251] [Parfait] Read full data in /home/eternity/.config/Electron/Crashpad/parfait/ready/682161/2/2_1781953492_0_76330_0
[76330:76332:0620/190552.449457:INFO:aha/third_party/parfait/core_common/record_manager.cc:261] [Parfait] Try to upload record: 2, size: 318 bytes.
[76330:76332:0620/190552.577559:INFO:aha/third_party/parfait/core_common/parfait_core.cc:270] [Parfait] Received metrics network code 204
[76330:76332:0620/190552.577650:INFO:aha/third_party/parfait/core_common/record_manager.cc:296] [Parfait] Deleted uploaded file /home/eternity/.config/Electron/Crashpad/parfait/ready/682161/2/2_1781953492_0_76330_0
[76330:76332:0620/190552.577725:INFO:aha/third_party/parfait/core_common/record_manager.cc:251] [Parfait] Read full data in /home/eternity/.config/Electron/Crashpad/parfait/ready/682161/2/2_1781953493_1_76330_0
[76330:76332:0620/190552.577754:INFO:aha/third_party/parfait/core_common/record_manager.cc:261] [Parfait] Try to upload record: 1, size: 159 bytes.
[76330:76332:0620/190552.717580:INFO:aha/third_party/parfait/core_common/parfait_core.cc:270] [Parfait] Received metrics network code 204
[76330:76332:0620/190552.717648:INFO:aha/third_party/parfait/core_common/record_manager.cc:296] [Parfait] Deleted uploaded file /home/eternity/.config/Electron/Crashpad/parfait/ready/682161/2/2_1781953493_1_76330_0
[76330:76332:0620/190552.717716:INFO:aha/third_party/parfait/core_common/record_manager.cc:251] [Parfait] Read full data in /home/eternity/.config/Electron/Crashpad/parfait/ready/682161/2/2_1781953493_2_76330_0
[76330:76332:0620/190552.717730:INFO:aha/third_party/parfait/core_common/record_manager.cc:261] [Parfait] Try to upload record: 1, size: 159 bytes.
[76330:76332:0620/190552.845650:INFO:aha/third_party/parfait/core_common/parfait_core.cc:270] [Parfait] Received metrics network code 204
[76330:76332:0620/190552.845726:INFO:aha/third_party/parfait/core_common/record_manager.cc:296] [Parfait] Deleted uploaded file /home/eternity/.config/Electron/Crashpad/parfait/ready/682161/2/2_1781953493_2_76330_0
[76330:76330:0620/190605.281027:INFO:aha/third_party/crashpad/crashpad/handler/aha_handler_main.cc:111] #### AhaElectron (Crashpad) Shutdown
