[33764:33764:0723/154335.183915:INFO:aha/components/metrics/metrics_base.cc:52] [startup] metric: crashReporterStartup, start
[33766:33766:0723/154335.191234:INFO:aha/third_party/crashpad/crashpad/handler/aha_handler_main.cc:43] #### AhaElectron (Crashpad) Startup
[33766:33766:0723/154335.191516:INFO:aha/components/manifest/manifest.cc:91] GetManifestContent exe_dir: /usr/share/trae
[33766:33766:0723/154335.191541:INFO:aha/components/manifest/manifest.cc:106] AppManifest manifest_content={"appId":"682161","appVersion":"3.5.62","buildVersion":"2.3.33256","activeUrl":"https://did-boot.trae.ai/service/2/app_alert_check/","channel":"stable","language":"en","logifierDomain":"icube-normal.trae.ai","settingsDomain":"icube-normal.trae.ai","name":"Trae","package":"com.marscode","packageType":"stable_i18n","region":"US","registryUrl":"https://did-boot.trae.ai/service/2/desktop/device_register/","slardarDomain":"pcmon-boot.trae.ai","slardarAid":682161,"oversea":true,"ahaNet":{"ttnet_params":{"domain_httpdns":"34.102.215.99","domain_netlog":"ttnet-sg.byteoversea.com","app_id":"677332","tnc_host_first":"tnc-boot.trae.ai","app_name":"trae","tnc_host_second":"tnc-normal.trae.ai","tnc_host_third":"","domain_boe":".boe-gateway.byted.org","update_version_code":"","version_code":"3562","bypass_proxy":false,"is_drop_first_tnc":false,"use_domestic_store_region":false,"get_domain_default_json":"{\"data\":{\"tnc_update_interval\":300,\"chromium_open\":1,\"http_dns_enabled\":1,\"ttnet_http_dns_enabled\":1,\"ttnet_tt_http_dns\":1,\"ttnet_http_dns_timeout\":5,\"opaque_data_enabled\":0,\"wpad_enabled\":0,\"pac_enabled\":1,\"clear_pool_enabled\":1,\"get_domain_default_json\":1,\"md5_check\":0},\"message\":\"success\"}"},"params":{"user_agent":"","experimental_options":"","enable_http2":true,"enable_brotli":true,"enable_quic":true,"enable_network_quality_estimator":false,"enable_verbose_log":false,"enable_ca_store":true,"store_idc_rule_json":"","ttnet_inner_log_switch":255,"bypass_mssdk":false},"access_policy":"{\"domain_white_list\":{\"*.trae.ai\":[\"*\"],\"*.traeapi.us\":[\"*\"],\"*.mchost.guru\":[\"*\"],\"*.bytedance.net\":[\"*\"],\"*.tiktok-row.net\":[\"*\"],\"*.byteintl.net\":[\"*\"],\"*.byted.org\":[\"*\"],\"*.trae.com.cn\":[\"*\"],\"*.trae.cn\":[\"*\"]},\"enable_detail_log\":false}"}}
[33766:33766:0723/154335.191638:WARNING:aha/components/crash_monitor/report_config/report_config.cc:48] config_path not exists, path: /home/eternity/.config/Electron/ReportConfig
[33766:33766:0723/154335.191643:ERROR:aha/components/crash_monitor/report_config/report_config.cc:64] content is empty
[33766:33766:0723/154335.191648:INFO:aha/components/crash_monitor/crash_monitor.cc:308] [CrashMonitor] Initialized: disable_report: 0
[33766:33766:0723/154335.192010:INFO:aha/components/crash_monitor/crash_monitor.cc:457] [CrashMonitor] CalcLocalDeviceId: local_device_id use device_info, device_id: b38695be47dc4b34b4945c7a809d8051
[33766:33766:0723/154335.193397:INFO:third_party/crashpad/crashpad/handler/linux/crash_report_exception_handler.cc:344] [Crashpad] Append global param key: init_device_id
[33766:33769:0723/154335.193420:INFO:aha/components/crash_monitor/crash_monitor.cc:469] [CrashMonitor] InitDeviceId: init_device_id use device_id, device_id: 7649334840105879056
[33764:33764:0723/154335.193421:INFO:aha/components/metrics/metrics_base.cc:64] [startup] metric: crashReporterStartup, end, latency: 10ms
[33764:33764:0723/154335.193439:INFO:electron/shell/app/electron_main_delegate.cc:618] #### AhaElectron ()  Startup #### cmd: 
[33766:33769:0723/154335.193969:INFO:aha/third_party/parfait/core_common/parfait_core.cc:209] [Parfait] Enable upload with interval 60
[33766:33769:0723/154335.193988:INFO:aha/third_party/parfait/aha/parfait_client.cc:133] [Parfait] Init ParfaitClient with config
	pft_version=1.3.0.0
	aid=682161
	user_id=anonymous
	device_id=7649334840105879056
	version=3.5.62
	root_path=/home/eternity/.config/Electron/Crashpad
	session_id=
	data_report_url=https://pcmon-boot.trae.ai/monitor_pc/collect/api/pc_log
	crash_report_url=https://pcmon-boot.trae.ai/monitor_pc/collect/api/pc_crash
	gwpasan_report_url=https://pcmon-boot.trae.ai/monitor_pc/collect/api/pc_gwpasan
	block_report_url=https://pcmon-boot.trae.ai/monitor_pc/collect/api/pc_jank
	matrix_report_url=https://pcmon-boot.trae.ai/monitor_pc/collect/api/pc_matrix
	cpu_profile_report_url=https://pcmon-boot.trae.ai/monitor_pc/collect/file/pc_cpu_profile
	snapshot_report_url=https://pcmon-boot.trae.ai/monitor_pc/collect/file/pc_snapshot
	custom_exception_report_url=https://pcmon-boot.trae.ai/monitor_pc/collect/file/pc_custom_exception
	settings_enabled=0
	settings_url=
	tenant_id=
[33766:33769:0723/154335.194001:INFO:aha/components/crash_monitor/crash_monitor.cc:349] [CrashMonitor] InitParfait: InitParfait success, aid:682161, did:7649334840105879056
[33766:33768:0723/154335.194667:INFO:aha/third_party/parfait/core_common/parfait_core.cc:217] [Parfait] Set upload interval 60
[33764:33764:0723/154335.235000:INFO:aha/components/metrics/metrics_base.cc:52] [startup] metric: initRunBrowser, start
[33764:33764:0723/154335.235814:INFO:aha/electron/shell/browser/aha_feature_list/aha_feature_override.cc:135] [AhaFeatureOverride] InitFeaturesWithAhaOverrides, enable_features ,PdfUseShowSaveFilePicker, disable_features ,SpareRendererForSitePerProcess,ScreenAIOCREnabled, TraceSiteInstanceGetProcessCreation,LocalNetworkAccessChecks
[33764:33764:0723/154335.238783:INFO:aha/components/metrics/metrics_base.cc:64] [startup] metric: initRunBrowser, end, latency: 4ms
[33764:33764:0723/154335.264026:INFO:electron/shell/browser/electron_browser_main_parts.cc:357] init towel master_binder in browser
[33764:33764:0723/154335.264046:INFO:aha/components/towel/embedder/interface_binder.cc:17] [TOWEL]InterfaceBinder Intialized. ProcessType(2)
[33764:33764:0723/154335.264059:INFO:aha/components/metrics/metrics_base.cc:52] [startup] metric: createNodeEnv, start
[33764:33764:0723/154335.275898:INFO:gin/isolate_holder.cc:165] SetPartitionAllocOomCallback and RegisterIsolateHolder
[33764:33764:0723/154335.310089:INFO:aha/components/metrics/metrics_base.cc:64] [startup] metric: createNodeEnv, end, latency: 46ms
[33764:33764:0723/154335.310110:INFO:aha/components/metrics/metrics_base.cc:52] [startup] metric: initNodeEnv, start
[33764:33764:0723/154335.337344:INFO:aha/components/metrics/metrics_base.cc:64] [startup] metric: initNodeEnv, end, latency: 27ms
[33764:33764:0723/154335.337360:INFO:aha/components/metrics/metrics_base.cc:52] [startup] metric: loadAppCode, start
[33764:33764:0723/154335.481061:INFO:aha/components/ipc/ipc_client.cc:13] [AhaIpc] set request_timeout_ms: 1000
[33764:33764:0723/154335.481090:INFO:aha/components/towel/embedder/master_binder.cc:60] [TOWEL]BindMasterInAnyProcess, ProcessType(2)
[33764:33764:0723/154335.481097:INFO:aha/components/towel/embedder/master_binder.cc:52] [TOWEL]BindMasterInBrowser, ProcessType(2)
[33764:33764:0723/154335.481369:INFO:aha/components/towel/embedder/master_binder.cc:55] [TOWEL]BindMasterInBrowser, run in main thread, bind.
[33764:33764:0723/154335.481382:INFO:aha/components/towel/common/ap_impl.cc:26] [TOWEL][APImpl::APImpl] create ap, id is RoutingId(-1, 1624094354)
[33764:33764:0723/154335.481388:INFO:aha/components/towel/common/ap_impl.cc:31] [TOWEL][APImpl] register to master, current id is RoutingId(-1, 1624094354)
[33764:33764:0723/154335.484473:INFO:aha/components/towel/embedder/master_binder.cc:60] [TOWEL]BindMasterInAnyProcess, ProcessType(2)
[33764:33764:0723/154335.484486:INFO:aha/components/towel/embedder/master_binder.cc:52] [TOWEL]BindMasterInBrowser, ProcessType(2)
[33764:33764:0723/154335.484497:INFO:aha/components/towel/embedder/master_binder.cc:55] [TOWEL]BindMasterInBrowser, run in main thread, bind.
[33764:33764:0723/154335.484505:INFO:aha/components/towel/common/ap_impl.cc:26] [TOWEL][APImpl::APImpl] create ap, id is RoutingId(-1, 724145722)
[33764:33764:0723/154335.484510:INFO:aha/components/towel/common/ap_impl.cc:31] [TOWEL][APImpl] register to master, current id is RoutingId(-1, 724145722)
[33764:33764:0723/154335.484621:WARNING:aha/components/towel/common/ap_impl.cc:220] [TOWEL][APImpl::ListensEvents] no provider for event ai::PUSH_PACKET
[33764:33764:0723/154335.484631:INFO:aha/components/towel/common/ap_impl.cc:594] [TOWEL][APImpl::ListensEvents] start, RoutingId(-1, 724145722)
[33764:33764:0723/154335.484639:INFO:aha/components/towel/common/ap_impl.cc:596] [TOWEL][APImpl::ListensEvents] no pending_listen_requests_, do nothing
[33764:33764:0723/154335.484644:INFO:aha/components/towel/common/static_routing_ap.cc:171] [TOWEL][StaticRoutingAP::TryAddPendingEvents] provider not ready, store event and wait. event ai::PUSH_PACKET
[33764:33764:0723/154335.484853:INFO:aha/components/towel/embedder/master_binder.cc:60] [TOWEL]BindMasterInAnyProcess, ProcessType(2)
[33764:33764:0723/154335.484863:INFO:aha/components/towel/embedder/master_binder.cc:52] [TOWEL]BindMasterInBrowser, ProcessType(2)
[33764:33764:0723/154335.484875:INFO:aha/components/towel/embedder/master_binder.cc:55] [TOWEL]BindMasterInBrowser, run in main thread, bind.
[33764:33764:0723/154335.484884:INFO:aha/components/towel/common/ap_impl.cc:26] [TOWEL][APImpl::APImpl] create ap, id is RoutingId(-1, 724145722)
[33764:33764:0723/154335.484889:INFO:aha/components/towel/common/ap_impl.cc:31] [TOWEL][APImpl] register to master, current id is RoutingId(-1, 724145722)
[33764:33764:0723/154335.484901:WARNING:aha/components/towel/common/ap_impl.cc:220] [TOWEL][APImpl::ListensEvents] no provider for event AhaNet::TNCConfigUpdated
[33764:33764:0723/154335.484906:INFO:aha/components/towel/common/ap_impl.cc:594] [TOWEL][APImpl::ListensEvents] start, RoutingId(-1, 724145722)
[33764:33764:0723/154335.484911:INFO:aha/components/towel/common/ap_impl.cc:596] [TOWEL][APImpl::ListensEvents] no pending_listen_requests_, do nothing
[33764:33764:0723/154335.484916:INFO:aha/components/towel/common/static_routing_ap.cc:171] [TOWEL][StaticRoutingAP::TryAddPendingEvents] provider not ready, store event and wait. event AhaNet::TNCConfigUpdated
[33764:33764:0723/154335.664378:INFO:aha/components/metrics/metrics_base.cc:64] [startup] metric: loadAppCode, end, latency: 327ms
[33764:33764:0723/154335.664395:INFO:aha/components/metrics/metrics_base.cc:52] [startup] metric: joinAppCode, start
[33764:33764:0723/154335.664402:INFO:aha/components/metrics/metrics_base.cc:64] [startup] metric: joinAppCode, end, latency: 0ms
[33764:33764:0723/154335.664411:INFO:aha/electron/shell/browser/aha_feature_list/aha_feature_override.cc:135] [AhaFeatureOverride] InitFeaturesWithAhaOverrides, enable_features NetAdapterMaxBufSizeFeature:NetAdapterMaxBufSize/8192,DocumentPolicyIncludeJSCallStacksInCrashReports,EarlyEstablishGpuChannel,EstablishGpuChannelAsync,,PdfUseShowSaveFilePicker, disable_features CalculateNativeWinOcclusion,,SpareRendererForSitePerProcess,ScreenAIOCREnabled, TraceSiteInstanceGetProcessCreation,LocalNetworkAccessChecks
[33764:33764:0723/154335.664457:INFO:aha/electron/shell/browser/aha_feature_list/aha_remote_state.cc:359] [RemoteState] PreparePaths, remote_state_path_ /home/eternity/.config/Trae/aha/Remote_State
[33764:33764:0723/154335.664462:INFO:aha/electron/shell/browser/aha_feature_list/aha_remote_state.cc:323] [RemoteState] DeserializeFromFile, Reading from /home/eternity/.config/Trae/aha/Remote_State
[33764:33764:0723/154335.664837:INFO:aha/electron/shell/browser/aha_feature_list/aha_feature_override.cc:89] [AhaFeatureOverride] RemoteStateDataOverride, dict size 10
[33764:33764:0723/154335.664846:INFO:aha/electron/shell/browser/aha_feature_list/aha_feature_override.cc:82] [AhaFeatureOverride] EnableParamFeatureOverride, EnableParamFeatureOverride, feature AhaCloseAutoDetectSystemAccessibility, trial StudyAhaCloseAutoDetectSystemAccessibility, group GroupAhaCloseAutoDetectSystemAccessibility, state 0
[33764:33764:0723/154335.664853:INFO:aha/electron/shell/browser/aha_feature_list/aha_feature_override.cc:82] [AhaFeatureOverride] EnableParamFeatureOverride, EnableParamFeatureOverride, feature AhaCulledInlineHitTestOptimization, trial StudyAhaCulledInlineHitTestOptimization, group GroupAhaCulledInlineHitTestOptimization, state 1
[33764:33764:0723/154335.664858:ERROR:aha/electron/shell/browser/aha_feature_list/aha_feature_override.cc:118] [AhaFeatureOverride] RemoteStateDataOverride, data format error, feature AhaEnableDelayedDestroyWebsocket, param DelayedDestroyTimeSeconds
[33764:33764:0723/154335.664868:INFO:aha/electron/shell/browser/aha_feature_list/aha_feature_override.cc:82] [AhaFeatureOverride] EnableParamFeatureOverride, EnableParamFeatureOverride, feature AhaEnableDelayedDestroyWebsocket, trial StudyAhaEnableDelayedDestroyWebsocket, group GroupAhaEnableDelayedDestroyWebsocket, state 1
[33764:33764:0723/154335.664879:INFO:aha/electron/shell/browser/aha_feature_list/aha_feature_override.cc:82] [AhaFeatureOverride] EnableParamFeatureOverride, EnableParamFeatureOverride, feature AhaEnableGpuModeFallbackForDeviceReset, trial StudyAhaEnableGpuModeFallbackForDeviceReset, group GroupAhaEnableGpuModeFallbackForDeviceReset, state 0
[33764:33764:0723/154335.664885:INFO:aha/electron/shell/browser/aha_feature_list/aha_feature_override.cc:82] [AhaFeatureOverride] EnableParamFeatureOverride, EnableParamFeatureOverride, feature AhaEnableGwpAsan, trial StudyAhaEnableGwpAsan, group GroupAhaEnableGwpAsan, state 1
[33764:33764:0723/154335.664891:INFO:aha/electron/shell/browser/aha_feature_list/aha_feature_override.cc:82] [AhaFeatureOverride] EnableParamFeatureOverride, EnableParamFeatureOverride, feature AhaFrameEvictionBugFix, trial StudyAhaFrameEvictionBugFix, group GroupAhaFrameEvictionBugFix, state 0
[33764:33764:0723/154335.664896:INFO:aha/electron/shell/browser/aha_feature_list/aha_feature_override.cc:82] [AhaFeatureOverride] EnableParamFeatureOverride, EnableParamFeatureOverride, feature AhaOomV8JsStackCollect, trial StudyAhaOomV8JsStackCollect, group GroupAhaOomV8JsStackCollect, state 1
[33764:33764:0723/154335.664902:INFO:aha/electron/shell/browser/aha_feature_list/aha_feature_override.cc:82] [AhaFeatureOverride] EnableParamFeatureOverride, EnableParamFeatureOverride, feature EarlyEstablishGpuChannel, trial StudyEarlyEstablishGpuChannel, group GroupEarlyEstablishGpuChannel, state 1
[33764:33764:0723/154335.664907:INFO:aha/electron/shell/browser/aha_feature_list/aha_feature_override.cc:82] [AhaFeatureOverride] EnableParamFeatureOverride, EnableParamFeatureOverride, feature EstablishGpuChannelAsync, trial StudyEstablishGpuChannelAsync, group GroupEstablishGpuChannelAsync, state 1
[33764:33764:0723/154335.664913:INFO:aha/electron/shell/browser/aha_feature_list/aha_feature_override.cc:82] [AhaFeatureOverride] EnableParamFeatureOverride, EnableParamFeatureOverride, feature V8HeapTrackerConfig, trial StudyV8HeapTrackerConfig, group GroupV8HeapTrackerConfig, state 0
[33764:33764:0723/154335.665354:WARNING:ui/ozone/platform/wayland/common/wayland_object.cc:119] Binding to wl_shm version 1 but version 2 is available.
[33764:33764:0723/154335.665378:WARNING:ui/ozone/platform/wayland/common/wayland_object.cc:119] Binding to zwp_pointer_gestures_v1 version 1 but version 3 is available.
[33764:33764:0723/154335.665420:WARNING:ui/ozone/platform/wayland/common/wayland_object.cc:119] Binding to wl_seat version 8 but version 9 is available.
[33764:33764:0723/154335.665431:WARNING:ui/ozone/platform/wayland/common/wayland_object.cc:119] Binding to wp_cursor_shape_manager_v1 version 1 but version 2 is available.
[33764:33764:0723/154335.665442:WARNING:ui/ozone/platform/wayland/common/wayland_object.cc:119] Binding to zwp_linux_dmabuf_v1 version 4 but version 5 is available.
[33764:33764:0723/154335.665829:WARNING:ui/ozone/platform/wayland/host/wayland_drm.cc:114] Drm prime capability is not supported
[33764:33764:0723/154335.729169:INFO:aha/components/detector/gpu_block_detector.cc:47] [GpuBlockDetector] GetGpuHangDetectValue: GPU jank config key: detect_interval value:5
[33764:33764:0723/154335.729186:INFO:aha/components/detector/gpu_block_detector.cc:47] [GpuBlockDetector] GetGpuHangDetectValue: GPU jank config key: terminate_process_threshold value:10
[33764:33764:0723/154335.729804:INFO:electron/shell/browser/electron_browser_main_parts.cc:597] [ElectronBrowserMainParts] PreMainMessageLoopRun
[33766:33766:0723/154335.729847:INFO:third_party/crashpad/crashpad/handler/linux/crash_report_exception_handler.cc:344] [Crashpad] Append global param key: lifecycle_stage
[33766:33766:0723/154335.729927:INFO:third_party/crashpad/crashpad/handler/linux/crash_report_exception_handler.cc:344] [Crashpad] Append global param key: country_code
[33764:33764:0723/154335.729945:INFO:aha/components/detector/block_detector.cc:92] BlockDetectorManager::Init,this:0x3244026b2b40
[33764:33764:0723/154335.729952:INFO:aha/components/detector/block_detector.cc:133] Initializing Towel provider with name: BlockDetectorProvider
[33764:33764:0723/154335.729958:INFO:aha/components/towel/embedder/master_binder.cc:60] [TOWEL]BindMasterInAnyProcess, ProcessType(2)
[33764:33764:0723/154335.729964:INFO:aha/components/towel/embedder/master_binder.cc:52] [TOWEL]BindMasterInBrowser, ProcessType(2)
[33764:33764:0723/154335.729972:INFO:aha/components/towel/embedder/master_binder.cc:55] [TOWEL]BindMasterInBrowser, run in main thread, bind.
[33764:33764:0723/154335.729990:INFO:aha/components/towel/public/provider.cc:76] [TOWEL][Provider::Mount] mount provider, name= BlockDetectorProvider, force_reset=0
[33764:33764:0723/154335.729999:INFO:aha/components/detector/block_detector.cc:143] Towel provider mounted successfully.
[33764:33764:0723/154335.730035:INFO:aha/components/perf/system_monitor/perf_system_monitor.cc:68] PerfSystemMonitor::Start 0x55ee05f1f8e0, interval 5 s
[33764:33785:0723/154335.730648:WARNING:aha/electron/cache_file/cache_file_manager.cc:105] not log file, continue: /home/eternity/.config/Trae/logs/aha_log/networkservice-0-2026-6-9.alaudalog
[33764:33785:0723/154335.730660:WARNING:aha/electron/cache_file/cache_file_manager.cc:105] not log file, continue: /home/eternity/.config/Trae/logs/aha_log/networkservice-1-2026-6-9.alaudalog
[33764:33785:0723/154335.730665:WARNING:aha/electron/cache_file/cache_file_manager.cc:105] not log file, continue: /home/eternity/.config/Trae/logs/aha_log/networkservice-2-2026-6-9.alaudalog
[33764:33785:0723/154335.730670:WARNING:aha/electron/cache_file/cache_file_manager.cc:105] not log file, continue: /home/eternity/.config/Trae/logs/aha_log/networkservice-0-2026-6-20.alaudalog
[33764:33785:0723/154335.730722:INFO:aha/electron/cache_file/cache_file_manager.cc:109] DeleteFile success: /home/eternity/.config/Trae/logs/aha_log/aha_electron_2026.0705.log
[33764:33785:0723/154335.730727:WARNING:aha/electron/cache_file/cache_file_manager.cc:105] not log file, continue: /home/eternity/.config/Trae/logs/aha_log/networkservice-0-2026-7-4.alaudalog
[33764:33764:0723/154335.733148:INFO:aha/components/metrics/metrics_base.cc:52] [startup] metric: emitReadyEvent, start
[33764:33764:0723/154335.733795:INFO:aha/components/metrics/metrics_base.cc:64] [startup] metric: emitReadyEvent, end, latency: 0ms
[33764:33764:0723/154335.736210:INFO:content/browser/network_service_instance_impl.cc:451] NetworkService, CreateNetworkServiceParams device_id: 7649334840105879056
[33764:33764:0723/154335.736292:INFO:content/browser/network_service_instance_impl.cc:457] NetworkService, CreateNetworkServiceParams access_policy: {"should_use_ttnet":true,"domain_white_list":{"*.trae.ai":["*"],"*.traeapi.us":["*"],"*.mchost.guru":["*"],"*.bytedance.net":["*"],"*.tiktok-row.net":["*"],"*.byteintl.net":["*"],"*.byted.org":["*"],"*.trae.com.cn":["*"],"*.trae.cn":["*"],"*.volces.com":["*"],"*.snssdk.com":["*"],"*.bytedance.com":["*"]},"domain_black_list":{"127.0.0.1":["*"],"::1":["*"],"*.trae.volces.com":["*"]},"enable_detail_log":false}
[33764:33764:0723/154335.736321:INFO:content/browser/network_service_instance_impl.cc:476] NetworkService, CreateNetworkServiceParams country_code: sg, country_code_src: uid
[33764:33764:0723/154335.740163:INFO:aha/components/tiny_storage/tiny_storage.cc:88] [TinyStorage] FlushIfNeed
[33764:33764:0723/154335.740239:INFO:aha/components/monitor/monitor_service_instance_impl.cc:106] [MonitorService] CalculateLocalDeviceId: use init_device_id, device_id: 7649334840105879056
[33764:33764:0723/154335.740246:WARNING:aha/components/monitor/monitor_service_instance_impl.cc:141] [MonitorService] Restart: launch monitor service
[33764:33764:0723/154335.740327:INFO:aha/components/monitor/monitor_service_instance_impl.cc:48] [MonitorService] ShouldUseLogifier: update use_logifier=1 country_code=sg
[33764:33764:0723/154335.741866:INFO:aha/components/device_service/device_service.cc:659] DeviceService, has cache, directly return cache: 7649334840105879056
[33764:33764:0723/154335.741939:INFO:aha/electron/shell/browser/aha_feature_list/aha_remote_state.cc:221] [RemoteState] PullSettings, query with url https://icube-normal.trae.ai/service/settings/v3/?os=linux&aid=1006732&aha_electron_version=39.2.7-release.1.37.3&device_id=7649334840105879056&app_aid=682161&app_version=3.5.62&app_region=us
[33764:33764:0723/154335.742529:INFO:aha/components/perf/collector/perf_collector_cpu.cc:117] PerfCollectorCPU created
[33764:33764:0723/154335.742572:INFO:aha/components/perf/electron/app_process_collector.cc:63] [perf]AppProcessCollector::AppProcessCollector, collect_cpu_interval: 5 s, collect_memory_interval: 60 s, update_process_interval: 60 s
[33764:33764:0723/154335.742585:INFO:aha/components/perf/process/process_collector.cc:43] [process collector debug] Start schedule cpu_interval=5000ms, memory_interval=60000ms, process_update_interval=60000ms
[33764:33764:0723/154335.742595:INFO:aha/components/perf/process/process_collector.cc:77] [process collector debug] use_shared_timer=0, has_cpu=1, has_memory=1
[33764:33764:0723/154335.742637:INFO:aha/components/perf/perf_abnormal_observer.cc:551] [PerfAbnormal] CreateInstance, 
[33764:33764:0723/154335.742646:INFO:aha/components/perf/perf_abnormal_observer.cc:516] [PerfAbnormal] PerfAbnormalObserver, 
[33764:33764:0723/154335.742664:INFO:aha/components/perf/process/process_type_provider.cc:26] [ProcessTypeProvider] ProcessTypeProvider, initialized
[33764:33764:0723/154335.742677:INFO:aha/components/perf/collector/perf_collector_base.cc:81] [perf collector][function=Start]  delay 300 seconds
[33764:33764:0723/154335.742696:INFO:aha/components/perf/collector/perf_collector_base.cc:81] [perf collector][function=Start]  delay 5 seconds
[33764:33764:0723/154335.742705:INFO:aha/components/perf/perf_manager_base.cc:448] [perf manager][function = AddProcess] add process:33764
[33764:33764:0723/154335.742735:INFO:aha/components/perf/collector/perf_collector_base.cc:29] [perf collector][function=ShouldCollectProcess] AddProcess pid:33764 cmd:/usr/share/trae/trae
[33764:33764:0723/154335.742747:INFO:aha/components/perf/collector/perf_collector_base.cc:29] [perf collector][function=ShouldCollectProcess] AddProcess pid:33764 cmd:/usr/share/trae/trae
[33764:33764:0723/154335.742760:INFO:aha/components/perf/collector/perf_collector_base.cc:29] [perf collector][function=ShouldCollectProcess] AddProcess pid:33764 cmd:/usr/share/trae/trae
[33764:33764:0723/154335.742768:INFO:aha/components/perf/collector/perf_collector_disk.cc:30] [perf collector][function=SetPath] PerfCollectorDisk::SetPath: 0
[33764:33764:0723/154335.742966:INFO:aha/components/memory_system/memory_system_manager.cc:43] MemorySystemManager::InitializeMemorySystem. process_gwp_asan_enable_list: NetworkService
[33764:33764:0723/154335.742978:INFO:aha/components/memory_system/memory_system_manager.cc:47] MemorySystemManager::InitializeMemorySystem. process: browser not enable for Gwp-Asan
[33764:33764:0723/154335.744393:INFO:aha/components/towel/common/master_impl.cc:39] [TOWEL][MasterImpl::AddAPWithId] add ap 1409681106
[33764:33764:0723/154335.744409:INFO:aha/components/towel/common/master_impl.cc:55] [TOWEL][MasterImpl::AddAP] add ap 1409681106
[33764:33764:0723/154335.744422:INFO:aha/components/towel/common/master_impl.cc:39] [TOWEL][MasterImpl::AddAPWithId] add ap 1059101657
[33764:33764:0723/154335.744429:INFO:aha/components/towel/common/master_impl.cc:55] [TOWEL][MasterImpl::AddAP] add ap 1059101657
[33764:33764:0723/154335.744442:INFO:aha/components/towel/common/master_impl.cc:39] [TOWEL][MasterImpl::AddAPWithId] add ap 1962914899
[33764:33764:0723/154335.744447:INFO:aha/components/towel/common/master_impl.cc:55] [TOWEL][MasterImpl::AddAP] add ap 1962914899
[33764:33764:0723/154335.745084:INFO:aha/components/towel/common/master_impl.cc:153] [TOWEL][MasterImpl::RegisterProvider] success BlockDetectorProvider provider size now is 1
[33764:33764:0723/154335.745111:INFO:aha/components/process_observer/aha_process_observer.cc:45] [process observer][process launched] type is:gpu-process, pid is:33818
[33764:33785:0723/154335.745129:INFO:aha/components/towel/embedder/master_binder.cc:60] [TOWEL]BindMasterInAnyProcess, ProcessType(2)
[33764:33785:0723/154335.745141:INFO:aha/components/towel/embedder/master_binder.cc:44] [TOWEL]BindMasterInBrowser, not in main thread, post.
[33764:33764:0723/154335.745133:INFO:aha/components/perf/perf_manager_base.cc:448] [perf manager][function = AddProcess] add process:33818
[33764:33785:0723/154335.745154:INFO:aha/components/towel/common/ap_impl.cc:26] [TOWEL][APImpl::APImpl] create ap, id is RoutingId(-1, 798075647)
[33764:33785:0723/154335.745159:INFO:aha/components/towel/common/ap_impl.cc:31] [TOWEL][APImpl] register to master, current id is RoutingId(-1, 798075647)
[33764:33764:0723/154335.745169:INFO:aha/components/perf/collector/perf_collector_base.cc:29] [perf collector][function=ShouldCollectProcess] AddProcess pid:33818 cmd:/usr/share/trae/trae --type=zygote --no-zygote-sandbox --crashpad-handler-pid=33766
[33764:33785:0723/154335.745175:INFO:aha/components/towel/common/static_routing_ap.cc:135] [TOWEL][StaticRoutingAP::TryAddPendingRequest] provider not ready, store request and wait. method monitor::MONITOR_EVENT
[33764:33785:0723/154335.745181:INFO:aha/components/towel/common/static_routing_ap.cc:144] [TOWEL][StaticRoutingAP] start timeout checker
[33764:33764:0723/154335.745182:INFO:aha/components/perf/collector/perf_collector_base.cc:29] [perf collector][function=ShouldCollectProcess] AddProcess pid:33818 cmd:/usr/share/trae/trae --type=zygote --no-zygote-sandbox --crashpad-handler-pid=33766
[33764:33764:0723/154335.745199:INFO:aha/components/perf/collector/perf_collector_base.cc:29] [perf collector][function=ShouldCollectProcess] AddProcess pid:33818 cmd:/usr/share/trae/trae --type=zygote --no-zygote-sandbox --crashpad-handler-pid=33766
[33764:33764:0723/154335.745497:INFO:aha/components/process_observer/aha_process_observer.cc:45] [process observer][process launched] type is:NetworkService, pid is:33827
[33764:33764:0723/154335.745517:INFO:aha/components/perf/perf_manager_base.cc:448] [perf manager][function = AddProcess] add process:33827
[33764:33785:0723/154335.745521:INFO:aha/components/towel/common/static_routing_ap.cc:135] [TOWEL][StaticRoutingAP::TryAddPendingRequest] provider not ready, store request and wait. method monitor::MONITOR_EVENT
[33764:33764:0723/154335.745543:INFO:aha/components/perf/collector/perf_collector_base.cc:29] [perf collector][function=ShouldCollectProcess] AddProcess pid:33827 cmd:/proc/self/exe --type=utility --utility-sub-type=network.mojom.NetworkService --lang=zh-CN --service-sandbox-type=none --render-node-override=/dev/dri/renderD129 --crashpad-handler-pid=33766 --enable-crash-reporter=cf0573c6-7444-4116-be82-e562a048b8e6,no_channel --user-data-dir=/home/eternity/.config/Trae --standard-schemes=vscode-webview,vscode-file --enable-sandbox --secure-schemes=vscode-webview,vscode-file --cors-schemes=vscode-webview,vscode-file --fetch-schemes=vscode-webview,vscode-file --service-worker-schemes=vscode-webview --code-cache-schemes=vscode-webview,vscode-file --shared-files=v8_context_snapshot_data:100 --field-trial-handle=3,i,10423738585097041841,11912227272196820433,262144 --enable-features=DocumentPolicyIncludeJSCallStacksInCrashReports,EarlyEstablishGpuChannel,EstablishGpuChannelAsync,PdfUseShowSaveFilePicker --disable-features=CalculateNativeWinOcclusion,LocalNetworkAccessChecks,ScreenAIOCREnabled,SpareRendererForSitePerProcess,TraceSiteInstanceGetProcessCreation --variations-seed-version --trace-process-track-uuid=3190708989122997041
[33764:33764:0723/154335.745568:INFO:aha/components/perf/collector/perf_collector_base.cc:29] [perf collector][function=ShouldCollectProcess] AddProcess pid:33827 cmd:/proc/self/exe --type=utility --utility-sub-type=network.mojom.NetworkService --lang=zh-CN --service-sandbox-type=none --render-node-override=/dev/dri/renderD129 --crashpad-handler-pid=33766 --enable-crash-reporter=cf0573c6-7444-4116-be82-e562a048b8e6,no_channel --user-data-dir=/home/eternity/.config/Trae --standard-schemes=vscode-webview,vscode-file --enable-sandbox --secure-schemes=vscode-webview,vscode-file --cors-schemes=vscode-webview,vscode-file --fetch-schemes=vscode-webview,vscode-file --service-worker-schemes=vscode-webview --code-cache-schemes=vscode-webview,vscode-file --shared-files=v8_context_snapshot_data:100 --field-trial-handle=3,i,10423738585097041841,11912227272196820433,262144 --enable-features=DocumentPolicyIncludeJSCallStacksInCrashReports,EarlyEstablishGpuChannel,EstablishGpuChannelAsync,PdfUseShowSaveFilePicker --disable-features=CalculateNativeWinOcclusion,LocalNetworkAccessChecks,ScreenAIOCREnabled,SpareRendererForSitePerProcess,TraceSiteInstanceGetProcessCreation --variations-seed-version --trace-process-track-uuid=3190708989122997041
[33764:33764:0723/154335.745586:INFO:aha/components/perf/collector/perf_collector_base.cc:29] [perf collector][function=ShouldCollectProcess] AddProcess pid:33827 cmd:/proc/self/exe --type=utility --utility-sub-type=network.mojom.NetworkService --lang=zh-CN --service-sandbox-type=none --render-node-override=/dev/dri/renderD129 --crashpad-handler-pid=33766 --enable-crash-reporter=cf0573c6-7444-4116-be82-e562a048b8e6,no_channel --user-data-dir=/home/eternity/.config/Trae --standard-schemes=vscode-webview,vscode-file --enable-sandbox --secure-schemes=vscode-webview,vscode-file --cors-schemes=vscode-webview,vscode-file --fetch-schemes=vscode-webview,vscode-file --service-worker-schemes=vscode-webview --code-cache-schemes=vscode-webview,vscode-file --shared-files=v8_context_snapshot_data:100 --field-trial-handle=3,i,10423738585097041841,11912227272196820433,262144 --enable-features=DocumentPolicyIncludeJSCallStacksInCrashReports,EarlyEstablishGpuChannel,EstablishGpuChannelAsync,PdfUseShowSaveFilePicker --disable-features=CalculateNativeWinOcclusion,LocalNetworkAccessChecks,ScreenAIOCREnabled,SpareRendererForSitePerProcess,TraceSiteInstanceGetProcessCreation --variations-seed-version --trace-process-track-uuid=3190708989122997041
[33764:33764:0723/154335.747214:INFO:aha/components/process_observer/aha_process_observer.cc:45] [process observer][process launched] type is:MonitorService, pid is:33829
[33764:33764:0723/154335.747235:INFO:aha/components/perf/perf_manager_base.cc:448] [perf manager][function = AddProcess] add process:33829
[33764:33785:0723/154335.747246:INFO:aha/components/towel/common/static_routing_ap.cc:135] [TOWEL][StaticRoutingAP::TryAddPendingRequest] provider not ready, store request and wait. method monitor::MONITOR_EVENT
[33764:33764:0723/154335.747260:INFO:aha/components/perf/collector/perf_collector_base.cc:29] [perf collector][function=ShouldCollectProcess] AddProcess pid:33829 cmd:/proc/self/exe --type=utility --utility-sub-type=monitor.mojom.MonitorService --lang=zh-CN --service-sandbox-type=none --render-node-override=/dev/dri/renderD129 --crashpad-handler-pid=33766 --enable-crash-reporter=cf0573c6-7444-4116-be82-e562a048b8e6,no_channel --user-data-dir=/home/eternity/.config/Trae --standard-schemes=vscode-webview,vscode-file --enable-sandbox --secure-schemes=vscode-webview,vscode-file --cors-schemes=vscode-webview,vscode-file --fetch-schemes=vscode-webview,vscode-file --service-worker-schemes=vscode-webview --code-cache-schemes=vscode-webview,vscode-file --shared-files=v8_context_snapshot_data:100 --field-trial-handle=3,i,10423738585097041841,11912227272196820433,262144 --enable-features=DocumentPolicyIncludeJSCallStacksInCrashReports,EarlyEstablishGpuChannel,EstablishGpuChannelAsync,PdfUseShowSaveFilePicker --disable-features=CalculateNativeWinOcclusion,LocalNetworkAccessChecks,ScreenAIOCREnabled,SpareRendererForSitePerProcess,TraceSiteInstanceGetProcessCreation --variations-seed-version --trace-process-track-uuid=3190708990060038890
[33764:33764:0723/154335.747283:INFO:aha/components/perf/collector/perf_collector_base.cc:29] [perf collector][function=ShouldCollectProcess] AddProcess pid:33829 cmd:/proc/self/exe --type=utility --utility-sub-type=monitor.mojom.MonitorService --lang=zh-CN --service-sandbox-type=none --render-node-override=/dev/dri/renderD129 --crashpad-handler-pid=33766 --enable-crash-reporter=cf0573c6-7444-4116-be82-e562a048b8e6,no_channel --user-data-dir=/home/eternity/.config/Trae --standard-schemes=vscode-webview,vscode-file --enable-sandbox --secure-schemes=vscode-webview,vscode-file --cors-schemes=vscode-webview,vscode-file --fetch-schemes=vscode-webview,vscode-file --service-worker-schemes=vscode-webview --code-cache-schemes=vscode-webview,vscode-file --shared-files=v8_context_snapshot_data:100 --field-trial-handle=3,i,10423738585097041841,11912227272196820433,262144 --enable-features=DocumentPolicyIncludeJSCallStacksInCrashReports,EarlyEstablishGpuChannel,EstablishGpuChannelAsync,PdfUseShowSaveFilePicker --disable-features=CalculateNativeWinOcclusion,LocalNetworkAccessChecks,ScreenAIOCREnabled,SpareRendererForSitePerProcess,TraceSiteInstanceGetProcessCreation --variations-seed-version --trace-process-track-uuid=3190708990060038890
[33764:33764:0723/154335.747299:INFO:aha/components/perf/collector/perf_collector_base.cc:29] [perf collector][function=ShouldCollectProcess] AddProcess pid:33829 cmd:/proc/self/exe --type=utility --utility-sub-type=monitor.mojom.MonitorService --lang=zh-CN --service-sandbox-type=none --render-node-override=/dev/dri/renderD129 --crashpad-handler-pid=33766 --enable-crash-reporter=cf0573c6-7444-4116-be82-e562a048b8e6,no_channel --user-data-dir=/home/eternity/.config/Trae --standard-schemes=vscode-webview,vscode-file --enable-sandbox --secure-schemes=vscode-webview,vscode-file --cors-schemes=vscode-webview,vscode-file --fetch-schemes=vscode-webview,vscode-file --service-worker-schemes=vscode-webview --code-cache-schemes=vscode-webview,vscode-file --shared-files=v8_context_snapshot_data:100 --field-trial-handle=3,i,10423738585097041841,11912227272196820433,262144 --enable-features=DocumentPolicyIncludeJSCallStacksInCrashReports,EarlyEstablishGpuChannel,EstablishGpuChannelAsync,PdfUseShowSaveFilePicker --disable-features=CalculateNativeWinOcclusion,LocalNetworkAccessChecks,ScreenAIOCREnabled,SpareRendererForSitePerProcess,TraceSiteInstanceGetProcessCreation --variations-seed-version --trace-process-track-uuid=3190708990060038890
[33764:33764:0723/154335.747321:INFO:aha/components/perf/collector/perf_collector_system.cc:55] get manufacturer:MECHREVO
[33764:33764:0723/154335.747334:INFO:aha/components/perf/perf_manager_base.cc:418] [perf manager][function = RecordLaunchInner] [device info] , total_memory:31248, sys_uptime:239, cpu_count:16, cpu_model:AMD Ryzen 7 7745HX with Radeon Graphics, sys_version:7.1.4-zen1-1-zen, hardware_model:, manufacturer:MECHREVO, touch_screen_availability:0, app_arch:x86_64, chip_arch:x86_64
[33764:33785:0723/154335.747339:INFO:aha/components/towel/common/static_routing_ap.cc:135] [TOWEL][StaticRoutingAP::TryAddPendingRequest] provider not ready, store request and wait. method monitor::MONITOR_EVENT
[33764:33764:0723/154335.747346:INFO:aha/components/perf/perf_manager_base.cc:629] [perf manager][function = CollectDiskInfo]  PerfManagerBase::CollectDiskInfo 
[33764:33785:0723/154335.747348:INFO:aha/components/towel/common/static_routing_ap.cc:135] [TOWEL][StaticRoutingAP::TryAddPendingRequest] provider not ready, store request and wait. method monitor::MONITOR_EVENT
[33764:33785:0723/154335.747364:INFO:aha/components/perf/collector/perf_collector_disk.cc:14] [perf collector][function=Collect] PerfCollectorDisk::Collect: 1
[33764:33764:0723/154335.747422:INFO:aha/components/towel/common/ap_impl.cc:416] [TOWEL][APImpl::OnAddToMaster] real_id is RoutingId(33764, 1409681106), fake_id is RoutingId(-1, 1624094354)
[33764:33764:0723/154335.747428:INFO:aha/components/towel/common/ap_impl.cc:594] [TOWEL][APImpl::ListensEvents] start, RoutingId(33764, 1409681106)
[33764:33764:0723/154335.747436:INFO:aha/components/towel/common/ap_impl.cc:596] [TOWEL][APImpl::ListensEvents] no pending_listen_requests_, do nothing
[33764:33764:0723/154335.747456:INFO:aha/components/towel/common/master_impl.cc:193] [TOWEL][MasterImpl::GetAllProviders] provider size is 1 given size is 1
[33764:33764:0723/154335.747468:INFO:aha/components/towel/common/ap_impl.cc:416] [TOWEL][APImpl::OnAddToMaster] real_id is RoutingId(33764, 1059101657), fake_id is RoutingId(-1, 724145722)
[33764:33764:0723/154335.747473:INFO:aha/components/towel/common/ap_impl.cc:594] [TOWEL][APImpl::ListensEvents] start, RoutingId(33764, 1059101657)
[33764:33764:0723/154335.747477:INFO:aha/components/towel/common/ap_impl.cc:596] [TOWEL][APImpl::ListensEvents] no pending_listen_requests_, do nothing
[33764:33764:0723/154335.747486:INFO:aha/components/towel/common/master_impl.cc:193] [TOWEL][MasterImpl::GetAllProviders] provider size is 1 given size is 1
[33764:33764:0723/154335.747496:INFO:aha/components/towel/common/ap_impl.cc:416] [TOWEL][APImpl::OnAddToMaster] real_id is RoutingId(33764, 1962914899), fake_id is RoutingId(-1, 724145722)
[33764:33764:0723/154335.747500:INFO:aha/components/towel/common/ap_impl.cc:594] [TOWEL][APImpl::ListensEvents] start, RoutingId(33764, 1962914899)
[33764:33764:0723/154335.747504:INFO:aha/components/towel/common/ap_impl.cc:596] [TOWEL][APImpl::ListensEvents] no pending_listen_requests_, do nothing
[33764:33764:0723/154335.747514:INFO:aha/components/towel/common/master_impl.cc:193] [TOWEL][MasterImpl::GetAllProviders] provider size is 1 given size is 1
[33764:33764:0723/154335.747574:INFO:aha/components/towel/common/ap_impl.cc:406] [TOWEL][APImpl::OnProviderAdded] provider_name BlockDetectorProvider, RoutingId(33764, 1059101657)
[33764:33764:0723/154335.747584:INFO:aha/components/towel/common/static_routing_ap.cc:181] [TOWEL][StaticRoutingAP::RunPendingRequestAndEvents] provider_name= BlockDetectorProvider
[33764:33764:0723/154335.747597:INFO:aha/components/towel/common/ap_impl.cc:406] [TOWEL][APImpl::OnProviderAdded] provider_name BlockDetectorProvider, RoutingId(33764, 1409681106)
[33764:33764:0723/154335.747602:INFO:aha/components/ipc/ipc_client.cc:172] [AhaIpc] provider connected, name: BlockDetectorProvider
[33764:33764:0723/154335.747606:INFO:aha/components/towel/common/static_routing_ap.cc:181] [TOWEL][StaticRoutingAP::RunPendingRequestAndEvents] provider_name= BlockDetectorProvider
[33764:33764:0723/154335.747618:INFO:aha/components/towel/common/ap_impl.cc:406] [TOWEL][APImpl::OnProviderAdded] provider_name BlockDetectorProvider, RoutingId(33764, 1962914899)
[33764:33764:0723/154335.747623:INFO:aha/components/towel/common/static_routing_ap.cc:181] [TOWEL][StaticRoutingAP::RunPendingRequestAndEvents] provider_name= BlockDetectorProvider
[33764:33764:0723/154335.747631:INFO:aha/components/towel/embedder/master_binder.cc:52] [TOWEL]BindMasterInBrowser, ProcessType(2)
[33764:33764:0723/154335.747641:INFO:aha/components/towel/embedder/master_binder.cc:55] [TOWEL]BindMasterInBrowser, run in main thread, bind.
[33764:33811:0723/154335.752154:INFO:aha/components/perf/process/process_tree_provider.cc:255] [ProcessTreeProvider] UpdateInternal cost: 9ms
[33764:33811:0723/154335.752298:INFO:aha/components/perf/process/process_collector_worker_thread.cc:85] [process collector] DoCollectProcessInfo cost: 9ms
[33764:33764:0723/154335.754972:INFO:aha/components/perf/perf_logger.cc:36] [perf logger] [disk] free:142048MB total:372736MB
[33764:33785:0723/154335.754983:INFO:aha/components/towel/common/static_routing_ap.cc:135] [TOWEL][StaticRoutingAP::TryAddPendingRequest] provider not ready, store request and wait. method monitor::MONITOR_EVENT
[33764:33764:0723/154335.755013:INFO:aha/components/towel/common/ap_impl.cc:511] [TOWEL][APImpl::OnGetAllProviders]: RoutingId(33764, 1409681106) provider size 1
[33764:33764:0723/154335.755029:INFO:aha/components/towel/common/ap_impl.cc:520] [TOWEL][APImpl::OnGetAllProviders] add provider BlockDetectorProvider
[33764:33764:0723/154335.755047:INFO:aha/components/towel/common/static_routing_ap.cc:181] [TOWEL][StaticRoutingAP::RunPendingRequestAndEvents] provider_name= BlockDetectorProvider
[33764:33764:0723/154335.755067:INFO:aha/components/towel/common/ap_impl.cc:511] [TOWEL][APImpl::OnGetAllProviders]: RoutingId(33764, 1059101657) provider size 1
[33764:33764:0723/154335.755074:INFO:aha/components/towel/common/ap_impl.cc:520] [TOWEL][APImpl::OnGetAllProviders] add provider BlockDetectorProvider
[33764:33764:0723/154335.755081:INFO:aha/components/towel/common/static_routing_ap.cc:181] [TOWEL][StaticRoutingAP::RunPendingRequestAndEvents] provider_name= BlockDetectorProvider
[33764:33764:0723/154335.755090:INFO:aha/components/towel/common/ap_impl.cc:511] [TOWEL][APImpl::OnGetAllProviders]: RoutingId(33764, 1962914899) provider size 1
[33764:33764:0723/154335.755097:INFO:aha/components/towel/common/ap_impl.cc:520] [TOWEL][APImpl::OnGetAllProviders] add provider BlockDetectorProvider
[33764:33764:0723/154335.755110:INFO:aha/components/towel/common/static_routing_ap.cc:181] [TOWEL][StaticRoutingAP::RunPendingRequestAndEvents] provider_name= BlockDetectorProvider
[33764:33764:0723/154335.755170:INFO:aha/components/towel/public/provider.cc:196] [TOWEL][Provider::GetMetaInfo] provider BlockDetectorProvider, method_size is 1 method_list is BlockDetector::HEART_BEAT
[33764:33764:0723/154335.755187:INFO:aha/components/towel/common/master_impl.cc:39] [TOWEL][MasterImpl::AddAPWithId] add ap 1622696390
[33764:33764:0723/154335.755196:INFO:aha/components/towel/common/master_impl.cc:55] [TOWEL][MasterImpl::AddAP] add ap 1622696390
[33764:33785:0723/154335.755207:INFO:aha/components/towel/common/ap_impl.cc:416] [TOWEL][APImpl::OnAddToMaster] real_id is RoutingId(33764, 1622696390), fake_id is RoutingId(-1, 798075647)
[33764:33785:0723/154335.755217:INFO:aha/components/towel/common/ap_impl.cc:594] [TOWEL][APImpl::ListensEvents] start, RoutingId(33764, 1622696390)
[33764:33785:0723/154335.755224:INFO:aha/components/towel/common/ap_impl.cc:596] [TOWEL][APImpl::ListensEvents] no pending_listen_requests_, do nothing
[33764:33764:0723/154335.755597:INFO:aha/components/towel/public/provider.cc:196] [TOWEL][Provider::GetMetaInfo] provider BlockDetectorProvider, method_size is 1 method_list is BlockDetector::HEART_BEAT
[33764:33764:0723/154335.755613:INFO:aha/components/towel/public/provider.cc:196] [TOWEL][Provider::GetMetaInfo] provider BlockDetectorProvider, method_size is 1 method_list is BlockDetector::HEART_BEAT
[33764:33764:0723/154335.755624:INFO:aha/components/towel/public/provider.cc:196] [TOWEL][Provider::GetMetaInfo] provider BlockDetectorProvider, method_size is 1 method_list is BlockDetector::HEART_BEAT
[33764:33764:0723/154335.755631:INFO:aha/components/towel/public/provider.cc:196] [TOWEL][Provider::GetMetaInfo] provider BlockDetectorProvider, method_size is 1 method_list is BlockDetector::HEART_BEAT
[33764:33764:0723/154335.755639:INFO:aha/components/towel/public/provider.cc:196] [TOWEL][Provider::GetMetaInfo] provider BlockDetectorProvider, method_size is 1 method_list is BlockDetector::HEART_BEAT
[33764:33764:0723/154335.755648:INFO:aha/components/towel/common/ap_impl.cc:530] [TOWEL][APImpl::OnGetProviderMetaInfo]: RoutingId(33764, 1059101657) provider BlockDetectorProvider
[33764:33764:0723/154335.755653:INFO:aha/components/towel/common/ap_impl.cc:540] [TOWEL][APImpl::OnGetProviderMetaInfo] update meta info for BlockDetectorProvider method_list is BlockDetector::HEART_BEAT, event_list is 
[33764:33764:0723/154335.755657:INFO:aha/components/towel/common/static_routing_ap.cc:181] [TOWEL][StaticRoutingAP::RunPendingRequestAndEvents] provider_name= BlockDetectorProvider
[33764:33764:0723/154335.755669:INFO:aha/components/towel/common/master_impl.cc:193] [TOWEL][MasterImpl::GetAllProviders] provider size is 1 given size is 1
[33764:33785:0723/154335.755689:INFO:aha/components/towel/common/ap_impl.cc:511] [TOWEL][APImpl::OnGetAllProviders]: RoutingId(33764, 1622696390) provider size 1
[33764:33785:0723/154335.755707:INFO:aha/components/towel/common/ap_impl.cc:520] [TOWEL][APImpl::OnGetAllProviders] add provider BlockDetectorProvider
[33764:33785:0723/154335.755718:INFO:aha/components/towel/common/static_routing_ap.cc:181] [TOWEL][StaticRoutingAP::RunPendingRequestAndEvents] provider_name= BlockDetectorProvider
[33764:33764:0723/154335.755741:INFO:aha/components/towel/common/ap_impl.cc:530] [TOWEL][APImpl::OnGetProviderMetaInfo]: RoutingId(33764, 1409681106) provider BlockDetectorProvider
[33764:33764:0723/154335.755748:INFO:aha/components/towel/common/ap_impl.cc:540] [TOWEL][APImpl::OnGetProviderMetaInfo] update meta info for BlockDetectorProvider method_list is BlockDetector::HEART_BEAT, event_list is 
[33764:33764:0723/154335.755753:INFO:aha/components/towel/common/static_routing_ap.cc:181] [TOWEL][StaticRoutingAP::RunPendingRequestAndEvents] provider_name= BlockDetectorProvider
[33764:33764:0723/154335.755760:INFO:aha/components/towel/common/ap_impl.cc:530] [TOWEL][APImpl::OnGetProviderMetaInfo]: RoutingId(33764, 1962914899) provider BlockDetectorProvider
[33764:33764:0723/154335.755764:INFO:aha/components/towel/common/ap_impl.cc:540] [TOWEL][APImpl::OnGetProviderMetaInfo] update meta info for BlockDetectorProvider method_list is BlockDetector::HEART_BEAT, event_list is 
[33764:33764:0723/154335.755768:INFO:aha/components/towel/common/static_routing_ap.cc:181] [TOWEL][StaticRoutingAP::RunPendingRequestAndEvents] provider_name= BlockDetectorProvider
[33764:33764:0723/154335.755808:INFO:aha/components/towel/public/provider.cc:196] [TOWEL][Provider::GetMetaInfo] provider BlockDetectorProvider, method_size is 1 method_list is BlockDetector::HEART_BEAT
[33764:33785:0723/154335.755822:INFO:aha/components/towel/common/ap_impl.cc:530] [TOWEL][APImpl::OnGetProviderMetaInfo]: RoutingId(33764, 1622696390) provider BlockDetectorProvider
[33764:33785:0723/154335.755827:INFO:aha/components/towel/common/ap_impl.cc:540] [TOWEL][APImpl::OnGetProviderMetaInfo] update meta info for BlockDetectorProvider method_list is BlockDetector::HEART_BEAT, event_list is 
[33764:33785:0723/154335.755832:INFO:aha/components/towel/common/static_routing_ap.cc:181] [TOWEL][StaticRoutingAP::RunPendingRequestAndEvents] provider_name= BlockDetectorProvider
[33764:33811:0723/154335.757994:INFO:aha/components/perf/process/process_collector_worker_thread.cc:85] [process collector] DoCollectProcessInfo cost: 5ms
[33764:33811:0723/154335.758011:INFO:aha/components/perf/process/process_type_provider.cc:105] [ProcessTypeProvider] AddProcessOnTaskRunner, pid 33818, type gpu-process
[33764:33811:0723/154335.758021:INFO:aha/components/perf/process/process_type_provider.cc:105] [ProcessTypeProvider] AddProcessOnTaskRunner, pid 33827, type NetworkService
[33764:33811:0723/154335.758026:INFO:aha/components/perf/process/process_type_provider.cc:105] [ProcessTypeProvider] AddProcessOnTaskRunner, pid 33829, type MonitorService
[33764:33764:0723/154335.804718:INFO:aha/components/tiny_storage/tiny_storage.cc:77] [TinyStorage] Save
[33764:33764:0723/154335.804766:INFO:aha/components/towel/common/static_routing_ap.cc:135] [TOWEL][StaticRoutingAP::TryAddPendingRequest] provider not ready, store request and wait. method AhaNet::UpdateAhaNetAccessPolicy
[33764:33764:0723/154335.804773:INFO:aha/components/towel/common/static_routing_ap.cc:144] [TOWEL][StaticRoutingAP] start timeout checker
[33764:33764:0723/154335.811314:ERROR:electron/shell/browser/electron_browser_client.cc:1997] bind receiver for utility
[33764:33764:0723/154335.811326:INFO:aha/components/towel/embedder/master_binder.cc:52] [TOWEL]BindMasterInBrowser, ProcessType(2)
[33764:33764:0723/154335.811337:INFO:aha/components/towel/embedder/master_binder.cc:55] [TOWEL]BindMasterInBrowser, run in main thread, bind.
[33764:33764:0723/154335.811387:ERROR:electron/shell/browser/electron_browser_client.cc:1997] bind receiver for utility
[33764:33764:0723/154335.811392:INFO:aha/components/towel/embedder/master_binder.cc:52] [TOWEL]BindMasterInBrowser, ProcessType(2)
[33764:33764:0723/154335.811399:INFO:aha/components/towel/embedder/master_binder.cc:55] [TOWEL]BindMasterInBrowser, run in main thread, bind.
[33764:33764:0723/154335.841646:INFO:aha/components/towel/common/master_impl.cc:153] [TOWEL][MasterImpl::RegisterProvider] success AhaNet provider size now is 2
[33764:33785:0723/154335.841667:INFO:aha/components/towel/common/ap_impl.cc:406] [TOWEL][APImpl::OnProviderAdded] provider_name AhaNet, RoutingId(33764, 1622696390)
[33764:33785:0723/154335.841679:INFO:aha/components/monitor/monitor.cc:173] [Monitor] OnProviderConnected: OnProviderConnected, name: AhaNet
[33764:33785:0723/154335.841685:INFO:aha/components/towel/common/static_routing_ap.cc:181] [TOWEL][StaticRoutingAP::RunPendingRequestAndEvents] provider_name= AhaNet
[33764:33764:0723/154335.841703:INFO:aha/components/towel/common/master_impl.cc:153] [TOWEL][MasterImpl::RegisterProvider] success monitor provider size now is 3
[33764:33785:0723/154335.841709:INFO:aha/components/towel/common/ap_impl.cc:406] [TOWEL][APImpl::OnProviderAdded] provider_name monitor, RoutingId(33764, 1622696390)
[33764:33785:0723/154335.841713:INFO:aha/components/monitor/monitor.cc:173] [Monitor] OnProviderConnected: OnProviderConnected, name: monitor
[33764:33785:0723/154335.841717:INFO:aha/components/towel/common/static_routing_ap.cc:181] [TOWEL][StaticRoutingAP::RunPendingRequestAndEvents] provider_name= monitor
[33764:33785:0723/154335.841721:INFO:aha/components/towel/common/static_routing_ap.cc:217] [TOWEL][StaticRoutingAP::RunPendingRequestAndEvents] run pending requests, method= monitor::MONITOR_EVENT
[33764:33785:0723/154335.841732:INFO:aha/components/towel/common/static_routing_ap.cc:217] [TOWEL][StaticRoutingAP::RunPendingRequestAndEvents] run pending requests, method= monitor::MONITOR_EVENT
[33764:33785:0723/154335.841740:INFO:aha/components/towel/common/static_routing_ap.cc:217] [TOWEL][StaticRoutingAP::RunPendingRequestAndEvents] run pending requests, method= monitor::MONITOR_EVENT
[33764:33785:0723/154335.841747:INFO:aha/components/towel/common/static_routing_ap.cc:217] [TOWEL][StaticRoutingAP::RunPendingRequestAndEvents] run pending requests, method= monitor::MONITOR_EVENT
[33764:33785:0723/154335.841754:INFO:aha/components/towel/common/static_routing_ap.cc:217] [TOWEL][StaticRoutingAP::RunPendingRequestAndEvents] run pending requests, method= monitor::MONITOR_EVENT
[33764:33785:0723/154335.841762:INFO:aha/components/towel/common/static_routing_ap.cc:217] [TOWEL][StaticRoutingAP::RunPendingRequestAndEvents] run pending requests, method= monitor::MONITOR_EVENT
[33764:33785:0723/154335.841773:INFO:aha/components/towel/common/ap_impl.cc:530] [TOWEL][APImpl::OnGetProviderMetaInfo]: RoutingId(33764, 1622696390) provider AhaNet
[33764:33785:0723/154335.841777:INFO:aha/components/towel/common/ap_impl.cc:540] [TOWEL][APImpl::OnGetProviderMetaInfo] update meta info for AhaNet method_list is AhaNet::UpdateAhaNetAccessPolicy|AhaNet::UpdateTNCConfig|AhaNet::SetProxy|AhaNet::WsCreate|AhaNet::WsConnect|AhaNet::WsSend|AhaNet::WsDisconnect|AhaNet::WsDestroy, event_list is AhaNet::WsMessage|AhaNet::WsStatusChanged|AhaNet::WsError|AhaNet::TNCConfigUpdated
[33764:33785:0723/154335.841782:INFO:aha/components/towel/common/static_routing_ap.cc:181] [TOWEL][StaticRoutingAP::RunPendingRequestAndEvents] provider_name= AhaNet
[33764:33785:0723/154335.841839:INFO:aha/components/towel/common/ap_impl.cc:530] [TOWEL][APImpl::OnGetProviderMetaInfo]: RoutingId(33764, 1622696390) provider monitor
[33764:33785:0723/154335.841843:INFO:aha/components/towel/common/ap_impl.cc:540] [TOWEL][APImpl::OnGetProviderMetaInfo] update meta info for monitor method_list is monitor::MONITOR_EVENT|monitor::UPLOAD_LOGS|monitor::TOGGLE_LOGIFIER|monitor::REPORT_NETWORK_EVENT|monitor::REPORT_SLARDAR_WEB|monitor::REPORT_CPU_PROFILE|monitor::REPORT_SNAPSHOT|monitor::REPORT_CUSTOM_EXCEPTION, event_list is 
[33764:33785:0723/154335.841848:INFO:aha/components/towel/common/static_routing_ap.cc:181] [TOWEL][StaticRoutingAP::RunPendingRequestAndEvents] provider_name= monitor
[33764:33764:0723/154335.842540:INFO:aha/components/towel/common/ap_impl.cc:406] [TOWEL][APImpl::OnProviderAdded] provider_name AhaNet, RoutingId(33764, 1059101657)
[33764:33764:0723/154335.842556:INFO:aha/components/towel/common/static_routing_ap.cc:181] [TOWEL][StaticRoutingAP::RunPendingRequestAndEvents] provider_name= AhaNet
[33764:33764:0723/154335.842580:INFO:aha/components/towel/common/ap_impl.cc:406] [TOWEL][APImpl::OnProviderAdded] provider_name AhaNet, RoutingId(33764, 1409681106)
[33764:33764:0723/154335.842586:INFO:aha/components/ipc/ipc_client.cc:172] [AhaIpc] provider connected, name: AhaNet
[33764:33764:0723/154335.842591:INFO:aha/components/towel/common/static_routing_ap.cc:181] [TOWEL][StaticRoutingAP::RunPendingRequestAndEvents] provider_name= AhaNet
[33764:33764:0723/154335.842609:INFO:aha/components/towel/common/ap_impl.cc:406] [TOWEL][APImpl::OnProviderAdded] provider_name AhaNet, RoutingId(33764, 1962914899)
[33764:33764:0723/154335.842614:INFO:aha/services/aha_net/aha_net_client_impl.cc:80] AhaNet provider connected
[33764:33764:0723/154335.842619:INFO:aha/services/aha_net/aha_net_client_impl.cc:82] listen to provider
[33764:33764:0723/154335.842625:WARNING:aha/components/towel/common/ap_impl.cc:220] [TOWEL][APImpl::ListensEvents] no provider for event AhaNet::TNCConfigUpdated
[33764:33764:0723/154335.842631:INFO:aha/components/towel/common/ap_impl.cc:594] [TOWEL][APImpl::ListensEvents] start, RoutingId(33764, 1962914899)
[33764:33764:0723/154335.842635:INFO:aha/components/towel/common/ap_impl.cc:596] [TOWEL][APImpl::ListensEvents] no pending_listen_requests_, do nothing
[33764:33764:0723/154335.842640:INFO:aha/components/towel/common/static_routing_ap.cc:171] [TOWEL][StaticRoutingAP::TryAddPendingEvents] provider not ready, store event and wait. event AhaNet::TNCConfigUpdated
[33764:33764:0723/154335.842645:INFO:aha/components/towel/common/static_routing_ap.cc:181] [TOWEL][StaticRoutingAP::RunPendingRequestAndEvents] provider_name= AhaNet
[33764:33764:0723/154335.842648:INFO:aha/components/towel/common/static_routing_ap.cc:195] [TOWEL][StaticRoutingAP::RunPendingEvents] run pending events, event_list is AhaNet::TNCConfigUpdated,AhaNet::TNCConfigUpdated
[33764:33764:0723/154335.842656:INFO:aha/components/towel/common/static_routing_ap.cc:217] [TOWEL][StaticRoutingAP::RunPendingRequestAndEvents] run pending requests, method= AhaNet::UpdateAhaNetAccessPolicy
[33764:33764:0723/154335.843669:INFO:aha/components/towel/common/ap_impl.cc:530] [TOWEL][APImpl::OnGetProviderMetaInfo]: RoutingId(33764, 1059101657) provider AhaNet
[33764:33764:0723/154335.843679:INFO:aha/components/towel/common/ap_impl.cc:540] [TOWEL][APImpl::OnGetProviderMetaInfo] update meta info for AhaNet method_list is AhaNet::UpdateAhaNetAccessPolicy|AhaNet::UpdateTNCConfig|AhaNet::SetProxy|AhaNet::WsCreate|AhaNet::WsConnect|AhaNet::WsSend|AhaNet::WsDisconnect|AhaNet::WsDestroy, event_list is AhaNet::WsMessage|AhaNet::WsStatusChanged|AhaNet::WsError|AhaNet::TNCConfigUpdated
[33764:33764:0723/154335.843686:INFO:aha/components/towel/common/static_routing_ap.cc:181] [TOWEL][StaticRoutingAP::RunPendingRequestAndEvents] provider_name= AhaNet
[33764:33764:0723/154335.843703:INFO:aha/components/towel/common/ap_impl.cc:406] [TOWEL][APImpl::OnProviderAdded] provider_name monitor, RoutingId(33764, 1059101657)
[33764:33764:0723/154335.843708:INFO:aha/components/towel/common/static_routing_ap.cc:181] [TOWEL][StaticRoutingAP::RunPendingRequestAndEvents] provider_name= monitor
[33764:33764:0723/154335.843715:INFO:aha/components/towel/common/ap_impl.cc:530] [TOWEL][APImpl::OnGetProviderMetaInfo]: RoutingId(33764, 1409681106) provider AhaNet
[33764:33764:0723/154335.843719:INFO:aha/components/towel/common/ap_impl.cc:540] [TOWEL][APImpl::OnGetProviderMetaInfo] update meta info for AhaNet method_list is AhaNet::UpdateAhaNetAccessPolicy|AhaNet::UpdateTNCConfig|AhaNet::SetProxy|AhaNet::WsCreate|AhaNet::WsConnect|AhaNet::WsSend|AhaNet::WsDisconnect|AhaNet::WsDestroy, event_list is AhaNet::WsMessage|AhaNet::WsStatusChanged|AhaNet::WsError|AhaNet::TNCConfigUpdated
[33764:33764:0723/154335.843724:INFO:aha/components/towel/common/static_routing_ap.cc:181] [TOWEL][StaticRoutingAP::RunPendingRequestAndEvents] provider_name= AhaNet
[33764:33764:0723/154335.843739:INFO:aha/components/towel/common/ap_impl.cc:406] [TOWEL][APImpl::OnProviderAdded] provider_name monitor, RoutingId(33764, 1409681106)
[33764:33764:0723/154335.843748:INFO:aha/components/ipc/ipc_client.cc:172] [AhaIpc] provider connected, name: monitor
[33764:33764:0723/154335.843754:INFO:aha/components/towel/common/static_routing_ap.cc:181] [TOWEL][StaticRoutingAP::RunPendingRequestAndEvents] provider_name= monitor
[33764:33764:0723/154335.843764:INFO:aha/components/towel/common/ap_impl.cc:530] [TOWEL][APImpl::OnGetProviderMetaInfo]: RoutingId(33764, 1962914899) provider AhaNet
[33764:33764:0723/154335.843770:INFO:aha/components/towel/common/ap_impl.cc:540] [TOWEL][APImpl::OnGetProviderMetaInfo] update meta info for AhaNet method_list is AhaNet::UpdateAhaNetAccessPolicy|AhaNet::UpdateTNCConfig|AhaNet::SetProxy|AhaNet::WsCreate|AhaNet::WsConnect|AhaNet::WsSend|AhaNet::WsDisconnect|AhaNet::WsDestroy, event_list is AhaNet::WsMessage|AhaNet::WsStatusChanged|AhaNet::WsError|AhaNet::TNCConfigUpdated
[33764:33764:0723/154335.843775:INFO:aha/components/towel/common/static_routing_ap.cc:181] [TOWEL][StaticRoutingAP::RunPendingRequestAndEvents] provider_name= AhaNet
[33764:33764:0723/154335.843789:INFO:aha/components/towel/common/ap_impl.cc:406] [TOWEL][APImpl::OnProviderAdded] provider_name monitor, RoutingId(33764, 1962914899)
[33764:33764:0723/154335.843794:INFO:aha/components/towel/common/static_routing_ap.cc:181] [TOWEL][StaticRoutingAP::RunPendingRequestAndEvents] provider_name= monitor
[33764:33764:0723/154335.843821:INFO:aha/components/towel/common/master_impl.cc:78] [TOWEL][MasterImpl::BindAP] success for 1962914899
[33764:33785:0723/154335.845762:INFO:aha/components/towel/common/static_routing_ap.cc:244] [TOWEL]run timeout checker
[33764:33785:0723/154335.845770:INFO:aha/components/towel/common/static_routing_ap.cc:267] [TOWEL]stop timeout checker
[33764:33764:0723/154335.853499:INFO:aha/components/towel/common/ap_impl.cc:530] [TOWEL][APImpl::OnGetProviderMetaInfo]: RoutingId(33764, 1059101657) provider monitor
[33764:33764:0723/154335.853510:INFO:aha/components/towel/common/ap_impl.cc:540] [TOWEL][APImpl::OnGetProviderMetaInfo] update meta info for monitor method_list is monitor::MONITOR_EVENT|monitor::UPLOAD_LOGS|monitor::TOGGLE_LOGIFIER|monitor::REPORT_NETWORK_EVENT|monitor::REPORT_SLARDAR_WEB|monitor::REPORT_CPU_PROFILE|monitor::REPORT_SNAPSHOT|monitor::REPORT_CUSTOM_EXCEPTION, event_list is 
[33764:33764:0723/154335.853517:INFO:aha/components/towel/common/static_routing_ap.cc:181] [TOWEL][StaticRoutingAP::RunPendingRequestAndEvents] provider_name= monitor
[33764:33764:0723/154335.853527:INFO:aha/components/towel/common/ap_impl.cc:530] [TOWEL][APImpl::OnGetProviderMetaInfo]: RoutingId(33764, 1409681106) provider monitor
[33764:33764:0723/154335.853532:INFO:aha/components/towel/common/ap_impl.cc:540] [TOWEL][APImpl::OnGetProviderMetaInfo] update meta info for monitor method_list is monitor::MONITOR_EVENT|monitor::UPLOAD_LOGS|monitor::TOGGLE_LOGIFIER|monitor::REPORT_NETWORK_EVENT|monitor::REPORT_SLARDAR_WEB|monitor::REPORT_CPU_PROFILE|monitor::REPORT_SNAPSHOT|monitor::REPORT_CUSTOM_EXCEPTION, event_list is 
[33764:33764:0723/154335.853536:INFO:aha/components/towel/common/static_routing_ap.cc:181] [TOWEL][StaticRoutingAP::RunPendingRequestAndEvents] provider_name= monitor
[33764:33764:0723/154335.853564:INFO:aha/components/towel/common/ap_impl.cc:530] [TOWEL][APImpl::OnGetProviderMetaInfo]: RoutingId(33764, 1962914899) provider monitor
[33764:33764:0723/154335.853569:INFO:aha/components/towel/common/ap_impl.cc:540] [TOWEL][APImpl::OnGetProviderMetaInfo] update meta info for monitor method_list is monitor::MONITOR_EVENT|monitor::UPLOAD_LOGS|monitor::TOGGLE_LOGIFIER|monitor::REPORT_NETWORK_EVENT|monitor::REPORT_SLARDAR_WEB|monitor::REPORT_CPU_PROFILE|monitor::REPORT_SNAPSHOT|monitor::REPORT_CUSTOM_EXCEPTION, event_list is 
[33764:33764:0723/154335.853573:INFO:aha/components/towel/common/static_routing_ap.cc:181] [TOWEL][StaticRoutingAP::RunPendingRequestAndEvents] provider_name= monitor
[33764:33764:0723/154335.864888:INFO:aha/components/monitor/monitor.cc:159] [Monitor] SetDisableReport: SetDisableReport, disable_report: 0
[33766:33766:0723/154335.864930:INFO:third_party/crashpad/crashpad/handler/linux/crash_report_exception_handler.cc:344] [Crashpad] Append global param key: device_id
[33764:33764:0723/154335.864963:INFO:aha/components/monitor/monitor_service_instance_impl.cc:185] [MonitorService] UpdateConfig: UpdateConfig, device_id: 7649334840105879056, user_id: , tenant_id: 
[33766:33766:0723/154335.865040:INFO:third_party/crashpad/crashpad/handler/linux/crash_report_exception_handler.cc:344] [Crashpad] Append global param key: machineId
[33766:33769:0723/154335.865069:INFO:aha/third_party/parfait/aha/parfait_client.cc:176] [Parfait] update ParfaitClient with config
	pft_version=1.3.0.0
	user_id=
	device_id=7649334840105879056
	session_id=
	data_report_url=https://pcmon-boot.trae.ai/monitor_pc/collect/api/pc_log
	crash_report_url=https://pcmon-boot.trae.ai/monitor_pc/collect/api/pc_crash
	gwpasan_report_url=https://pcmon-boot.trae.ai/monitor_pc/collect/api/pc_gwpasan
	block_report_url=https://pcmon-boot.trae.ai/monitor_pc/collect/api/pc_jank
	matrix_report_url=https://pcmon-boot.trae.ai/monitor_pc/collect/api/pc_matrix
	cpu_profile_report_url=https://pcmon-boot.trae.ai/monitor_pc/collect/file/pc_cpu_profile
	custom_exception_report_url=https://pcmon-boot.trae.ai/monitor_pc/collect/file/pc_custom_exception
	snapshot_report_url=https://pcmon-boot.trae.ai/monitor_pc/collect/file/pc_snapshot
	settings_url=
	tenant_id=
[33766:33766:0723/154335.865080:INFO:third_party/crashpad/crashpad/handler/linux/crash_report_exception_handler.cc:344] [Crashpad] Append global param key: release
[33766:33766:0723/154335.865111:INFO:third_party/crashpad/crashpad/handler/linux/crash_report_exception_handler.cc:344] [Crashpad] Append global param key: hostname
[33766:33766:0723/154335.865148:INFO:third_party/crashpad/crashpad/handler/linux/crash_report_exception_handler.cc:344] [Crashpad] Append global param key: memory
[33766:33766:0723/154335.865172:INFO:third_party/crashpad/crashpad/handler/linux/crash_report_exception_handler.cc:344] [Crashpad] Append global param key: cpu
[33766:33766:0723/154335.865193:INFO:third_party/crashpad/crashpad/handler/linux/crash_report_exception_handler.cc:344] [Crashpad] Append global param key: memoryUsagePercentage
[33766:33766:0723/154335.865212:INFO:third_party/crashpad/crashpad/handler/linux/crash_report_exception_handler.cc:344] [Crashpad] Append global param key: usage
[33766:33766:0723/154335.865313:INFO:third_party/crashpad/crashpad/handler/linux/crash_report_exception_handler.cc:344] [Crashpad] Append global param key: region
[33764:33764:0723/154335.865675:INFO:aha/components/towel/embedder/master_binder.cc:60] [TOWEL]BindMasterInAnyProcess, ProcessType(2)
[33764:33764:0723/154335.865687:INFO:aha/components/towel/embedder/master_binder.cc:52] [TOWEL]BindMasterInBrowser, ProcessType(2)
[33764:33764:0723/154335.865699:INFO:aha/components/towel/embedder/master_binder.cc:55] [TOWEL]BindMasterInBrowser, run in main thread, bind.
[33764:33764:0723/154335.865715:INFO:aha/components/towel/public/provider.cc:76] [TOWEL][Provider::Mount] mount provider, name= trae-config-channel, force_reset=0
[33764:33764:0723/154335.866810:INFO:aha/components/ipc/ipc_client.cc:36] [AhaIpc] create socket, server: ai-agent, channel_id: 89c482b9-eed9-45aa-a57b-339c152878c7
[33764:33764:0723/154335.866821:INFO:aha/components/ipc/ipc_client.cc:41] [AhaIpc] listen to server first time, server=ai-agent
[33764:33764:0723/154335.866828:WARNING:aha/components/towel/common/ap_impl.cc:220] [TOWEL][APImpl::ListensEvents] no provider for event ai-agent::PUSH_PACKET
[33764:33764:0723/154335.866832:INFO:aha/components/towel/common/ap_impl.cc:594] [TOWEL][APImpl::ListensEvents] start, RoutingId(33764, 1409681106)
[33764:33764:0723/154335.866837:INFO:aha/components/towel/common/ap_impl.cc:596] [TOWEL][APImpl::ListensEvents] no pending_listen_requests_, do nothing
[33764:33764:0723/154335.866845:INFO:aha/components/towel/common/static_routing_ap.cc:171] [TOWEL][StaticRoutingAP::TryAddPendingEvents] provider not ready, store event and wait. event ai-agent::PUSH_PACKET
[33764:33764:0723/154335.866857:INFO:aha/components/towel/common/static_routing_ap.cc:135] [TOWEL][StaticRoutingAP::TryAddPendingRequest] provider not ready, store request and wait. method ai-agent::SEND
[33764:33764:0723/154335.866862:INFO:aha/components/towel/common/static_routing_ap.cc:144] [TOWEL][StaticRoutingAP] start timeout checker
[33764:33764:0723/154335.870968:INFO:aha/components/perf/system_monitor/perf_system_monitor.cc:68] PerfSystemMonitor::Start 0x32440039f6c8, interval 15 s
[33764:33764:0723/154335.870994:INFO:aha/components/perf/perf_abnormal_observer.cc:545] [PerfAbnormal] GetInstance, 
[33764:33764:0723/154335.871000:INFO:aha/electron/shell/browser/api/electron_api_aha_system_monitor.cc:77] [AhaSystemMonitor] MonitorAbnormal
[33764:33764:0723/154335.888479:ERROR:aha/components/basil/core/native_extension_manager_impl.cc:51] [Basil][Basil] no extension found, name=ai
[33764:33764:0723/154335.888809:INFO:aha/components/basil/core/native_extension_impl.cc:105] [Basil]native_extension created, name=ai
[33764:33764:0723/154335.888821:INFO:aha/components/basil/core/native_extension_impl.cc:130] [Basil]launch native extension process start, name=ai
[33764:33764:0723/154335.888829:INFO:content/public/browser/service_process_host.cc:108] vscode_crash_reporter_process_type: is ai
[33764:33764:0723/154335.891264:ERROR:aha/components/basil/core/native_extension_manager_impl.cc:51] [Basil][Basil] no extension found, name=ckg
[33764:33764:0723/154335.891302:INFO:aha/components/basil/core/native_extension_impl.cc:105] [Basil]native_extension created, name=ckg
[33764:33764:0723/154335.891314:INFO:aha/components/basil/core/native_extension_impl.cc:130] [Basil]launch native extension process start, name=ckg
[33764:33764:0723/154335.891320:INFO:content/public/browser/service_process_host.cc:108] vscode_crash_reporter_process_type: is ckg
[33764:33764:0723/154335.893442:INFO:content/public/browser/service_process_host.cc:108] vscode_crash_reporter_process_type: is ai-server
[33764:33764:0723/154335.895280:INFO:aha/components/ipc/ipc_client.cc:36] [AhaIpc] create socket, server: cueServer, channel_id: aca2395e-929d-4968-ae7e-32d1d0dfaf3c
[33764:33764:0723/154335.895294:INFO:aha/components/ipc/ipc_client.cc:41] [AhaIpc] listen to server first time, server=cueServer
[33764:33764:0723/154335.895303:WARNING:aha/components/towel/common/ap_impl.cc:220] [TOWEL][APImpl::ListensEvents] no provider for event cueServer::PUSH_PACKET
[33764:33764:0723/154335.895307:INFO:aha/components/towel/common/ap_impl.cc:594] [TOWEL][APImpl::ListensEvents] start, RoutingId(33764, 1409681106)
[33764:33764:0723/154335.895312:INFO:aha/components/towel/common/ap_impl.cc:596] [TOWEL][APImpl::ListensEvents] no pending_listen_requests_, do nothing
[33764:33764:0723/154335.895317:INFO:aha/components/towel/common/static_routing_ap.cc:171] [TOWEL][StaticRoutingAP::TryAddPendingEvents] provider not ready, store event and wait. event cueServer::PUSH_PACKET
[33764:33764:0723/154335.895333:INFO:aha/components/towel/common/static_routing_ap.cc:135] [TOWEL][StaticRoutingAP::TryAddPendingRequest] provider not ready, store request and wait. method cueServer::SEND
[33764:33764:0723/154335.895577:INFO:aha/components/towel/common/static_routing_ap.cc:135] [TOWEL][StaticRoutingAP::TryAddPendingRequest] provider not ready, store request and wait. method ai-agent::SEND
[33764:33764:0723/154335.895722:INFO:aha/components/towel/common/static_routing_ap.cc:135] [TOWEL][StaticRoutingAP::TryAddPendingRequest] provider not ready, store request and wait. method cueServer::SEND
[33764:33764:0723/154335.897216:INFO:aha/components/towel/common/master_impl.cc:153] [TOWEL][MasterImpl::RegisterProvider] success trae-config-channel provider size now is 4
[33764:33785:0723/154335.897252:INFO:aha/components/towel/common/ap_impl.cc:406] [TOWEL][APImpl::OnProviderAdded] provider_name trae-config-channel, RoutingId(33764, 1622696390)
[33764:33785:0723/154335.897271:INFO:aha/components/monitor/monitor.cc:173] [Monitor] OnProviderConnected: OnProviderConnected, name: trae-config-channel
[33764:33785:0723/154335.897282:INFO:aha/components/towel/common/static_routing_ap.cc:181] [TOWEL][StaticRoutingAP::RunPendingRequestAndEvents] provider_name= trae-config-channel
[33764:33764:0723/154335.897591:INFO:aha/components/basil/core/native_extension_impl.cc:212] [Basil]process launched, name=ai, pid=33883
[33764:33764:0723/154335.897740:INFO:aha/components/process_observer/aha_process_observer.cc:45] [process observer][process launched] type is:ai, pid is:33883
[33764:33785:0723/154335.897762:INFO:aha/components/perf/process/process_type_provider.cc:105] [ProcessTypeProvider] AddProcessOnTaskRunner, pid 33883, type ai
[33764:33764:0723/154335.897772:INFO:aha/components/perf/perf_manager_base.cc:448] [perf manager][function = AddProcess] add process:33883
[33764:33764:0723/154335.897810:INFO:aha/components/perf/collector/perf_collector_base.cc:29] [perf collector][function=ShouldCollectProcess] AddProcess pid:33883 cmd:/proc/self/exe --type=utility --utility-sub-type=basil.mojom.NativeExtensionService --lang=zh-CN --service-sandbox-type=none --render-node-override=/dev/dri/renderD129 --vscode-crash-reporter-process-type=ai --crashpad-handler-pid=33766 --enable-crash-reporter=cf0573c6-7444-4116-be82-e562a048b8e6,no_channel --user-data-dir=/home/eternity/.config/Trae --standard-schemes=vscode-webview,vscode-file --enable-sandbox --secure-schemes=vscode-webview,vscode-file --cors-schemes=vscode-webview,vscode-file --fetch-schemes=vscode-webview,vscode-file --service-worker-schemes=vscode-webview --code-cache-schemes=vscode-webview,vscode-file --shared-files=v8_context_snapshot_data:100 --field-trial-handle=3,i,10423738585097041841,11912227272196820433,262144 --enable-features=DocumentPolicyIncludeJSCallStacksInCrashReports,EarlyEstablishGpuChannel,EstablishGpuChannelAsync,PdfUseShowSaveFilePicker --disable-features=CalculateNativeWinOcclusion,LocalNetworkAccessChecks,ScreenAIOCREnabled,SpareRendererForSitePerProcess,TraceSiteInstanceGetProcessCreation --variations-seed-version --trace-process-track-uuid=3190708990997080739
[33764:33764:0723/154335.897830:INFO:aha/components/perf/collector/perf_collector_base.cc:29] [perf collector][function=ShouldCollectProcess] AddProcess pid:33883 cmd:/proc/self/exe --type=utility --utility-sub-type=basil.mojom.NativeExtensionService --lang=zh-CN --service-sandbox-type=none --render-node-override=/dev/dri/renderD129 --vscode-crash-reporter-process-type=ai --crashpad-handler-pid=33766 --enable-crash-reporter=cf0573c6-7444-4116-be82-e562a048b8e6,no_channel --user-data-dir=/home/eternity/.config/Trae --standard-schemes=vscode-webview,vscode-file --enable-sandbox --secure-schemes=vscode-webview,vscode-file --cors-schemes=vscode-webview,vscode-file --fetch-schemes=vscode-webview,vscode-file --service-worker-schemes=vscode-webview --code-cache-schemes=vscode-webview,vscode-file --shared-files=v8_context_snapshot_data:100 --field-trial-handle=3,i,10423738585097041841,11912227272196820433,262144 --enable-features=DocumentPolicyIncludeJSCallStacksInCrashReports,EarlyEstablishGpuChannel,EstablishGpuChannelAsync,PdfUseShowSaveFilePicker --disable-features=CalculateNativeWinOcclusion,LocalNetworkAccessChecks,ScreenAIOCREnabled,SpareRendererForSitePerProcess,TraceSiteInstanceGetProcessCreation --variations-seed-version --trace-process-track-uuid=3190708990997080739
[33764:33764:0723/154335.897845:INFO:aha/components/perf/collector/perf_collector_base.cc:29] [perf collector][function=ShouldCollectProcess] AddProcess pid:33883 cmd:/proc/self/exe --type=utility --utility-sub-type=basil.mojom.NativeExtensionService --lang=zh-CN --service-sandbox-type=none --render-node-override=/dev/dri/renderD129 --vscode-crash-reporter-process-type=ai --crashpad-handler-pid=33766 --enable-crash-reporter=cf0573c6-7444-4116-be82-e562a048b8e6,no_channel --user-data-dir=/home/eternity/.config/Trae --standard-schemes=vscode-webview,vscode-file --enable-sandbox --secure-schemes=vscode-webview,vscode-file --cors-schemes=vscode-webview,vscode-file --fetch-schemes=vscode-webview,vscode-file --service-worker-schemes=vscode-webview --code-cache-schemes=vscode-webview,vscode-file --shared-files=v8_context_snapshot_data:100 --field-trial-handle=3,i,10423738585097041841,11912227272196820433,262144 --enable-features=DocumentPolicyIncludeJSCallStacksInCrashReports,EarlyEstablishGpuChannel,EstablishGpuChannelAsync,PdfUseShowSaveFilePicker --disable-features=CalculateNativeWinOcclusion,LocalNetworkAccessChecks,ScreenAIOCREnabled,SpareRendererForSitePerProcess,TraceSiteInstanceGetProcessCreation --variations-seed-version --trace-process-track-uuid=3190708990997080739
[33764:33764:0723/154335.897890:INFO:aha/components/basil/core/native_extension_impl.cc:212] [Basil]process launched, name=ckg, pid=33884
[33764:33764:0723/154335.897964:INFO:aha/electron/shell/browser/api/electron_api_aha_reporter.cc:305] setPerfContextForProcess enableCkgAhaRequest true

[33764:33764:0723/154335.897978:INFO:aha/components/perf/perf_custom_param_manager.cc:25] Add custom category param enableCkgAhaRequest = true
 for process 33884
[33764:33764:0723/154335.898056:INFO:aha/components/process_observer/aha_process_observer.cc:45] [process observer][process launched] type is:ckg, pid is:33884
[33764:33785:0723/154335.898080:INFO:aha/components/perf/process/process_type_provider.cc:105] [ProcessTypeProvider] AddProcessOnTaskRunner, pid 33884, type ckg
[33764:33764:0723/154335.898083:INFO:aha/components/perf/perf_manager_base.cc:448] [perf manager][function = AddProcess] add process:33884
[33764:33764:0723/154335.898148:INFO:aha/components/perf/collector/perf_collector_base.cc:29] [perf collector][function=ShouldCollectProcess] AddProcess pid:33884 cmd:/proc/self/exe --type=utility --utility-sub-type=basil.mojom.NativeExtensionService --lang=zh-CN --service-sandbox-type=none --render-node-override=/dev/dri/renderD129 --vscode-crash-reporter-process-type=ckg --crashpad-handler-pid=33766 --enable-crash-reporter=cf0573c6-7444-4116-be82-e562a048b8e6,no_channel --user-data-dir=/home/eternity/.config/Trae --standard-schemes=vscode-webview,vscode-file --enable-sandbox --secure-schemes=vscode-webview,vscode-file --cors-schemes=vscode-webview,vscode-file --fetch-schemes=vscode-webview,vscode-file --service-worker-schemes=vscode-webview --code-cache-schemes=vscode-webview,vscode-file --shared-files=v8_context_snapshot_data:100 --field-trial-handle=3,i,10423738585097041841,11912227272196820433,262144 --enable-features=DocumentPolicyIncludeJSCallStacksInCrashReports,EarlyEstablishGpuChannel,EstablishGpuChannelAsync,PdfUseShowSaveFilePicker --disable-features=CalculateNativeWinOcclusion,LocalNetworkAccessChecks,ScreenAIOCREnabled,SpareRendererForSitePerProcess,TraceSiteInstanceGetProcessCreation --variations-seed-version --trace-process-track-uuid=3190708991934122588
[33764:33764:0723/154335.898167:INFO:aha/components/perf/collector/perf_collector_base.cc:29] [perf collector][function=ShouldCollectProcess] AddProcess pid:33884 cmd:/proc/self/exe --type=utility --utility-sub-type=basil.mojom.NativeExtensionService --lang=zh-CN --service-sandbox-type=none --render-node-override=/dev/dri/renderD129 --vscode-crash-reporter-process-type=ckg --crashpad-handler-pid=33766 --enable-crash-reporter=cf0573c6-7444-4116-be82-e562a048b8e6,no_channel --user-data-dir=/home/eternity/.config/Trae --standard-schemes=vscode-webview,vscode-file --enable-sandbox --secure-schemes=vscode-webview,vscode-file --cors-schemes=vscode-webview,vscode-file --fetch-schemes=vscode-webview,vscode-file --service-worker-schemes=vscode-webview --code-cache-schemes=vscode-webview,vscode-file --shared-files=v8_context_snapshot_data:100 --field-trial-handle=3,i,10423738585097041841,11912227272196820433,262144 --enable-features=DocumentPolicyIncludeJSCallStacksInCrashReports,EarlyEstablishGpuChannel,EstablishGpuChannelAsync,PdfUseShowSaveFilePicker --disable-features=CalculateNativeWinOcclusion,LocalNetworkAccessChecks,ScreenAIOCREnabled,SpareRendererForSitePerProcess,TraceSiteInstanceGetProcessCreation --variations-seed-version --trace-process-track-uuid=3190708991934122588
[33764:33764:0723/154335.898185:INFO:aha/components/perf/collector/perf_collector_base.cc:29] [perf collector][function=ShouldCollectProcess] AddProcess pid:33884 cmd:/proc/self/exe --type=utility --utility-sub-type=basil.mojom.NativeExtensionService --lang=zh-CN --service-sandbox-type=none --render-node-override=/dev/dri/renderD129 --vscode-crash-reporter-process-type=ckg --crashpad-handler-pid=33766 --enable-crash-reporter=cf0573c6-7444-4116-be82-e562a048b8e6,no_channel --user-data-dir=/home/eternity/.config/Trae --standard-schemes=vscode-webview,vscode-file --enable-sandbox --secure-schemes=vscode-webview,vscode-file --cors-schemes=vscode-webview,vscode-file --fetch-schemes=vscode-webview,vscode-file --service-worker-schemes=vscode-webview --code-cache-schemes=vscode-webview,vscode-file --shared-files=v8_context_snapshot_data:100 --field-trial-handle=3,i,10423738585097041841,11912227272196820433,262144 --enable-features=DocumentPolicyIncludeJSCallStacksInCrashReports,EarlyEstablishGpuChannel,EstablishGpuChannelAsync,PdfUseShowSaveFilePicker --disable-features=CalculateNativeWinOcclusion,LocalNetworkAccessChecks,ScreenAIOCREnabled,SpareRendererForSitePerProcess,TraceSiteInstanceGetProcessCreation --variations-seed-version --trace-process-track-uuid=3190708991934122588
[33764:33764:0723/154335.898525:INFO:aha/electron/shell/browser/api/electron_api_aha_reporter.cc:305] setPerfContextForProcess isSingletonCueServer true

[33764:33764:0723/154335.898535:INFO:aha/components/perf/perf_custom_param_manager.cc:25] Add custom category param isSingletonCueServer = true
 for process 33885
[33764:33764:0723/154335.898575:INFO:aha/components/process_observer/aha_process_observer.cc:45] [process observer][process launched] type is:ai-server, pid is:33885
[33764:33785:0723/154335.898591:INFO:aha/components/perf/process/process_type_provider.cc:105] [ProcessTypeProvider] AddProcessOnTaskRunner, pid 33885, type ai-server
[33764:33764:0723/154335.898595:INFO:aha/components/perf/perf_manager_base.cc:448] [perf manager][function = AddProcess] add process:33885
[33764:33764:0723/154335.898636:INFO:aha/components/perf/collector/perf_collector_base.cc:29] [perf collector][function=ShouldCollectProcess] AddProcess pid:33885 cmd:/proc/self/exe --type=utility --utility-sub-type=node.mojom.NodeService --lang=zh-CN --service-sandbox-type=none --render-node-override=/dev/dri/renderD129 --vscode-crash-reporter-process-type=ai-server --crashpad-handler-pid=33766 --enable-crash-reporter=cf0573c6-7444-4116-be82-e562a048b8e6,no_channel --user-data-dir=/home/eternity/.config/Trae --standard-schemes=vscode-webview,vscode-file --enable-sandbox --secure-schemes=vscode-webview,vscode-file --cors-schemes=vscode-webview,vscode-file --fetch-schemes=vscode-webview,vscode-file --service-worker-schemes=vscode-webview --code-cache-schemes=vscode-webview,vscode-file --shared-files=v8_context_snapshot_data:100 --field-trial-handle=3,i,10423738585097041841,11912227272196820433,262144 --enable-features=DocumentPolicyIncludeJSCallStacksInCrashReports,EarlyEstablishGpuChannel,EstablishGpuChannelAsync,PdfUseShowSaveFilePicker --disable-features=CalculateNativeWinOcclusion,LocalNetworkAccessChecks,ScreenAIOCREnabled,SpareRendererForSitePerProcess,TraceSiteInstanceGetProcessCreation --variations-seed-version --trace-process-track-uuid=3190708992871164437
[33764:33764:0723/154335.898651:INFO:aha/components/perf/collector/perf_collector_base.cc:29] [perf collector][function=ShouldCollectProcess] AddProcess pid:33885 cmd:/proc/self/exe --type=utility --utility-sub-type=node.mojom.NodeService --lang=zh-CN --service-sandbox-type=none --render-node-override=/dev/dri/renderD129 --vscode-crash-reporter-process-type=ai-server --crashpad-handler-pid=33766 --enable-crash-reporter=cf0573c6-7444-4116-be82-e562a048b8e6,no_channel --user-data-dir=/home/eternity/.config/Trae --standard-schemes=vscode-webview,vscode-file --enable-sandbox --secure-schemes=vscode-webview,vscode-file --cors-schemes=vscode-webview,vscode-file --fetch-schemes=vscode-webview,vscode-file --service-worker-schemes=vscode-webview --code-cache-schemes=vscode-webview,vscode-file --shared-files=v8_context_snapshot_data:100 --field-trial-handle=3,i,10423738585097041841,11912227272196820433,262144 --enable-features=DocumentPolicyIncludeJSCallStacksInCrashReports,EarlyEstablishGpuChannel,EstablishGpuChannelAsync,PdfUseShowSaveFilePicker --disable-features=CalculateNativeWinOcclusion,LocalNetworkAccessChecks,ScreenAIOCREnabled,SpareRendererForSitePerProcess,TraceSiteInstanceGetProcessCreation --variations-seed-version --trace-process-track-uuid=3190708992871164437
[33764:33764:0723/154335.898667:INFO:aha/components/perf/collector/perf_collector_base.cc:29] [perf collector][function=ShouldCollectProcess] AddProcess pid:33885 cmd:/proc/self/exe --type=utility --utility-sub-type=node.mojom.NodeService --lang=zh-CN --service-sandbox-type=none --render-node-override=/dev/dri/renderD129 --vscode-crash-reporter-process-type=ai-server --crashpad-handler-pid=33766 --enable-crash-reporter=cf0573c6-7444-4116-be82-e562a048b8e6,no_channel --user-data-dir=/home/eternity/.config/Trae --standard-schemes=vscode-webview,vscode-file --enable-sandbox --secure-schemes=vscode-webview,vscode-file --cors-schemes=vscode-webview,vscode-file --fetch-schemes=vscode-webview,vscode-file --service-worker-schemes=vscode-webview --code-cache-schemes=vscode-webview,vscode-file --shared-files=v8_context_snapshot_data:100 --field-trial-handle=3,i,10423738585097041841,11912227272196820433,262144 --enable-features=DocumentPolicyIncludeJSCallStacksInCrashReports,EarlyEstablishGpuChannel,EstablishGpuChannelAsync,PdfUseShowSaveFilePicker --disable-features=CalculateNativeWinOcclusion,LocalNetworkAccessChecks,ScreenAIOCREnabled,SpareRendererForSitePerProcess,TraceSiteInstanceGetProcessCreation --variations-seed-version --trace-process-track-uuid=3190708992871164437
[33764:33764:0723/154335.909651:WARNING:ui/ozone/platform/wayland/host/wayland_surface.cc:170] Server doesn't support zcr_alpha_compositing_v1.
[33764:33764:0723/154335.909676:WARNING:ui/ozone/platform/wayland/host/wayland_surface.cc:185] Server doesn't support overlay_prioritizer.
[33764:33764:0723/154335.909683:WARNING:ui/ozone/platform/wayland/host/wayland_surface.cc:200] Server doesn't support wp_content_type_v1
[33764:33764:0723/154335.909689:WARNING:ui/ozone/platform/wayland/host/wayland_surface.cc:214] Server doesn't support wp_color_management_surface_v1.
[33764:33764:0723/154335.916092:INFO:aha/components/metrics/metrics_base.cc:52] [startup] metric: createBrowserWindow, start
[33764:33764:0723/154335.916279:INFO:electron/shell/browser/api/electron_api_web_contents.cc:795] Create WebContents, this: 0x324400347080, uuid: 
[33764:33764:0723/154335.916712:INFO:aha/content/public/browser/renderer_jank/aha_infra_render_block_detector.cc:88] [renderer block] AhaInfraRenderBlockDetector is created and set up!
[33764:33764:0723/154335.924738:INFO:aha/components/metrics/metrics_base.cc:64] [startup] metric: createBrowserWindow, end, latency: 8ms
[33764:33764:0723/154335.927781:INFO:components/viz/client/frame_evictor.cc:49] blank paint: FrameEvictor::SetVisible 0 -> 0, has_surface=0
[33764:33764:0723/154335.928409:INFO:content/browser/renderer_host/render_widget_host_view_aura.cc:590] blank paint: ShowImpl called, is_hidden=1, disable_hidden=0, visibility=0
[33764:33764:0723/154335.928436:INFO:content/browser/renderer_host/render_widget_host_view_base.cc:890] blank paint: OnShowWithPageVisibility called, is_hidden=1, disable_hidden=0, web_contents_is_visible=1
[33764:33764:0723/154335.928442:INFO:content/browser/renderer_host/render_widget_host_view_aura.cc:635] blank paint: NotifyHostAndDelegateOnWasShown called, FrameEvictor will be set visible
[33764:33764:0723/154335.928455:INFO:content/browser/renderer_host/delegated_frame_host.cc:98] blank paint: WasShown
[33764:33764:0723/154335.928459:INFO:components/viz/client/frame_evictor.cc:49] blank paint: FrameEvictor::SetVisible 0 -> 1, has_surface=0
[33764:33764:0723/154335.930883:INFO:aha/components/page_load_metrics/observers/page_load_metrics_observer.cc:133] [page_load_metrics][traceId-] this:0x324400172e00, AhaPageLoadMetricsObserver::ctor
[33764:33764:0723/154335.930900:INFO:aha/components/page_load_metrics/observers/page_load_metrics_observer.cc:187] [page_load_metrics][traceId-] this:0x324400172e00, OnStart: is_same_document:0, started_in_foreground:1
[33764:33764:0723/154335.930911:INFO:aha/components/page_load_metrics/observers/page_load_metrics_observer.cc:224] [page_load_metrics][traceId-] this:0x324400172e00, TryRegisterWidgetObserver: widget:0x324400170d00, visible:1, minimized:0, web_contents_visible:1
[33764:33764:0723/154335.938760:INFO:aha/components/towel/common/ap_impl.cc:406] [TOWEL][APImpl::OnProviderAdded] provider_name trae-config-channel, RoutingId(33764, 1059101657)
[33764:33764:0723/154335.938776:INFO:aha/components/towel/common/static_routing_ap.cc:181] [TOWEL][StaticRoutingAP::RunPendingRequestAndEvents] provider_name= trae-config-channel
[33764:33764:0723/154335.938828:INFO:aha/components/towel/common/ap_impl.cc:406] [TOWEL][APImpl::OnProviderAdded] provider_name trae-config-channel, RoutingId(33764, 1409681106)
[33764:33764:0723/154335.938837:INFO:aha/components/ipc/ipc_client.cc:172] [AhaIpc] provider connected, name: trae-config-channel
[33764:33764:0723/154335.938843:INFO:aha/components/towel/common/static_routing_ap.cc:181] [TOWEL][StaticRoutingAP::RunPendingRequestAndEvents] provider_name= trae-config-channel
[33764:33764:0723/154335.938875:INFO:aha/components/towel/common/ap_impl.cc:406] [TOWEL][APImpl::OnProviderAdded] provider_name trae-config-channel, RoutingId(33764, 1962914899)
[33764:33764:0723/154335.938880:INFO:aha/components/towel/common/static_routing_ap.cc:181] [TOWEL][StaticRoutingAP::RunPendingRequestAndEvents] provider_name= trae-config-channel
[33764:33764:0723/154335.939110:ERROR:aha/components/basil/core/native_extension_impl.cc:259] [Basil]process crashed, name=ckg, code=256
[33764:33764:0723/154335.939118:INFO:aha/components/basil/core/native_extension_impl.cc:266] [Basil]HandleTermination, exit_code=256
[33764:33764:0723/154335.939568:INFO:aha/components/basil/core/native_extension_manager_impl.cc:96] [Basil]release native_extension, name=ckg
[33764:33764:0723/154335.939655:ERROR:aha/components/process_observer/aha_process_observer.cc:72] [process observer][process gone] type is: ckg, pid is: 33884, status is: 1, exit code is: 256, run time is: -1, is sandbox: 1
[33764:33785:0723/154335.939676:INFO:aha/components/perf/process/process_type_provider.cc:111] [ProcessTypeProvider] RemoveProcessOnTaskRunner, pid 33884
[33764:33764:0723/154335.939695:INFO:aha/components/perf/perf_manager_base.cc:509] [perf manager][function = RemoveProcess] remove exited process:33884
[33764:33764:0723/154335.940109:INFO:aha/components/process_observer/aha_child_process_observer.cc:56] [process observer]RenderProcess Launched, type = renderer, category = -1
[33764:33764:0723/154335.940120:INFO:aha/components/process_observer/aha_process_observer.cc:45] [process observer][process launched] type is:renderer, pid is:33907
[33764:33785:0723/154335.940134:INFO:aha/components/perf/process/process_type_provider.cc:105] [ProcessTypeProvider] AddProcessOnTaskRunner, pid 33907, type renderer
[33764:33764:0723/154335.940137:INFO:aha/components/perf/perf_manager_base.cc:448] [perf manager][function = AddProcess] add process:33907
[33764:33764:0723/154335.940175:INFO:aha/components/perf/collector/perf_collector_base.cc:29] [perf collector][function=ShouldCollectProcess] AddProcess pid:33907 cmd:/usr/share/trae/trae --type=zygote --crashpad-handler-pid=33766
[33764:33764:0723/154335.940188:INFO:aha/components/perf/collector/perf_collector_base.cc:29] [perf collector][function=ShouldCollectProcess] AddProcess pid:33907 cmd:/usr/share/trae/trae --type=zygote --crashpad-handler-pid=33766
[33764:33764:0723/154335.940199:INFO:aha/components/perf/collector/perf_collector_base.cc:29] [perf collector][function=ShouldCollectProcess] AddProcess pid:33907 cmd:/usr/share/trae/trae --type=zygote --crashpad-handler-pid=33766
[33764:33764:0723/154335.961061:INFO:aha/components/towel/common/static_routing_ap.cc:135] [TOWEL][StaticRoutingAP::TryAddPendingRequest] provider not ready, store request and wait. method ai-agent::SEND
[33764:33764:0723/154335.961418:ERROR:aha/components/basil/core/native_extension_manager_impl.cc:51] [Basil][Basil] no extension found, name=ckg
[33764:33764:0723/154335.961446:INFO:aha/components/basil/core/native_extension_impl.cc:105] [Basil]native_extension created, name=ckg
[33764:33764:0723/154335.961455:INFO:aha/components/basil/core/native_extension_impl.cc:130] [Basil]launch native extension process start, name=ckg
[33764:33764:0723/154335.961462:INFO:content/public/browser/service_process_host.cc:108] vscode_crash_reporter_process_type: is ckg
[33764:33764:0723/154335.963828:INFO:aha/components/towel/common/static_routing_ap.cc:244] [TOWEL]run timeout checker
[33764:33764:0723/154335.963847:INFO:aha/components/towel/common/static_routing_ap.cc:267] [TOWEL]stop timeout checker
[33764:33764:0723/154335.964028:INFO:aha/components/towel/public/provider.cc:196] [TOWEL][Provider::GetMetaInfo] provider trae-config-channel, method_size is 1 method_list is trae-config-channel::SEND
[33764:33764:0723/154335.965991:INFO:aha/components/basil/core/native_extension_impl.cc:212] [Basil]process launched, name=ckg, pid=33926
[33764:33764:0723/154335.966067:INFO:aha/electron/shell/browser/api/electron_api_aha_reporter.cc:305] setPerfContextForProcess enableCkgAhaRequest true

[33764:33764:0723/154335.966075:INFO:aha/components/perf/perf_custom_param_manager.cc:25] Add custom category param enableCkgAhaRequest = true
 for process 33926
[33764:33764:0723/154335.966129:INFO:aha/components/process_observer/aha_process_observer.cc:45] [process observer][process launched] type is:ckg, pid is:33926
[33764:33785:0723/154335.966151:INFO:aha/components/perf/process/process_type_provider.cc:105] [ProcessTypeProvider] AddProcessOnTaskRunner, pid 33926, type ckg
[33764:33764:0723/154335.966165:INFO:aha/components/perf/perf_manager_base.cc:448] [perf manager][function = AddProcess] add process:33926
[33764:33764:0723/154335.966206:INFO:aha/components/perf/collector/perf_collector_base.cc:29] [perf collector][function=ShouldCollectProcess] AddProcess pid:33926 cmd:/proc/self/exe --type=utility --utility-sub-type=basil.mojom.NativeExtensionService --lang=zh-CN --service-sandbox-type=none --render-node-override=/dev/dri/renderD129 --vscode-crash-reporter-process-type=ckg --crashpad-handler-pid=33766 --enable-crash-reporter=cf0573c6-7444-4116-be82-e562a048b8e6,no_channel --user-data-dir=/home/eternity/.config/Trae --standard-schemes=vscode-webview,vscode-file --enable-sandbox --secure-schemes=vscode-webview,vscode-file --cors-schemes=vscode-webview,vscode-file --fetch-schemes=vscode-webview,vscode-file --service-worker-schemes=vscode-webview --code-cache-schemes=vscode-webview,vscode-file --shared-files=v8_context_snapshot_data:100 --field-trial-handle=3,i,10423738585097041841,11912227272196820433,262144 --enable-features=DocumentPolicyIncludeJSCallStacksInCrashReports,EarlyEstablishGpuChannel,EstablishGpuChannelAsync,PdfUseShowSaveFilePicker --disable-features=CalculateNativeWinOcclusion,LocalNetworkAccessChecks,ScreenAIOCREnabled,SpareRendererForSitePerProcess,TraceSiteInstanceGetProcessCreation --variations-seed-version --trace-process-track-uuid=3190708994745248135
[33764:33764:0723/154335.966222:INFO:aha/components/perf/collector/perf_collector_base.cc:29] [perf collector][function=ShouldCollectProcess] AddProcess pid:33926 cmd:/proc/self/exe --type=utility --utility-sub-type=basil.mojom.NativeExtensionService --lang=zh-CN --service-sandbox-type=none --render-node-override=/dev/dri/renderD129 --vscode-crash-reporter-process-type=ckg --crashpad-handler-pid=33766 --enable-crash-reporter=cf0573c6-7444-4116-be82-e562a048b8e6,no_channel --user-data-dir=/home/eternity/.config/Trae --standard-schemes=vscode-webview,vscode-file --enable-sandbox --secure-schemes=vscode-webview,vscode-file --cors-schemes=vscode-webview,vscode-file --fetch-schemes=vscode-webview,vscode-file --service-worker-schemes=vscode-webview --code-cache-schemes=vscode-webview,vscode-file --shared-files=v8_context_snapshot_data:100 --field-trial-handle=3,i,10423738585097041841,11912227272196820433,262144 --enable-features=DocumentPolicyIncludeJSCallStacksInCrashReports,EarlyEstablishGpuChannel,EstablishGpuChannelAsync,PdfUseShowSaveFilePicker --disable-features=CalculateNativeWinOcclusion,LocalNetworkAccessChecks,ScreenAIOCREnabled,SpareRendererForSitePerProcess,TraceSiteInstanceGetProcessCreation --variations-seed-version --trace-process-track-uuid=3190708994745248135
[33764:33764:0723/154335.966241:INFO:aha/components/perf/collector/perf_collector_base.cc:29] [perf collector][function=ShouldCollectProcess] AddProcess pid:33926 cmd:/proc/self/exe --type=utility --utility-sub-type=basil.mojom.NativeExtensionService --lang=zh-CN --service-sandbox-type=none --render-node-override=/dev/dri/renderD129 --vscode-crash-reporter-process-type=ckg --crashpad-handler-pid=33766 --enable-crash-reporter=cf0573c6-7444-4116-be82-e562a048b8e6,no_channel --user-data-dir=/home/eternity/.config/Trae --standard-schemes=vscode-webview,vscode-file --enable-sandbox --secure-schemes=vscode-webview,vscode-file --cors-schemes=vscode-webview,vscode-file --fetch-schemes=vscode-webview,vscode-file --service-worker-schemes=vscode-webview --code-cache-schemes=vscode-webview,vscode-file --shared-files=v8_context_snapshot_data:100 --field-trial-handle=3,i,10423738585097041841,11912227272196820433,262144 --enable-features=DocumentPolicyIncludeJSCallStacksInCrashReports,EarlyEstablishGpuChannel,EstablishGpuChannelAsync,PdfUseShowSaveFilePicker --disable-features=CalculateNativeWinOcclusion,LocalNetworkAccessChecks,ScreenAIOCREnabled,SpareRendererForSitePerProcess,TraceSiteInstanceGetProcessCreation --variations-seed-version --trace-process-track-uuid=3190708994745248135
[33764:33764:0723/154335.966277:INFO:aha/components/towel/public/provider.cc:196] [TOWEL][Provider::GetMetaInfo] provider trae-config-channel, method_size is 1 method_list is trae-config-channel::SEND
[33764:33764:0723/154335.966296:INFO:aha/components/towel/public/provider.cc:196] [TOWEL][Provider::GetMetaInfo] provider trae-config-channel, method_size is 1 method_list is trae-config-channel::SEND
[33764:33764:0723/154335.966312:INFO:aha/components/towel/public/provider.cc:196] [TOWEL][Provider::GetMetaInfo] provider trae-config-channel, method_size is 1 method_list is trae-config-channel::SEND
[33764:33785:0723/154335.966322:INFO:aha/components/towel/common/ap_impl.cc:530] [TOWEL][APImpl::OnGetProviderMetaInfo]: RoutingId(33764, 1622696390) provider trae-config-channel
[33764:33764:0723/154335.966327:INFO:aha/components/towel/common/ap_impl.cc:530] [TOWEL][APImpl::OnGetProviderMetaInfo]: RoutingId(33764, 1059101657) provider trae-config-channel
[33764:33785:0723/154335.966334:INFO:aha/components/towel/common/ap_impl.cc:540] [TOWEL][APImpl::OnGetProviderMetaInfo] update meta info for trae-config-channel method_list is trae-config-channel::SEND, event_list is trae-config-channel::PUSH_PACKET
[33764:33764:0723/154335.966341:INFO:aha/components/towel/common/ap_impl.cc:540] [TOWEL][APImpl::OnGetProviderMetaInfo] update meta info for trae-config-channel method_list is trae-config-channel::SEND, event_list is trae-config-channel::PUSH_PACKET
[33764:33785:0723/154335.966346:INFO:aha/components/towel/common/static_routing_ap.cc:181] [TOWEL][StaticRoutingAP::RunPendingRequestAndEvents] provider_name= trae-config-channel
[33764:33764:0723/154335.966352:INFO:aha/components/towel/common/static_routing_ap.cc:181] [TOWEL][StaticRoutingAP::RunPendingRequestAndEvents] provider_name= trae-config-channel
[33764:33764:0723/154335.967680:INFO:aha/components/towel/common/ap_impl.cc:530] [TOWEL][APImpl::OnGetProviderMetaInfo]: RoutingId(33764, 1409681106) provider trae-config-channel
[33764:33764:0723/154335.967689:INFO:aha/components/towel/common/ap_impl.cc:540] [TOWEL][APImpl::OnGetProviderMetaInfo] update meta info for trae-config-channel method_list is trae-config-channel::SEND, event_list is trae-config-channel::PUSH_PACKET
[33764:33764:0723/154335.967698:INFO:aha/components/towel/common/static_routing_ap.cc:181] [TOWEL][StaticRoutingAP::RunPendingRequestAndEvents] provider_name= trae-config-channel
[33764:33764:0723/154335.967712:INFO:aha/components/towel/common/ap_impl.cc:530] [TOWEL][APImpl::OnGetProviderMetaInfo]: RoutingId(33764, 1962914899) provider trae-config-channel
[33764:33764:0723/154335.967716:INFO:aha/components/towel/common/ap_impl.cc:540] [TOWEL][APImpl::OnGetProviderMetaInfo] update meta info for trae-config-channel method_list is trae-config-channel::SEND, event_list is trae-config-channel::PUSH_PACKET
[33764:33764:0723/154335.967720:INFO:aha/components/towel/common/static_routing_ap.cc:181] [TOWEL][StaticRoutingAP::RunPendingRequestAndEvents] provider_name= trae-config-channel
[33764:33764:0723/154335.967860:INFO:aha/components/towel/common/static_routing_ap.cc:244] [TOWEL]run timeout checker
[33764:33764:0723/154335.970314:ERROR:aha/components/basil/core/native_extension_impl.cc:259] [Basil]process crashed, name=ckg, code=256
[33764:33764:0723/154335.970325:INFO:aha/components/basil/core/native_extension_impl.cc:266] [Basil]HandleTermination, exit_code=256
[33764:33764:0723/154335.970479:INFO:aha/components/basil/core/native_extension_manager_impl.cc:96] [Basil]release native_extension, name=ckg
[33764:33764:0723/154335.970531:ERROR:aha/components/process_observer/aha_process_observer.cc:72] [process observer][process gone] type is: ckg, pid is: 33926, status is: 1, exit code is: 256, run time is: -1, is sandbox: 1
[33764:33785:0723/154335.970550:INFO:aha/components/perf/process/process_type_provider.cc:111] [ProcessTypeProvider] RemoveProcessOnTaskRunner, pid 33926
[33764:33764:0723/154335.970566:INFO:aha/components/perf/perf_manager_base.cc:509] [perf manager][function = RemoveProcess] remove exited process:33926
[33764:33764:0723/154335.994292:INFO:aha/components/device_service/device_service.cc:659] DeviceService, has cache, directly return cache: 7649334840105879056
[33764:33764:0723/154335.994314:INFO:aha/components/device_service/device_service.h:33] DeviceService GetDeviceId, cost time: 0 ms
[33764:33764:0723/154335.999237:INFO:content/browser/renderer_host/render_widget_host_view_aura.cc:590] blank paint: ShowImpl called, is_hidden=0, disable_hidden=0, visibility=2
[33764:33764:0723/154335.999255:INFO:content/browser/renderer_host/render_widget_host_view_base.cc:890] blank paint: OnShowWithPageVisibility called, is_hidden=0, disable_hidden=0, web_contents_is_visible=1
[33764:33764:0723/154335.999943:INFO:aha/components/page_load_metrics/observers/page_load_metrics_observer.cc:400] [page_load_metrics][traceId-] this:0x324400172e00, OnCommit: vscode-file://vscode-app/usr/share/trae/resources/app/out/vs/code/electron-browser/workbench/workbench.html
[33764:33764:0723/154335.999962:INFO:aha/components/page_load_metrics/observers/page_load_metrics_observer.cc:224] [page_load_metrics][traceId-] this:0x324400172e00, TryRegisterWidgetObserver: widget:0x324400170d00, visible:1, minimized:0, web_contents_visible:1
[33764:33764:0723/154336.000283:ERROR:electron/shell/browser/electron_browser_client.cc:1997] bind receiver for utility
[33764:33764:0723/154336.000296:INFO:aha/components/towel/embedder/master_binder.cc:52] [TOWEL]BindMasterInBrowser, ProcessType(2)
[33764:33764:0723/154336.000308:INFO:aha/components/towel/embedder/master_binder.cc:55] [TOWEL]BindMasterInBrowser, run in main thread, bind.
[33764:33764:0723/154336.000334:INFO:aha/components/towel/common/master_impl.cc:39] [TOWEL][MasterImpl::AddAPWithId] add ap 931270908
[33764:33764:0723/154336.000347:INFO:aha/components/towel/common/master_impl.cc:55] [TOWEL][MasterImpl::AddAP] add ap 931270908
[33764:33764:0723/154336.000402:INFO:aha/components/towel/common/master_impl.cc:193] [TOWEL][MasterImpl::GetAllProviders] provider size is 4 given size is 4
[33764:33764:0723/154336.002304:ERROR:electron/shell/browser/electron_browser_client.cc:1997] bind receiver for utility
[33764:33764:0723/154336.002321:INFO:aha/components/towel/embedder/master_binder.cc:52] [TOWEL]BindMasterInBrowser, ProcessType(2)
[33764:33764:0723/154336.002335:INFO:aha/components/towel/embedder/master_binder.cc:55] [TOWEL]BindMasterInBrowser, run in main thread, bind.
[33764:33764:0723/154336.002420:INFO:aha/components/towel/common/master_impl.cc:153] [TOWEL][MasterImpl::RegisterProvider] success ai-agent provider size now is 5
[33764:33785:0723/154336.002441:INFO:aha/components/towel/common/ap_impl.cc:406] [TOWEL][APImpl::OnProviderAdded] provider_name ai-agent, RoutingId(33764, 1622696390)
[33764:33764:0723/154336.002453:INFO:aha/components/towel/common/ap_impl.cc:406] [TOWEL][APImpl::OnProviderAdded] provider_name ai-agent, RoutingId(33764, 1059101657)
[33764:33785:0723/154336.002453:INFO:aha/components/monitor/monitor.cc:173] [Monitor] OnProviderConnected: OnProviderConnected, name: ai-agent
[33764:33785:0723/154336.002465:INFO:aha/components/towel/common/static_routing_ap.cc:181] [TOWEL][StaticRoutingAP::RunPendingRequestAndEvents] provider_name= ai-agent
[33764:33764:0723/154336.002460:INFO:aha/components/towel/common/static_routing_ap.cc:181] [TOWEL][StaticRoutingAP::RunPendingRequestAndEvents] provider_name= ai-agent
[33764:33764:0723/154336.002491:INFO:aha/components/towel/common/ap_impl.cc:406] [TOWEL][APImpl::OnProviderAdded] provider_name ai-agent, RoutingId(33764, 1409681106)
[33764:33764:0723/154336.002496:INFO:aha/components/ipc/ipc_client.cc:172] [AhaIpc] provider connected, name: ai-agent
[33764:33764:0723/154336.002500:WARNING:aha/components/towel/common/ap_impl.cc:220] [TOWEL][APImpl::ListensEvents] no provider for event ai-agent::PUSH_PACKET
[33764:33764:0723/154336.002504:INFO:aha/components/towel/common/ap_impl.cc:594] [TOWEL][APImpl::ListensEvents] start, RoutingId(33764, 1409681106)
[33764:33764:0723/154336.002509:INFO:aha/components/towel/common/ap_impl.cc:596] [TOWEL][APImpl::ListensEvents] no pending_listen_requests_, do nothing
[33764:33764:0723/154336.002513:INFO:aha/components/towel/common/static_routing_ap.cc:171] [TOWEL][StaticRoutingAP::TryAddPendingEvents] provider not ready, store event and wait. event ai-agent::PUSH_PACKET
[33764:33764:0723/154336.002518:INFO:aha/components/towel/common/static_routing_ap.cc:181] [TOWEL][StaticRoutingAP::RunPendingRequestAndEvents] provider_name= ai-agent
[33764:33764:0723/154336.002522:INFO:aha/components/towel/common/static_routing_ap.cc:195] [TOWEL][StaticRoutingAP::RunPendingEvents] run pending events, event_list is ai-agent::PUSH_PACKET,ai-agent::PUSH_PACKET
[33764:33764:0723/154336.002531:INFO:aha/components/towel/common/static_routing_ap.cc:217] [TOWEL][StaticRoutingAP::RunPendingRequestAndEvents] run pending requests, method= ai-agent::SEND
[33764:33764:0723/154336.002540:INFO:aha/components/towel/common/static_routing_ap.cc:217] [TOWEL][StaticRoutingAP::RunPendingRequestAndEvents] run pending requests, method= ai-agent::SEND
[33764:33764:0723/154336.002551:INFO:aha/components/towel/common/static_routing_ap.cc:217] [TOWEL][StaticRoutingAP::RunPendingRequestAndEvents] run pending requests, method= ai-agent::SEND
[33764:33764:0723/154336.002573:INFO:aha/components/towel/common/ap_impl.cc:406] [TOWEL][APImpl::OnProviderAdded] provider_name ai-agent, RoutingId(33764, 1962914899)
[33764:33764:0723/154336.002578:INFO:aha/components/towel/common/static_routing_ap.cc:181] [TOWEL][StaticRoutingAP::RunPendingRequestAndEvents] provider_name= ai-agent
[33764:33764:0723/154336.006404:ERROR:electron/shell/browser/electron_browser_client.cc:1997] bind receiver for utility
[33764:33764:0723/154336.006420:INFO:aha/components/towel/embedder/master_binder.cc:52] [TOWEL]BindMasterInBrowser, ProcessType(2)
[33764:33764:0723/154336.006436:INFO:aha/components/towel/embedder/master_binder.cc:55] [TOWEL]BindMasterInBrowser, run in main thread, bind.
[33764:33764:0723/154336.006452:INFO:aha/components/basil/core/native_extension_impl.cc:225] [Basil]start service success, name=ai
[33764:33764:0723/154336.006526:INFO:aha/components/towel/common/master_impl.cc:153] [TOWEL][MasterImpl::RegisterProvider] success ai provider size now is 6
[33764:33785:0723/154336.006542:INFO:aha/components/towel/common/ap_impl.cc:406] [TOWEL][APImpl::OnProviderAdded] provider_name ai, RoutingId(33764, 1622696390)
[33764:33764:0723/154336.006551:ERROR:electron/shell/browser/electron_browser_client.cc:1997] bind receiver for utility
[33764:33764:0723/154336.006565:INFO:aha/components/towel/embedder/master_binder.cc:52] [TOWEL]BindMasterInBrowser, ProcessType(2)
[33764:33785:0723/154336.006558:INFO:aha/components/monitor/monitor.cc:173] [Monitor] OnProviderConnected: OnProviderConnected, name: ai
[33764:33764:0723/154336.006578:INFO:aha/components/towel/embedder/master_binder.cc:55] [TOWEL]BindMasterInBrowser, run in main thread, bind.
[33764:33785:0723/154336.006579:INFO:aha/components/towel/common/static_routing_ap.cc:181] [TOWEL][StaticRoutingAP::RunPendingRequestAndEvents] provider_name= ai
[33764:33764:0723/154336.006609:INFO:aha/components/towel/common/ap_impl.cc:406] [TOWEL][APImpl::OnProviderAdded] provider_name ai, RoutingId(33764, 1059101657)
[33764:33764:0723/154336.006615:INFO:aha/electron/shell/renderer/api/electron_api_towel.cc:131] [TOWEL]ai provider connected
[33764:33764:0723/154336.006620:INFO:aha/components/towel/common/static_routing_ap.cc:181] [TOWEL][StaticRoutingAP::RunPendingRequestAndEvents] provider_name= ai
[33764:33764:0723/154336.006626:INFO:aha/components/towel/common/static_routing_ap.cc:195] [TOWEL][StaticRoutingAP::RunPendingEvents] run pending events, event_list is ai::PUSH_PACKET
[33764:33764:0723/154336.006651:INFO:aha/components/towel/common/ap_impl.cc:406] [TOWEL][APImpl::OnProviderAdded] provider_name ai, RoutingId(33764, 1409681106)
[33764:33764:0723/154336.006658:INFO:aha/components/ipc/ipc_client.cc:172] [AhaIpc] provider connected, name: ai
[33764:33764:0723/154336.006662:INFO:aha/components/towel/common/static_routing_ap.cc:181] [TOWEL][StaticRoutingAP::RunPendingRequestAndEvents] provider_name= ai
[33764:33764:0723/154336.006684:INFO:aha/components/towel/common/ap_impl.cc:406] [TOWEL][APImpl::OnProviderAdded] provider_name ai, RoutingId(33764, 1962914899)
[33764:33764:0723/154336.006688:INFO:aha/components/towel/common/static_routing_ap.cc:181] [TOWEL][StaticRoutingAP::RunPendingRequestAndEvents] provider_name= ai
[33764:33764:0723/154336.006699:INFO:aha/components/towel/common/master_impl.cc:39] [TOWEL][MasterImpl::AddAPWithId] add ap 950907146
[33764:33764:0723/154336.006707:INFO:aha/components/towel/common/master_impl.cc:55] [TOWEL][MasterImpl::AddAP] add ap 950907146
[33764:33764:0723/154336.006718:INFO:aha/components/towel/public/provider.cc:196] [TOWEL][Provider::GetMetaInfo] provider BlockDetectorProvider, method_size is 1 method_list is BlockDetector::HEART_BEAT
[33764:33764:0723/154336.006729:INFO:aha/components/towel/public/provider.cc:196] [TOWEL][Provider::GetMetaInfo] provider trae-config-channel, method_size is 1 method_list is trae-config-channel::SEND
[33764:33764:0723/154336.006774:INFO:aha/components/towel/common/master_impl.cc:193] [TOWEL][MasterImpl::GetAllProviders] provider size is 6 given size is 6
[33764:33764:0723/154336.006808:INFO:aha/components/towel/public/provider.cc:310] [TOWEL][Provider::ListenEvent] start, from ap RoutingId(33764, 931270908), event_list is trae-config-channel::PUSH_PACKET
[33764:33764:0723/154336.006816:INFO:aha/components/towel/public/provider.cc:316] [TOWEL][Provider::ListenEvent] no APListenInfo, create one
[33764:33764:0723/154336.006821:INFO:aha/components/towel/public/provider.cc:325] [TOWEL][Provider::ListenEvent] no remote_ap for RoutingId(33764, 931270908), get it from master
[33764:33785:0723/154336.006822:INFO:aha/components/towel/common/ap_impl.cc:530] [TOWEL][APImpl::OnGetProviderMetaInfo]: RoutingId(33764, 1622696390) provider ai-agent
[33764:33785:0723/154336.006834:INFO:aha/components/towel/common/ap_impl.cc:540] [TOWEL][APImpl::OnGetProviderMetaInfo] update meta info for ai-agent method_list is ai-agent::SEND, event_list is ai-agent::PUSH_PACKET
[33764:33785:0723/154336.006846:INFO:aha/components/towel/common/static_routing_ap.cc:181] [TOWEL][StaticRoutingAP::RunPendingRequestAndEvents] provider_name= ai-agent
[33764:33785:0723/154336.006946:INFO:aha/components/towel/common/ap_impl.cc:530] [TOWEL][APImpl::OnGetProviderMetaInfo]: RoutingId(33764, 1622696390) provider ai
[33764:33785:0723/154336.006955:INFO:aha/components/towel/common/ap_impl.cc:540] [TOWEL][APImpl::OnGetProviderMetaInfo] update meta info for ai method_list is ai::SEND, event_list is ai::PUSH_PACKET
[33764:33785:0723/154336.006961:INFO:aha/components/towel/common/static_routing_ap.cc:181] [TOWEL][StaticRoutingAP::RunPendingRequestAndEvents] provider_name= ai
[33764:33764:0723/154336.007453:INFO:aha/components/towel/common/ap_impl.cc:530] [TOWEL][APImpl::OnGetProviderMetaInfo]: RoutingId(33764, 1059101657) provider ai-agent
[33764:33764:0723/154336.007463:INFO:aha/components/towel/common/ap_impl.cc:540] [TOWEL][APImpl::OnGetProviderMetaInfo] update meta info for ai-agent method_list is ai-agent::SEND, event_list is ai-agent::PUSH_PACKET
[33764:33764:0723/154336.007468:INFO:aha/components/towel/common/static_routing_ap.cc:181] [TOWEL][StaticRoutingAP::RunPendingRequestAndEvents] provider_name= ai-agent
[33764:33764:0723/154336.007478:INFO:aha/components/towel/common/ap_impl.cc:530] [TOWEL][APImpl::OnGetProviderMetaInfo]: RoutingId(33764, 1409681106) provider ai-agent
[33764:33764:0723/154336.007483:INFO:aha/components/towel/common/ap_impl.cc:540] [TOWEL][APImpl::OnGetProviderMetaInfo] update meta info for ai-agent method_list is ai-agent::SEND, event_list is ai-agent::PUSH_PACKET
[33764:33764:0723/154336.007487:INFO:aha/components/towel/common/static_routing_ap.cc:181] [TOWEL][StaticRoutingAP::RunPendingRequestAndEvents] provider_name= ai-agent
[33764:33764:0723/154336.007506:INFO:aha/components/towel/common/master_impl.cc:78] [TOWEL][MasterImpl::BindAP] success for 931270908
[33764:33764:0723/154336.007516:INFO:aha/components/towel/common/ap_impl.cc:530] [TOWEL][APImpl::OnGetProviderMetaInfo]: RoutingId(33764, 1962914899) provider ai-agent
[33764:33764:0723/154336.007522:INFO:aha/components/towel/common/ap_impl.cc:540] [TOWEL][APImpl::OnGetProviderMetaInfo] update meta info for ai-agent method_list is ai-agent::SEND, event_list is ai-agent::PUSH_PACKET
[33764:33764:0723/154336.007526:INFO:aha/components/towel/common/static_routing_ap.cc:181] [TOWEL][StaticRoutingAP::RunPendingRequestAndEvents] provider_name= ai-agent
[33764:33764:0723/154336.007532:INFO:aha/components/towel/common/ap_impl.cc:530] [TOWEL][APImpl::OnGetProviderMetaInfo]: RoutingId(33764, 1059101657) provider ai
[33764:33764:0723/154336.007536:INFO:aha/components/towel/common/ap_impl.cc:540] [TOWEL][APImpl::OnGetProviderMetaInfo] update meta info for ai method_list is ai::SEND, event_list is ai::PUSH_PACKET
[33764:33764:0723/154336.007540:INFO:aha/components/towel/common/static_routing_ap.cc:181] [TOWEL][StaticRoutingAP::RunPendingRequestAndEvents] provider_name= ai
[33764:33764:0723/154336.007548:INFO:aha/components/towel/common/ap_impl.cc:530] [TOWEL][APImpl::OnGetProviderMetaInfo]: RoutingId(33764, 1409681106) provider ai
[33764:33764:0723/154336.007552:INFO:aha/components/towel/common/ap_impl.cc:540] [TOWEL][APImpl::OnGetProviderMetaInfo] update meta info for ai method_list is ai::SEND, event_list is ai::PUSH_PACKET
[33764:33764:0723/154336.007555:INFO:aha/components/towel/common/static_routing_ap.cc:181] [TOWEL][StaticRoutingAP::RunPendingRequestAndEvents] provider_name= ai
[33764:33764:0723/154336.007561:INFO:aha/components/towel/common/ap_impl.cc:530] [TOWEL][APImpl::OnGetProviderMetaInfo]: RoutingId(33764, 1962914899) provider ai
[33764:33764:0723/154336.007565:INFO:aha/components/towel/common/ap_impl.cc:540] [TOWEL][APImpl::OnGetProviderMetaInfo] update meta info for ai method_list is ai::SEND, event_list is ai::PUSH_PACKET
[33764:33764:0723/154336.007569:INFO:aha/components/towel/common/static_routing_ap.cc:181] [TOWEL][StaticRoutingAP::RunPendingRequestAndEvents] provider_name= ai
[33764:33764:0723/154336.007579:INFO:aha/components/towel/common/master_impl.cc:78] [TOWEL][MasterImpl::BindAP] success for 1409681106
[33764:33764:0723/154336.007599:INFO:aha/components/towel/common/master_impl.cc:78] [TOWEL][MasterImpl::BindAP] success for 950907146
[33764:33764:0723/154336.007623:INFO:aha/components/towel/common/master_impl.cc:78] [TOWEL][MasterImpl::BindAP] success for 1059101657
[33764:33764:0723/154336.007633:INFO:aha/components/towel/public/provider.cc:196] [TOWEL][Provider::GetMetaInfo] provider BlockDetectorProvider, method_size is 1 method_list is BlockDetector::HEART_BEAT
[33764:33764:0723/154336.007645:INFO:aha/components/towel/public/provider.cc:196] [TOWEL][Provider::GetMetaInfo] provider trae-config-channel, method_size is 1 method_list is trae-config-channel::SEND
[33764:33764:0723/154336.010191:ERROR:electron/shell/browser/electron_browser_client.cc:1749] bind receiver for render
[33764:33764:0723/154336.010204:INFO:aha/components/towel/embedder/master_binder.cc:52] [TOWEL]BindMasterInBrowser, ProcessType(2)
[33764:33764:0723/154336.010218:INFO:aha/components/towel/embedder/master_binder.cc:55] [TOWEL]BindMasterInBrowser, run in main thread, bind.
[33764:33764:0723/154336.010237:INFO:aha/components/towel/common/master_impl.cc:39] [TOWEL][MasterImpl::AddAPWithId] add ap 1144841773
[33764:33764:0723/154336.010252:INFO:aha/components/towel/common/master_impl.cc:55] [TOWEL][MasterImpl::AddAP] add ap 1144841773
[33764:33764:0723/154336.010308:INFO:aha/components/towel/common/master_impl.cc:193] [TOWEL][MasterImpl::GetAllProviders] provider size is 6 given size is 6
[33764:33764:0723/154336.014580:INFO:aha/components/page_load_metrics/observers/page_load_metrics_observer.cc:448] [page_load_metrics][traceId-] this:0x324400172e00, OnLoadedResource: request_start: -14360098, response_start: -14360098, response_end: 87, main_body_bytes: 1956B (1.910KiB)
[33764:33764:0723/154336.033147:INFO:aha/components/towel/public/provider.cc:196] [TOWEL][Provider::GetMetaInfo] provider BlockDetectorProvider, method_size is 1 method_list is BlockDetector::HEART_BEAT
[33764:33764:0723/154336.033311:INFO:aha/components/towel/public/provider.cc:196] [TOWEL][Provider::GetMetaInfo] provider trae-config-channel, method_size is 1 method_list is trae-config-channel::SEND
[33764:33764:0723/154336.068057:INFO:aha/components/towel/common/static_routing_ap.cc:244] [TOWEL]run timeout checker
[33764:33764:0723/154336.138515:ERROR:electron/shell/browser/electron_browser_client.cc:1997] bind receiver for utility
[33764:33764:0723/154336.138531:INFO:aha/components/towel/embedder/master_binder.cc:52] [TOWEL]BindMasterInBrowser, ProcessType(2)
[33764:33764:0723/154336.138542:INFO:aha/components/towel/embedder/master_binder.cc:55] [TOWEL]BindMasterInBrowser, run in main thread, bind.
[33764:33764:0723/154336.138556:INFO:aha/components/towel/common/master_impl.cc:39] [TOWEL][MasterImpl::AddAPWithId] add ap 1704102010
[33764:33764:0723/154336.138567:INFO:aha/components/towel/common/master_impl.cc:55] [TOWEL][MasterImpl::AddAP] add ap 1704102010
[33764:33764:0723/154336.138627:INFO:aha/components/towel/common/master_impl.cc:193] [TOWEL][MasterImpl::GetAllProviders] provider size is 6 given size is 6
[33764:33764:0723/154336.168090:INFO:aha/components/towel/common/static_routing_ap.cc:244] [TOWEL]run timeout checker
[33764:33764:0723/154336.168341:INFO:aha/components/towel/public/provider.cc:196] [TOWEL][Provider::GetMetaInfo] provider BlockDetectorProvider, method_size is 1 method_list is BlockDetector::HEART_BEAT
[33764:33764:0723/154336.168402:INFO:aha/components/towel/public/provider.cc:196] [TOWEL][Provider::GetMetaInfo] provider trae-config-channel, method_size is 1 method_list is trae-config-channel::SEND
[33764:33764:0723/154336.168451:INFO:aha/components/towel/public/provider.cc:310] [TOWEL][Provider::ListenEvent] start, from ap RoutingId(33764, 1704102010), event_list is trae-config-channel::PUSH_PACKET
[33764:33764:0723/154336.168459:INFO:aha/components/towel/public/provider.cc:316] [TOWEL][Provider::ListenEvent] no APListenInfo, create one
[33764:33764:0723/154336.168464:INFO:aha/components/towel/public/provider.cc:325] [TOWEL][Provider::ListenEvent] no remote_ap for RoutingId(33764, 1704102010), get it from master
[33764:33764:0723/154336.168499:INFO:aha/components/towel/common/master_impl.cc:78] [TOWEL][MasterImpl::BindAP] success for 1704102010
[33764:33764:0723/154336.268617:INFO:aha/components/towel/common/static_routing_ap.cc:244] [TOWEL]run timeout checker
[33764:33764:0723/154336.368683:INFO:aha/components/towel/common/static_routing_ap.cc:244] [TOWEL]run timeout checker
[33764:33764:0723/154336.462799:ERROR:electron/shell/browser/electron_browser_client.cc:1997] bind receiver for utility
[33764:33764:0723/154336.462815:INFO:aha/components/towel/embedder/master_binder.cc:52] [TOWEL]BindMasterInBrowser, ProcessType(2)
[33764:33764:0723/154336.462826:INFO:aha/components/towel/embedder/master_binder.cc:55] [TOWEL]BindMasterInBrowser, run in main thread, bind.
[33764:33785:0723/154336.462887:INFO:aha/electron/shell/browser/aha_feature_list/aha_remote_state.cc:178] [RemoteState] SerializeValueToFile, Writing to /home/eternity/.config/Trae/aha/Remote_State, success 1
[33764:33764:0723/154336.463092:INFO:aha/components/towel/common/master_impl.cc:39] [TOWEL][MasterImpl::AddAPWithId] add ap 435629856
[33764:33764:0723/154336.463107:INFO:aha/components/towel/common/master_impl.cc:55] [TOWEL][MasterImpl::AddAP] add ap 435629856
[33764:33764:0723/154336.463170:INFO:aha/components/towel/common/master_impl.cc:193] [TOWEL][MasterImpl::GetAllProviders] provider size is 6 given size is 6
[33764:33764:0723/154336.463353:INFO:aha/components/towel/public/provider.cc:196] [TOWEL][Provider::GetMetaInfo] provider BlockDetectorProvider, method_size is 1 method_list is BlockDetector::HEART_BEAT
[33764:33764:0723/154336.463373:INFO:aha/components/towel/public/provider.cc:196] [TOWEL][Provider::GetMetaInfo] provider trae-config-channel, method_size is 1 method_list is trae-config-channel::SEND
[33764:33764:0723/154336.469003:INFO:aha/components/towel/common/static_routing_ap.cc:244] [TOWEL]run timeout checker
[33764:33764:0723/154336.485029:ERROR:aha/components/page_load_metrics/observers/page_load_metrics_observer.cc:764] [page_load_metrics][traceId-] this:0x324400172e00, OnDidAddMessageToConsole: src:workbench.desktop.main.js:38, message:%c  ERR color: #f33 [IcubeWorktreeService] isUnderConfigWorktreePath: worktreeDir is not initialized
[33764:33764:0723/154336.487137:ERROR:aha/components/page_load_metrics/observers/page_load_metrics_observer.cc:764] [page_load_metrics][traceId-] this:0x324400172e00, OnDidAddMessageToConsole: src:workbench.desktop.main.js:38, message:%c  ERR color: #f33 [IcubeWorktreeService] isUnderConfigWorktreePath: worktreeDir is not initialized
[33764:33810:0723/154336.550551:ERROR:base/nix/mime_util_xdg.cc:139] Invalid mime.cache file does not contain null prior to ALIAS_LIST_OFFSET=44
[33764:33764:0723/154336.569691:INFO:aha/components/towel/common/static_routing_ap.cc:244] [TOWEL]run timeout checker
[33764:33764:0723/154336.593212:INFO:aha/components/perf/perf_custom_param_manager.cc:25] Add custom category param isSoloMode = false
 for process 33907
[33764:33764:0723/154336.593237:INFO:aha/components/perf/perf_custom_param_manager.cc:25] Add custom category param isAIChatting = false
 for process 33907
[33764:33764:0723/154336.593257:INFO:aha/components/perf/perf_custom_param_manager.cc:25] Add custom category param isStreaming = false
 for process 33907
[33764:33764:0723/154336.595156:INFO:aha/components/towel/common/master_impl.cc:78] [TOWEL][MasterImpl::BindAP] success for 1144841773
[33764:33764:0723/154336.670174:INFO:aha/components/towel/common/static_routing_ap.cc:244] [TOWEL]run timeout checker
[33764:33764:0723/154336.737017:ERROR:aha/components/page_load_metrics/observers/page_load_metrics_observer.cc:764] [page_load_metrics][traceId-] this:0x324400172e00, OnDidAddMessageToConsole: src:workbench.desktop.main.js:38, message:%c  ERR color: #f33 not login: Error: not login
    at E9e.setup (vscode-file://vscode-app/usr/share/trae/resources/app/out/vs/workbench/workbench.desktop.main.js:3847:9167)
[33764:33764:0723/154336.771166:INFO:aha/components/towel/common/static_routing_ap.cc:244] [TOWEL]run timeout checker
[33764:33764:0723/154336.781364:INFO:content/public/browser/service_process_host.cc:108] vscode_crash_reporter_process_type: is extensionHost
[33764:33764:0723/154336.785293:INFO:aha/components/process_observer/aha_process_observer.cc:45] [process observer][process launched] type is:extensionHost, pid is:34002
[33764:33785:0723/154336.785332:INFO:aha/components/perf/process/process_type_provider.cc:105] [ProcessTypeProvider] AddProcessOnTaskRunner, pid 34002, type extensionHost
[33764:33764:0723/154336.785343:INFO:aha/components/perf/perf_manager_base.cc:448] [perf manager][function = AddProcess] add process:34002
[33764:33764:0723/154336.785387:INFO:aha/components/perf/collector/perf_collector_base.cc:29] [perf collector][function=ShouldCollectProcess] AddProcess pid:34002 cmd:/proc/self/exe --type=utility --utility-sub-type=node.mojom.NodeService --lang=zh-CN --service-sandbox-type=none --render-node-override=/dev/dri/renderD129 --dns-result-order=ipv4first --experimental-network-inspection --inspect-port=0 --vscode-crash-reporter-process-type=extensionHost --crashpad-handler-pid=33766 --enable-crash-reporter=cf0573c6-7444-4116-be82-e562a048b8e6,no_channel --user-data-dir=/home/eternity/.config/Trae --standard-schemes=vscode-webview,vscode-file --enable-sandbox --secure-schemes=vscode-webview,vscode-file --cors-schemes=vscode-webview,vscode-file --fetch-schemes=vscode-webview,vscode-file --service-worker-schemes=vscode-webview --code-cache-schemes=vscode-webview,vscode-file --shared-files=v8_context_snapshot_data:100 --field-trial-handle=3,i,10423738585097041841,11912227272196820433,262144 --enable-features=DocumentPolicyIncludeJSCallStacksInCrashReports,EarlyEstablishGpuChannel,EstablishGpuChannelAsync,PdfUseShowSaveFilePicker --disable-features=CalculateNativeWinOcclusion,LocalNetworkAccessChecks,ScreenAIOCREnabled,SpareRendererForSitePerProcess,TraceSiteInstanceGetProcessCreation --variations-seed-version --trace-process-track-uuid=3190708995682289984
[33764:33764:0723/154336.785419:INFO:aha/components/perf/collector/perf_collector_base.cc:29] [perf collector][function=ShouldCollectProcess] AddProcess pid:34002 cmd:/proc/self/exe --type=utility --utility-sub-type=node.mojom.NodeService --lang=zh-CN --service-sandbox-type=none --render-node-override=/dev/dri/renderD129 --dns-result-order=ipv4first --experimental-network-inspection --inspect-port=0 --vscode-crash-reporter-process-type=extensionHost --crashpad-handler-pid=33766 --enable-crash-reporter=cf0573c6-7444-4116-be82-e562a048b8e6,no_channel --user-data-dir=/home/eternity/.config/Trae --standard-schemes=vscode-webview,vscode-file --enable-sandbox --secure-schemes=vscode-webview,vscode-file --cors-schemes=vscode-webview,vscode-file --fetch-schemes=vscode-webview,vscode-file --service-worker-schemes=vscode-webview --code-cache-schemes=vscode-webview,vscode-file --shared-files=v8_context_snapshot_data:100 --field-trial-handle=3,i,10423738585097041841,11912227272196820433,262144 --enable-features=DocumentPolicyIncludeJSCallStacksInCrashReports,EarlyEstablishGpuChannel,EstablishGpuChannelAsync,PdfUseShowSaveFilePicker --disable-features=CalculateNativeWinOcclusion,LocalNetworkAccessChecks,ScreenAIOCREnabled,SpareRendererForSitePerProcess,TraceSiteInstanceGetProcessCreation --variations-seed-version --trace-process-track-uuid=3190708995682289984
[33764:33764:0723/154336.785452:INFO:aha/components/perf/collector/perf_collector_base.cc:29] [perf collector][function=ShouldCollectProcess] AddProcess pid:34002 cmd:/proc/self/exe --type=utility --utility-sub-type=node.mojom.NodeService --lang=zh-CN --service-sandbox-type=none --render-node-override=/dev/dri/renderD129 --dns-result-order=ipv4first --experimental-network-inspection --inspect-port=0 --vscode-crash-reporter-process-type=extensionHost --crashpad-handler-pid=33766 --enable-crash-reporter=cf0573c6-7444-4116-be82-e562a048b8e6,no_channel --user-data-dir=/home/eternity/.config/Trae --standard-schemes=vscode-webview,vscode-file --enable-sandbox --secure-schemes=vscode-webview,vscode-file --cors-schemes=vscode-webview,vscode-file --fetch-schemes=vscode-webview,vscode-file --service-worker-schemes=vscode-webview --code-cache-schemes=vscode-webview,vscode-file --shared-files=v8_context_snapshot_data:100 --field-trial-handle=3,i,10423738585097041841,11912227272196820433,262144 --enable-features=DocumentPolicyIncludeJSCallStacksInCrashReports,EarlyEstablishGpuChannel,EstablishGpuChannelAsync,PdfUseShowSaveFilePicker --disable-features=CalculateNativeWinOcclusion,LocalNetworkAccessChecks,ScreenAIOCREnabled,SpareRendererForSitePerProcess,TraceSiteInstanceGetProcessCreation --variations-seed-version --trace-process-track-uuid=3190708995682289984
[33764:33764:0723/154336.871534:INFO:aha/components/towel/common/static_routing_ap.cc:244] [TOWEL]run timeout checker
[33764:33764:0723/154336.874652:INFO:content/public/browser/service_process_host.cc:108] vscode_crash_reporter_process_type: is shared-process
[33764:33764:0723/154336.877736:INFO:content/public/browser/service_process_host.cc:108] vscode_crash_reporter_process_type: is fileWatcher
[33764:33764:0723/154336.880325:INFO:aha/components/process_observer/aha_process_observer.cc:45] [process observer][process launched] type is:shared-process, pid is:34025
[33764:33785:0723/154336.880377:INFO:aha/components/perf/process/process_type_provider.cc:105] [ProcessTypeProvider] AddProcessOnTaskRunner, pid 34025, type shared-process
[33764:33764:0723/154336.880399:INFO:aha/components/perf/perf_manager_base.cc:448] [perf manager][function = AddProcess] add process:34025
[33764:33764:0723/154336.880471:INFO:aha/components/perf/collector/perf_collector_base.cc:29] [perf collector][function=ShouldCollectProcess] AddProcess pid:34025 cmd:/proc/self/exe --type=utility --utility-sub-type=node.mojom.NodeService --lang=zh-CN --service-sandbox-type=none --render-node-override=/dev/dri/renderD129 --vscode-crash-reporter-process-type=shared-process --crashpad-handler-pid=33766 --enable-crash-reporter=cf0573c6-7444-4116-be82-e562a048b8e6,no_channel --user-data-dir=/home/eternity/.config/Trae --standard-schemes=vscode-webview,vscode-file --enable-sandbox --secure-schemes=vscode-webview,vscode-file --cors-schemes=vscode-webview,vscode-file --fetch-schemes=vscode-webview,vscode-file --service-worker-schemes=vscode-webview --code-cache-schemes=vscode-webview,vscode-file --shared-files=v8_context_snapshot_data:100 --field-trial-handle=3,i,10423738585097041841,11912227272196820433,262144 --enable-features=DocumentPolicyIncludeJSCallStacksInCrashReports,EarlyEstablishGpuChannel,EstablishGpuChannelAsync,PdfUseShowSaveFilePicker --disable-features=CalculateNativeWinOcclusion,LocalNetworkAccessChecks,ScreenAIOCREnabled,SpareRendererForSitePerProcess,TraceSiteInstanceGetProcessCreation --variations-seed-version --trace-process-track-uuid=3190708996619331833
[33764:33764:0723/154336.880500:INFO:aha/components/perf/collector/perf_collector_base.cc:29] [perf collector][function=ShouldCollectProcess] AddProcess pid:34025 cmd:/proc/self/exe --type=utility --utility-sub-type=node.mojom.NodeService --lang=zh-CN --service-sandbox-type=none --render-node-override=/dev/dri/renderD129 --vscode-crash-reporter-process-type=shared-process --crashpad-handler-pid=33766 --enable-crash-reporter=cf0573c6-7444-4116-be82-e562a048b8e6,no_channel --user-data-dir=/home/eternity/.config/Trae --standard-schemes=vscode-webview,vscode-file --enable-sandbox --secure-schemes=vscode-webview,vscode-file --cors-schemes=vscode-webview,vscode-file --fetch-schemes=vscode-webview,vscode-file --service-worker-schemes=vscode-webview --code-cache-schemes=vscode-webview,vscode-file --shared-files=v8_context_snapshot_data:100 --field-trial-handle=3,i,10423738585097041841,11912227272196820433,262144 --enable-features=DocumentPolicyIncludeJSCallStacksInCrashReports,EarlyEstablishGpuChannel,EstablishGpuChannelAsync,PdfUseShowSaveFilePicker --disable-features=CalculateNativeWinOcclusion,LocalNetworkAccessChecks,ScreenAIOCREnabled,SpareRendererForSitePerProcess,TraceSiteInstanceGetProcessCreation --variations-seed-version --trace-process-track-uuid=3190708996619331833
[33764:33764:0723/154336.880538:INFO:aha/components/perf/collector/perf_collector_base.cc:29] [perf collector][function=ShouldCollectProcess] AddProcess pid:34025 cmd:/proc/self/exe --type=utility --utility-sub-type=node.mojom.NodeService --lang=zh-CN --service-sandbox-type=none --render-node-override=/dev/dri/renderD129 --vscode-crash-reporter-process-type=shared-process --crashpad-handler-pid=33766 --enable-crash-reporter=cf0573c6-7444-4116-be82-e562a048b8e6,no_channel --user-data-dir=/home/eternity/.config/Trae --standard-schemes=vscode-webview,vscode-file --enable-sandbox --secure-schemes=vscode-webview,vscode-file --cors-schemes=vscode-webview,vscode-file --fetch-schemes=vscode-webview,vscode-file --service-worker-schemes=vscode-webview --code-cache-schemes=vscode-webview,vscode-file --shared-files=v8_context_snapshot_data:100 --field-trial-handle=3,i,10423738585097041841,11912227272196820433,262144 --enable-features=DocumentPolicyIncludeJSCallStacksInCrashReports,EarlyEstablishGpuChannel,EstablishGpuChannelAsync,PdfUseShowSaveFilePicker --disable-features=CalculateNativeWinOcclusion,LocalNetworkAccessChecks,ScreenAIOCREnabled,SpareRendererForSitePerProcess,TraceSiteInstanceGetProcessCreation --variations-seed-version --trace-process-track-uuid=3190708996619331833
[33764:33764:0723/154336.880724:INFO:aha/components/process_observer/aha_process_observer.cc:45] [process observer][process launched] type is:fileWatcher, pid is:34026
[33764:33785:0723/154336.880743:INFO:aha/components/perf/process/process_type_provider.cc:105] [ProcessTypeProvider] AddProcessOnTaskRunner, pid 34026, type fileWatcher
[33764:33764:0723/154336.880749:INFO:aha/components/perf/perf_manager_base.cc:448] [perf manager][function = AddProcess] add process:34026
[33764:33764:0723/154336.880778:INFO:aha/components/perf/collector/perf_collector_base.cc:29] [perf collector][function=ShouldCollectProcess] AddProcess pid:34026 cmd:
[33764:33764:0723/154336.880797:INFO:aha/components/perf/collector/perf_collector_base.cc:29] [perf collector][function=ShouldCollectProcess] AddProcess pid:34026 cmd:
[33764:33764:0723/154336.880808:INFO:aha/components/perf/collector/perf_collector_base.cc:29] [perf collector][function=ShouldCollectProcess] AddProcess pid:34026 cmd:
[33764:33764:0723/154336.930065:ERROR:aha/components/page_load_metrics/observers/page_load_metrics_observer.cc:764] [page_load_metrics][traceId-] this:0x324400172e00, OnDidAddMessageToConsole: src:workbench.desktop.main.js:3845, message:[SANDBOX_TO_MAIN_GET_SETUP_PAGE_LOGIN_FAILED_STATUS] reason: 
[33764:33764:0723/154336.967231:ERROR:electron/shell/browser/electron_browser_client.cc:1997] bind receiver for utility
[33764:33764:0723/154336.967255:INFO:aha/components/towel/embedder/master_binder.cc:52] [TOWEL]BindMasterInBrowser, ProcessType(2)
[33764:33764:0723/154336.967269:INFO:aha/components/towel/embedder/master_binder.cc:55] [TOWEL]BindMasterInBrowser, run in main thread, bind.
[33764:33764:0723/154336.967698:INFO:aha/components/towel/common/master_impl.cc:153] [TOWEL][MasterImpl::RegisterProvider] success cueServer provider size now is 7
[33764:33785:0723/154336.967719:INFO:aha/components/towel/common/ap_impl.cc:406] [TOWEL][APImpl::OnProviderAdded] provider_name cueServer, RoutingId(33764, 1622696390)
[33764:33785:0723/154336.967730:INFO:aha/components/monitor/monitor.cc:173] [Monitor] OnProviderConnected: OnProviderConnected, name: cueServer
[33764:33785:0723/154336.967737:INFO:aha/components/towel/common/static_routing_ap.cc:181] [TOWEL][StaticRoutingAP::RunPendingRequestAndEvents] provider_name= cueServer
[33764:33764:0723/154336.967839:INFO:aha/components/towel/common/ap_impl.cc:406] [TOWEL][APImpl::OnProviderAdded] provider_name cueServer, RoutingId(33764, 1059101657)
[33764:33764:0723/154336.967851:INFO:aha/components/towel/common/static_routing_ap.cc:181] [TOWEL][StaticRoutingAP::RunPendingRequestAndEvents] provider_name= cueServer
[33764:33764:0723/154336.967890:INFO:aha/components/towel/common/ap_impl.cc:406] [TOWEL][APImpl::OnProviderAdded] provider_name cueServer, RoutingId(33764, 1409681106)
[33764:33764:0723/154336.967902:INFO:aha/components/ipc/ipc_client.cc:172] [AhaIpc] provider connected, name: cueServer
[33764:33764:0723/154336.967910:WARNING:aha/components/towel/common/ap_impl.cc:220] [TOWEL][APImpl::ListensEvents] no provider for event cueServer::PUSH_PACKET
[33764:33764:0723/154336.967916:INFO:aha/components/towel/common/ap_impl.cc:594] [TOWEL][APImpl::ListensEvents] start, RoutingId(33764, 1409681106)
[33764:33764:0723/154336.967922:INFO:aha/components/towel/common/ap_impl.cc:596] [TOWEL][APImpl::ListensEvents] no pending_listen_requests_, do nothing
[33764:33764:0723/154336.967928:INFO:aha/components/towel/common/static_routing_ap.cc:171] [TOWEL][StaticRoutingAP::TryAddPendingEvents] provider not ready, store event and wait. event cueServer::PUSH_PACKET
[33764:33764:0723/154336.967935:INFO:aha/components/towel/common/static_routing_ap.cc:181] [TOWEL][StaticRoutingAP::RunPendingRequestAndEvents] provider_name= cueServer
[33764:33764:0723/154336.967939:INFO:aha/components/towel/common/static_routing_ap.cc:195] [TOWEL][StaticRoutingAP::RunPendingEvents] run pending events, event_list is cueServer::PUSH_PACKET,cueServer::PUSH_PACKET
[33764:33764:0723/154336.967949:INFO:aha/components/towel/common/static_routing_ap.cc:217] [TOWEL][StaticRoutingAP::RunPendingRequestAndEvents] run pending requests, method= cueServer::SEND
[33764:33764:0723/154336.967961:INFO:aha/components/towel/common/static_routing_ap.cc:217] [TOWEL][StaticRoutingAP::RunPendingRequestAndEvents] run pending requests, method= cueServer::SEND
[33764:33764:0723/154336.967990:INFO:aha/components/towel/common/ap_impl.cc:406] [TOWEL][APImpl::OnProviderAdded] provider_name cueServer, RoutingId(33764, 1962914899)
[33764:33764:0723/154336.967998:INFO:aha/components/towel/common/static_routing_ap.cc:181] [TOWEL][StaticRoutingAP::RunPendingRequestAndEvents] provider_name= cueServer
[33764:33764:0723/154336.972198:ERROR:aha/components/basil/core/native_extension_manager_impl.cc:51] [Basil][Basil] no extension found, name=ckg
[33764:33764:0723/154336.972234:INFO:aha/components/basil/core/native_extension_impl.cc:105] [Basil]native_extension created, name=ckg
[33764:33764:0723/154336.972247:INFO:aha/components/basil/core/native_extension_impl.cc:130] [Basil]launch native extension process start, name=ckg
[33764:33764:0723/154336.972259:INFO:content/public/browser/service_process_host.cc:108] vscode_crash_reporter_process_type: is ckg
[33764:33785:0723/154336.976401:INFO:aha/components/towel/common/ap_impl.cc:530] [TOWEL][APImpl::OnGetProviderMetaInfo]: RoutingId(33764, 1622696390) provider cueServer
[33764:33785:0723/154336.976441:INFO:aha/components/towel/common/ap_impl.cc:540] [TOWEL][APImpl::OnGetProviderMetaInfo] update meta info for cueServer method_list is cueServer::SEND, event_list is cueServer::PUSH_PACKET
[33764:33785:0723/154336.976464:INFO:aha/components/towel/common/static_routing_ap.cc:181] [TOWEL][StaticRoutingAP::RunPendingRequestAndEvents] provider_name= cueServer
[33764:33764:0723/154336.976996:INFO:aha/components/towel/common/static_routing_ap.cc:244] [TOWEL]run timeout checker
[33764:33764:0723/154336.977010:INFO:aha/components/towel/common/static_routing_ap.cc:267] [TOWEL]stop timeout checker
[33764:33764:0723/154336.977039:INFO:aha/components/towel/common/ap_impl.cc:530] [TOWEL][APImpl::OnGetProviderMetaInfo]: RoutingId(33764, 1059101657) provider cueServer
[33764:33764:0723/154336.977048:INFO:aha/components/towel/common/ap_impl.cc:540] [TOWEL][APImpl::OnGetProviderMetaInfo] update meta info for cueServer method_list is cueServer::SEND, event_list is cueServer::PUSH_PACKET
[33764:33764:0723/154336.977061:INFO:aha/components/towel/common/static_routing_ap.cc:181] [TOWEL][StaticRoutingAP::RunPendingRequestAndEvents] provider_name= cueServer
[33764:33764:0723/154336.977080:INFO:aha/components/towel/common/ap_impl.cc:530] [TOWEL][APImpl::OnGetProviderMetaInfo]: RoutingId(33764, 1409681106) provider cueServer
[33764:33764:0723/154336.977091:INFO:aha/components/towel/common/ap_impl.cc:540] [TOWEL][APImpl::OnGetProviderMetaInfo] update meta info for cueServer method_list is cueServer::SEND, event_list is cueServer::PUSH_PACKET
[33764:33764:0723/154336.977103:INFO:aha/components/towel/common/static_routing_ap.cc:181] [TOWEL][StaticRoutingAP::RunPendingRequestAndEvents] provider_name= cueServer
[33764:33764:0723/154336.977115:INFO:aha/components/towel/common/ap_impl.cc:530] [TOWEL][APImpl::OnGetProviderMetaInfo]: RoutingId(33764, 1962914899) provider cueServer
[33764:33764:0723/154336.977120:INFO:aha/components/towel/common/ap_impl.cc:540] [TOWEL][APImpl::OnGetProviderMetaInfo] update meta info for cueServer method_list is cueServer::SEND, event_list is cueServer::PUSH_PACKET
[33764:33764:0723/154336.977126:INFO:aha/components/towel/common/static_routing_ap.cc:181] [TOWEL][StaticRoutingAP::RunPendingRequestAndEvents] provider_name= cueServer
[33764:33764:0723/154336.977172:INFO:aha/components/towel/common/master_impl.cc:78] [TOWEL][MasterImpl::BindAP] success for 1409681106
[33764:33764:0723/154336.977253:INFO:aha/components/basil/core/native_extension_impl.cc:212] [Basil]process launched, name=ckg, pid=34065
[33764:33764:0723/154336.977368:INFO:aha/electron/shell/browser/api/electron_api_aha_reporter.cc:305] setPerfContextForProcess enableCkgAhaRequest true

[33764:33764:0723/154336.977384:INFO:aha/components/perf/perf_custom_param_manager.cc:25] Add custom category param enableCkgAhaRequest = true
 for process 34065
[33764:33764:0723/154336.977522:INFO:aha/components/process_observer/aha_process_observer.cc:45] [process observer][process launched] type is:ckg, pid is:34065
[33764:33785:0723/154336.977550:INFO:aha/components/perf/process/process_type_provider.cc:105] [ProcessTypeProvider] AddProcessOnTaskRunner, pid 34065, type ckg
[33764:33764:0723/154336.977589:INFO:aha/components/perf/perf_manager_base.cc:448] [perf manager][function = AddProcess] add process:34065
[33764:33764:0723/154336.977642:INFO:aha/components/perf/collector/perf_collector_base.cc:29] [perf collector][function=ShouldCollectProcess] AddProcess pid:34065 cmd:
[33764:33764:0723/154336.977656:INFO:aha/components/perf/collector/perf_collector_base.cc:29] [perf collector][function=ShouldCollectProcess] AddProcess pid:34065 cmd:
[33764:33764:0723/154336.977673:INFO:aha/components/perf/collector/perf_collector_base.cc:29] [perf collector][function=ShouldCollectProcess] AddProcess pid:34065 cmd:
[33764:33764:0723/154336.984847:ERROR:aha/components/basil/core/native_extension_impl.cc:259] [Basil]process crashed, name=ckg, code=256
[33764:33764:0723/154336.984865:INFO:aha/components/basil/core/native_extension_impl.cc:266] [Basil]HandleTermination, exit_code=256
[33764:33764:0723/154336.985140:INFO:aha/components/basil/core/native_extension_manager_impl.cc:96] [Basil]release native_extension, name=ckg
[33764:33764:0723/154336.985283:ERROR:aha/components/process_observer/aha_process_observer.cc:72] [process observer][process gone] type is: ckg, pid is: 34065, status is: 1, exit code is: 256, run time is: -1, is sandbox: 1
[33764:33785:0723/154336.985313:INFO:aha/components/perf/process/process_type_provider.cc:111] [ProcessTypeProvider] RemoveProcessOnTaskRunner, pid 34065
[33764:33764:0723/154336.985332:INFO:aha/components/perf/perf_manager_base.cc:509] [perf manager][function = RemoveProcess] remove exited process:34065
[33764:33764:0723/154336.996010:INFO:aha/components/ipc/ipc_client.cc:75] [AhaIpc] disconnect, channel_id: aca2395e-929d-4968-ae7e-32d1d0dfaf3c
[33764:33764:0723/154336.996067:INFO:aha/components/ipc/ipc_socket.cc:22] [AhaIpc] destruct, channel_id: aca2395e-929d-4968-ae7e-32d1d0dfaf3c
[33764:33764:0723/154336.996073:INFO:aha/components/ipc/ipc_socket.cc:69] [AhaIpc] socket on_disconnect, server: cueServer,  channel_id: aca2395e-929d-4968-ae7e-32d1d0dfaf3c
[33764:33764:0723/154336.996578:ERROR:aha/components/page_load_metrics/observers/page_load_metrics_observer.cc:764] [page_load_metrics][traceId-] this:0x324400172e00, OnDidAddMessageToConsole: src:workbench.desktop.main.js:6663, message:This document requires 'TrustedScriptURL' assignment. The action has been blocked.
[33764:33764:0723/154337.064705:ERROR:aha/components/page_load_metrics/observers/page_load_metrics_observer.cc:764] [page_load_metrics][traceId-] this:0x324400172e00, OnDidAddMessageToConsole: src:index.mjs:1, message:This document requires 'TrustedScript' assignment. The action has been blocked.
[33764:33764:0723/154337.085869:ERROR:aha/components/page_load_metrics/observers/page_load_metrics_observer.cc:764] [page_load_metrics][traceId-] this:0x324400172e00, OnDidAddMessageToConsole: src:index.mjs:11009, message:This document requires 'TrustedScript' assignment. The action has been blocked.
[33764:33764:0723/154337.128489:ERROR:electron/shell/browser/electron_browser_client.cc:1997] bind receiver for utility
[33764:33764:0723/154337.128505:INFO:aha/components/towel/embedder/master_binder.cc:52] [TOWEL]BindMasterInBrowser, ProcessType(2)
[33764:33764:0723/154337.128521:INFO:aha/components/towel/embedder/master_binder.cc:55] [TOWEL]BindMasterInBrowser, run in main thread, bind.
[33764:33764:0723/154337.128538:INFO:aha/components/towel/common/master_impl.cc:39] [TOWEL][MasterImpl::AddAPWithId] add ap 1126701992
[33764:33764:0723/154337.128551:INFO:aha/components/towel/common/master_impl.cc:55] [TOWEL][MasterImpl::AddAP] add ap 1126701992
[33764:33764:0723/154337.128632:INFO:aha/components/towel/common/master_impl.cc:193] [TOWEL][MasterImpl::GetAllProviders] provider size is 7 given size is 7
[33764:33764:0723/154337.150254:ERROR:aha/components/page_load_metrics/observers/page_load_metrics_observer.cc:764] [page_load_metrics][traceId-] this:0x324400172e00, OnDidAddMessageToConsole: src:index.mjs:1, message:This document requires 'TrustedScript' assignment and no 'default' policy for 'TrustedScript' has been defined. The action has been blocked.
[33764:33764:0723/154337.171090:INFO:aha/components/towel/public/provider.cc:196] [TOWEL][Provider::GetMetaInfo] provider BlockDetectorProvider, method_size is 1 method_list is BlockDetector::HEART_BEAT
[33764:33764:0723/154337.171190:INFO:aha/components/towel/public/provider.cc:196] [TOWEL][Provider::GetMetaInfo] provider trae-config-channel, method_size is 1 method_list is trae-config-channel::SEND
[33764:33764:0723/154337.181054:INFO:aha/components/page_load_metrics/observers/page_load_metrics_observer.cc:591] [page_load_metrics][traceId-] this:0x324400172e00, LCP event triggered: LCP: 867, index: 1
[33764:33764:0723/154337.181119:INFO:aha/components/metrics/metrics_base.cc:112] [startup]  category: , metrics: basicStartupComplete=20;basicStartupComplete_end=37;basicStartupComplete_start=17;commitNavigation=24;commitNavigation_end=855;commitNavigation_start=831;crashReporterStartup=10;crashReporterStartup_end=50;crashReporterStartup_start=40;createBrowserWindow=8;createBrowserWindow_end=781;createBrowserWindow_start=773;createNodeEnv=46;createNodeEnv_end=167;createNodeEnv_start=121;dcl=162;dcl_end=946;dcl_start=784;emitReadyEvent=0;emitReadyEvent_end=590;emitReadyEvent_start=590;fcp=867;fcp_end=1651;fcp_start=784;fmp=0;fmp_end=784;fmp_start=784;fp=188;fp_end=972;fp_start=784;initNodeEnv=27;initNodeEnv_end=194;initNodeEnv_start=167;initRunBrowser=4;initRunBrowser_end=95;initRunBrowser_start=91;initializeICU=2;initializeICU_end=39;initializeICU_start=37;joinAppCode=0;joinAppCode_end=521;joinAppCode_start=521;l=162;l_end=946;l_start=784;lcp=867;lcp_end=1651;lcp_start=784;loadAppCode=327;loadAppCode_end=521;loadAppCode_start=194;loadV8Snapshot=0;loadV8Snapshot_end=39;loadV8Snapshot_start=39;parse=90;parse_end=946;parse_start=856;rendererReady=54;rendererReady_end=838;rendererReady_start=784;response=84;response_end=871;response_start=787;startup=2038;startup_end=2038;startup_start=0;
[33764:33764:0723/154337.528703:ERROR:aha/components/page_load_metrics/observers/page_load_metrics_observer.cc:764] [page_load_metrics][traceId-] this:0x324400172e00, OnDidAddMessageToConsole: src:workbench.desktop.main.js:38, message:%c  ERR color: #f33 出现未知错误。有关详细信息，请参阅日志。
[33764:33764:0723/154337.541011:INFO:content/public/browser/service_process_host.cc:108] vscode_crash_reporter_process_type: is ptyHost
[33764:33764:0723/154337.545395:INFO:aha/components/process_observer/aha_process_observer.cc:45] [process observer][process launched] type is:ptyHost, pid is:34165
[33764:33785:0723/154337.545458:INFO:aha/components/perf/process/process_type_provider.cc:105] [ProcessTypeProvider] AddProcessOnTaskRunner, pid 34165, type ptyHost
[33764:33764:0723/154337.545481:INFO:aha/components/perf/perf_manager_base.cc:448] [perf manager][function = AddProcess] add process:34165
[33764:33764:0723/154337.545523:INFO:aha/components/perf/collector/perf_collector_base.cc:29] [perf collector][function=ShouldCollectProcess] AddProcess pid:34165 cmd:/proc/self/exe --type=utility --utility-sub-type=node.mojom.NodeService --lang=zh-CN --service-sandbox-type=none --render-node-override=/dev/dri/renderD129 --vscode-crash-reporter-process-type=ptyHost --crashpad-handler-pid=33766 --enable-crash-reporter=cf0573c6-7444-4116-be82-e562a048b8e6,no_channel --user-data-dir=/home/eternity/.config/Trae --standard-schemes=vscode-webview,vscode-file --enable-sandbox --secure-schemes=vscode-webview,vscode-file --cors-schemes=vscode-webview,vscode-file --fetch-schemes=vscode-webview,vscode-file --service-worker-schemes=vscode-webview --code-cache-schemes=vscode-webview,vscode-file --shared-files=v8_context_snapshot_data:100 --field-trial-handle=3,i,10423738585097041841,11912227272196820433,262144 --enable-features=DocumentPolicyIncludeJSCallStacksInCrashReports,EarlyEstablishGpuChannel,EstablishGpuChannelAsync,PdfUseShowSaveFilePicker --disable-features=CalculateNativeWinOcclusion,LocalNetworkAccessChecks,ScreenAIOCREnabled,SpareRendererForSitePerProcess,TraceSiteInstanceGetProcessCreation --variations-seed-version --trace-process-track-uuid=3190708999430457380
[33764:33764:0723/154337.545541:INFO:aha/components/perf/collector/perf_collector_base.cc:29] [perf collector][function=ShouldCollectProcess] AddProcess pid:34165 cmd:/proc/self/exe --type=utility --utility-sub-type=node.mojom.NodeService --lang=zh-CN --service-sandbox-type=none --render-node-override=/dev/dri/renderD129 --vscode-crash-reporter-process-type=ptyHost --crashpad-handler-pid=33766 --enable-crash-reporter=cf0573c6-7444-4116-be82-e562a048b8e6,no_channel --user-data-dir=/home/eternity/.config/Trae --standard-schemes=vscode-webview,vscode-file --enable-sandbox --secure-schemes=vscode-webview,vscode-file --cors-schemes=vscode-webview,vscode-file --fetch-schemes=vscode-webview,vscode-file --service-worker-schemes=vscode-webview --code-cache-schemes=vscode-webview,vscode-file --shared-files=v8_context_snapshot_data:100 --field-trial-handle=3,i,10423738585097041841,11912227272196820433,262144 --enable-features=DocumentPolicyIncludeJSCallStacksInCrashReports,EarlyEstablishGpuChannel,EstablishGpuChannelAsync,PdfUseShowSaveFilePicker --disable-features=CalculateNativeWinOcclusion,LocalNetworkAccessChecks,ScreenAIOCREnabled,SpareRendererForSitePerProcess,TraceSiteInstanceGetProcessCreation --variations-seed-version --trace-process-track-uuid=3190708999430457380
[33764:33764:0723/154337.545563:INFO:aha/components/perf/collector/perf_collector_base.cc:29] [perf collector][function=ShouldCollectProcess] AddProcess pid:34165 cmd:/proc/self/exe --type=utility --utility-sub-type=node.mojom.NodeService --lang=zh-CN --service-sandbox-type=none --render-node-override=/dev/dri/renderD129 --vscode-crash-reporter-process-type=ptyHost --crashpad-handler-pid=33766 --enable-crash-reporter=cf0573c6-7444-4116-be82-e562a048b8e6,no_channel --user-data-dir=/home/eternity/.config/Trae --standard-schemes=vscode-webview,vscode-file --enable-sandbox --secure-schemes=vscode-webview,vscode-file --cors-schemes=vscode-webview,vscode-file --fetch-schemes=vscode-webview,vscode-file --service-worker-schemes=vscode-webview --code-cache-schemes=vscode-webview,vscode-file --shared-files=v8_context_snapshot_data:100 --field-trial-handle=3,i,10423738585097041841,11912227272196820433,262144 --enable-features=DocumentPolicyIncludeJSCallStacksInCrashReports,EarlyEstablishGpuChannel,EstablishGpuChannelAsync,PdfUseShowSaveFilePicker --disable-features=CalculateNativeWinOcclusion,LocalNetworkAccessChecks,ScreenAIOCREnabled,SpareRendererForSitePerProcess,TraceSiteInstanceGetProcessCreation --variations-seed-version --trace-process-track-uuid=3190708999430457380
[33764:33764:0723/154337.550322:INFO:aha/components/process_observer/aha_process_observer.cc:56] [process observer][process disconnected] type is:extensionHost, pid is:34002
[33764:33785:0723/154337.550363:INFO:aha/components/perf/process/process_type_provider.cc:111] [ProcessTypeProvider] RemoveProcessOnTaskRunner, pid 34002
[33764:33764:0723/154337.550368:INFO:aha/components/perf/perf_manager_base.cc:509] [perf manager][function = RemoveProcess] remove exited process:34002
[33764:33764:0723/154337.550385:INFO:aha/components/perf/perf_custom_param_manager.cc:39] Remove custom params for process 34002
[33764:33764:0723/154337.566524:ERROR:aha/components/page_load_metrics/observers/page_load_metrics_observer.cc:764] [page_load_metrics][traceId-] this:0x324400172e00, OnDidAddMessageToConsole: src:workbench.desktop.main.js:38, message:%c  ERR color: #f33 Canceled: Error: Canceled
    at jvn (vscode-file://vscode-app/usr/share/trae/resources/app/out/vs/workbench/workbench.desktop.main.js:591:18271)
    at vscode-file://vscode-app/usr/share/trae/resources/app/out/vs/workbench/workbench.desktop.main.js:3873:13289
    at async vscode-file://vscode-app/usr/share/trae/resources/app/out/vs/workbench/workbench.desktop.main.js:3873:10871
    at async V9t.listFolder (vscode-file://vscode-app/usr/share/trae/resources/app/out/vs/workbench/workbench.desktop.main.js:3845:128149)
    at async Object.factory (vscode-file://vscode-app/usr/share/trae/resources/app/out/vs/workbench/workbench.desktop.main.js:3847:969)
[33764:33764:0723/154337.588720:ERROR:aha/components/page_load_metrics/observers/page_load_metrics_observer.cc:764] [page_load_metrics][traceId-] this:0x324400172e00, OnDidAddMessageToConsole: src:workbench.desktop.main.js:38, message:%c  ERR color: #f33 Unable to load and parse grammar for scope source.yaml from file:///usr/share/trae/resources/app/extensions/yaml/syntaxes/yaml.tmLanguage.json Error: 无法读取文件'/usr/share/trae/resources/app/extensions/yaml/syntaxes/yaml.tmLanguage.json' (Canceled: Canceled)
[33764:33764:0723/154337.588776:ERROR:aha/components/page_load_metrics/observers/page_load_metrics_observer.cc:764] [page_load_metrics][traceId-] this:0x324400172e00, OnDidAddMessageToConsole: src:workbench.desktop.main.js:38, message:%c  ERR color: #f33 Unable to load and parse grammar for scope text.html.derivative from file:///usr/share/trae/resources/app/extensions/html/syntaxes/html-derivative.tmLanguage.json Error: 无法读取文件'/usr/share/trae/resources/app/extensions/html/syntaxes/html-derivative.tmLanguage.json' (Canceled: Canceled)
[33764:33764:0723/154337.588816:ERROR:aha/components/page_load_metrics/observers/page_load_metrics_observer.cc:764] [page_load_metrics][traceId-] this:0x324400172e00, OnDidAddMessageToConsole: src:workbench.desktop.main.js:38, message:%c  ERR color: #f33 Unable to load and parse grammar for scope source.css from file:///usr/share/trae/resources/app/extensions/css/syntaxes/css.tmLanguage.json Error: 无法读取文件'/usr/share/trae/resources/app/extensions/css/syntaxes/css.tmLanguage.json' (Canceled: Canceled)
[33764:33764:0723/154337.588834:ERROR:aha/components/page_load_metrics/observers/page_load_metrics_observer.cc:764] [page_load_metrics][traceId-] this:0x324400172e00, OnDidAddMessageToConsole: src:workbench.desktop.main.js:38, message:%c  ERR color: #f33 Unable to load and parse grammar for scope text.html.basic from file:///usr/share/trae/resources/app/extensions/html/syntaxes/html.tmLanguage.json Error: 无法读取文件'/usr/share/trae/resources/app/extensions/html/syntaxes/html.tmLanguage.json' (Canceled: Canceled)
[33764:33764:0723/154337.588852:ERROR:aha/components/page_load_metrics/observers/page_load_metrics_observer.cc:764] [page_load_metrics][traceId-] this:0x324400172e00, OnDidAddMessageToConsole: src:workbench.desktop.main.js:38, message:%c  ERR color: #f33 Unable to load and parse grammar for scope source.ini from file:///usr/share/trae/resources/app/extensions/ini/syntaxes/ini.tmLanguage.json Error: 无法读取文件'/usr/share/trae/resources/app/extensions/ini/syntaxes/ini.tmLanguage.json' (Canceled: Canceled)
[33764:33764:0723/154337.588873:ERROR:aha/components/page_load_metrics/observers/page_load_metrics_observer.cc:764] [page_load_metrics][traceId-] this:0x324400172e00, OnDidAddMessageToConsole: src:workbench.desktop.main.js:38, message:%c  ERR color: #f33 Unable to load and parse grammar for scope source.java from file:///usr/share/trae/resources/app/extensions/java/syntaxes/java.tmLanguage.json Error: 无法读取文件'/usr/share/trae/resources/app/extensions/java/syntaxes/java.tmLanguage.json' (Canceled: Canceled)
[33764:33764:0723/154337.588898:ERROR:aha/components/page_load_metrics/observers/page_load_metrics_observer.cc:764] [page_load_metrics][traceId-] this:0x324400172e00, OnDidAddMessageToConsole: src:workbench.desktop.main.js:38, message:%c  ERR color: #f33 Unable to load and parse grammar for scope source.lua from file:///usr/share/trae/resources/app/extensions/lua/syntaxes/lua.tmLanguage.json Error: 无法读取文件'/usr/share/trae/resources/app/extensions/lua/syntaxes/lua.tmLanguage.json' (Canceled: Canceled)
[33764:33764:0723/154337.588914:ERROR:aha/components/page_load_metrics/observers/page_load_metrics_observer.cc:764] [page_load_metrics][traceId-] this:0x324400172e00, OnDidAddMessageToConsole: src:workbench.desktop.main.js:38, message:%c  ERR color: #f33 Unable to load and parse grammar for scope source.makefile from file:///usr/share/trae/resources/app/extensions/make/syntaxes/make.tmLanguage.json Error: 无法读取文件'/usr/share/trae/resources/app/extensions/make/syntaxes/make.tmLanguage.json' (Canceled: Canceled)
[33764:33764:0723/154337.588930:ERROR:aha/components/page_load_metrics/observers/page_load_metrics_observer.cc:764] [page_load_metrics][traceId-] this:0x324400172e00, OnDidAddMessageToConsole: src:workbench.desktop.main.js:38, message:%c  ERR color: #f33 Unable to load and parse grammar for scope source.perl from file:///usr/share/trae/resources/app/extensions/perl/syntaxes/perl.tmLanguage.json Error: 无法读取文件'/usr/share/trae/resources/app/extensions/perl/syntaxes/perl.tmLanguage.json' (Canceled: Canceled)
[33764:33764:0723/154337.588946:ERROR:aha/components/page_load_metrics/observers/page_load_metrics_observer.cc:764] [page_load_metrics][traceId-] this:0x324400172e00, OnDidAddMessageToConsole: src:workbench.desktop.main.js:38, message:%c  ERR color: #f33 Unable to load and parse grammar for scope source.r from file:///usr/share/trae/resources/app/extensions/r/syntaxes/r.tmLanguage.json Error: 无法读取文件'/usr/share/trae/resources/app/extensions/r/syntaxes/r.tmLanguage.json' (Canceled: Canceled)
[33764:33764:0723/154337.588961:ERROR:aha/components/page_load_metrics/observers/page_load_metrics_observer.cc:764] [page_load_metrics][traceId-] this:0x324400172e00, OnDidAddMessageToConsole: src:workbench.desktop.main.js:38, message:%c  ERR color: #f33 Unable to load and parse grammar for scope source.ruby from file:///usr/share/trae/resources/app/extensions/ruby/syntaxes/ruby.tmLanguage.json Error: 无法读取文件'/usr/share/trae/resources/app/extensions/ruby/syntaxes/ruby.tmLanguage.json' (Canceled: Canceled)
[33764:33764:0723/154337.588977:ERROR:aha/components/page_load_metrics/observers/page_load_metrics_observer.cc:764] [page_load_metrics][traceId-] this:0x324400172e00, OnDidAddMessageToConsole: src:workbench.desktop.main.js:38, message:%c  ERR color: #f33 Unable to load and parse grammar for scope source.php from file:///usr/share/trae/resources/app/extensions/php/syntaxes/php.tmLanguage.json Error: 无法读取文件'/usr/share/trae/resources/app/extensions/php/syntaxes/php.tmLanguage.json' (Canceled: Canceled)
[33764:33764:0723/154337.588994:ERROR:aha/components/page_load_metrics/observers/page_load_metrics_observer.cc:764] [page_load_metrics][traceId-] this:0x324400172e00, OnDidAddMessageToConsole: src:workbench.desktop.main.js:38, message:%c  ERR color: #f33 Unable to load and parse grammar for scope source.sql from file:///usr/share/trae/resources/app/extensions/sql/syntaxes/sql.tmLanguage.json Error: 无法读取文件'/usr/share/trae/resources/app/extensions/sql/syntaxes/sql.tmLanguage.json' (Canceled: Canceled)
[33764:33764:0723/154337.589013:ERROR:aha/components/page_load_metrics/observers/page_load_metrics_observer.cc:764] [page_load_metrics][traceId-] this:0x324400172e00, OnDidAddMessageToConsole: src:workbench.desktop.main.js:38, message:%c  ERR color: #f33 Unable to load and parse grammar for scope source.asp.vb.net from file:///usr/share/trae/resources/app/extensions/vb/syntaxes/asp-vb-net.tmLanguage.json Error: 无法读取文件'/usr/share/trae/resources/app/extensions/vb/syntaxes/asp-vb-net.tmLanguage.json' (Canceled: Canceled)
[33764:33764:0723/154337.589029:ERROR:aha/components/page_load_metrics/observers/page_load_metrics_observer.cc:764] [page_load_metrics][traceId-] this:0x324400172e00, OnDidAddMessageToConsole: src:workbench.desktop.main.js:38, message:%c  ERR color: #f33 Unable to load and parse grammar for scope text.xml from file:///usr/share/trae/resources/app/extensions/xml/syntaxes/xml.tmLanguage.json Error: 无法读取文件'/usr/share/trae/resources/app/extensions/xml/syntaxes/xml.tmLanguage.json' (Canceled: Canceled)
[33764:33764:0723/154337.589048:ERROR:aha/components/page_load_metrics/observers/page_load_metrics_observer.cc:764] [page_load_metrics][traceId-] this:0x324400172e00, OnDidAddMessageToConsole: src:workbench.desktop.main.js:38, message:%c  ERR color: #f33 Unable to load and parse grammar for scope text.xml.xsl from file:///usr/share/trae/resources/app/extensions/xml/syntaxes/xsl.tmLanguage.json Error: 无法读取文件'/usr/share/trae/resources/app/extensions/xml/syntaxes/xsl.tmLanguage.json' (Canceled: Canceled)
[33764:33764:0723/154337.589065:ERROR:aha/components/page_load_metrics/observers/page_load_metrics_observer.cc:764] [page_load_metrics][traceId-] this:0x324400172e00, OnDidAddMessageToConsole: src:workbench.desktop.main.js:38, message:%c  ERR color: #f33 Unable to load and parse grammar for scope source.batchfile from file:///usr/share/trae/resources/app/extensions/bat/syntaxes/batchfile.tmLanguage.json Error: 无法读取文件'/usr/share/trae/resources/app/extensions/bat/syntaxes/batchfile.tmLanguage.json' (Canceled: Canceled)
[33764:33764:0723/154337.589081:ERROR:aha/components/page_load_metrics/observers/page_load_metrics_observer.cc:764] [page_load_metrics][traceId-] this:0x324400172e00, OnDidAddMessageToConsole: src:workbench.desktop.main.js:38, message:%c  ERR color: #f33 Unable to load and parse grammar for scope source.clojure from file:///usr/share/trae/resources/app/extensions/clojure/syntaxes/clojure.tmLanguage.json Error: 无法读取文件'/usr/share/trae/resources/app/extensions/clojure/syntaxes/clojure.tmLanguage.json' (Canceled: Canceled)
[33764:33764:0723/154337.589098:ERROR:aha/components/page_load_metrics/observers/page_load_metrics_observer.cc:764] [page_load_metrics][traceId-] this:0x324400172e00, OnDidAddMessageToConsole: src:workbench.desktop.main.js:38, message:%c  ERR color: #f33 Unable to load and parse grammar for scope source.coffee from file:///usr/share/trae/resources/app/extensions/coffeescript/syntaxes/coffeescript.tmLanguage.json Error: 无法读取文件'/usr/share/trae/resources/app/extensions/coffeescript/syntaxes/coffeescript.tmLanguage.json' (Canceled: Canceled)
[33764:33764:0723/154337.589113:ERROR:aha/components/page_load_metrics/observers/page_load_metrics_observer.cc:764] [page_load_metrics][traceId-] this:0x324400172e00, OnDidAddMessageToConsole: src:workbench.desktop.main.js:38, message:%c  ERR color: #f33 Unable to load and parse grammar for scope source.c from file:///usr/share/trae/resources/app/extensions/cpp/syntaxes/c.tmLanguage.json Error: 无法读取文件'/usr/share/trae/resources/app/extensions/cpp/syntaxes/c.tmLanguage.json' (Canceled: Canceled)
[33764:33764:0723/154337.589133:ERROR:aha/components/page_load_metrics/observers/page_load_metrics_observer.cc:764] [page_load_metrics][traceId-] this:0x324400172e00, OnDidAddMessageToConsole: src:workbench.desktop.main.js:38, message:%c  ERR color: #f33 Unable to load and parse grammar for scope source.cpp from file:///usr/share/trae/resources/app/extensions/cpp/syntaxes/cpp.tmLanguage.json Error: 无法读取文件'/usr/share/trae/resources/app/extensions/cpp/syntaxes/cpp.tmLanguage.json' (Canceled: Canceled)
[33764:33764:0723/154337.589151:ERROR:aha/components/page_load_metrics/observers/page_load_metrics_observer.cc:764] [page_load_metrics][traceId-] this:0x324400172e00, OnDidAddMessageToConsole: src:workbench.desktop.main.js:38, message:%c  ERR color: #f33 Unable to load and parse grammar for scope source.diff from file:///usr/share/trae/resources/app/extensions/diff/syntaxes/diff.tmLanguage.json Error: 无法读取文件'/usr/share/trae/resources/app/extensions/diff/syntaxes/diff.tmLanguage.json' (Canceled: Canceled)
[33764:33764:0723/154337.589165:ERROR:aha/components/page_load_metrics/observers/page_load_metrics_observer.cc:764] [page_load_metrics][traceId-] this:0x324400172e00, OnDidAddMessageToConsole: src:workbench.desktop.main.js:38, message:%c  ERR color: #f33 Unable to load and parse grammar for scope source.dockerfile from file:///usr/share/trae/resources/app/extensions/docker/syntaxes/docker.tmLanguage.json Error: 无法读取文件'/usr/share/trae/resources/app/extensions/docker/syntaxes/docker.tmLanguage.json' (Canceled: Canceled)
[33764:33764:0723/154337.589183:ERROR:aha/components/page_load_metrics/observers/page_load_metrics_observer.cc:764] [page_load_metrics][traceId-] this:0x324400172e00, OnDidAddMessageToConsole: src:workbench.desktop.main.js:38, message:%c  ERR color: #f33 Unable to load and parse grammar for scope text.git-commit from file:///usr/share/trae/resources/app/extensions/git-base/syntaxes/git-commit.tmLanguage.json Error: 无法读取文件'/usr/share/trae/resources/app/extensions/git-base/syntaxes/git-commit.tmLanguage.json' (Canceled: Canceled)
[33764:33764:0723/154337.589199:ERROR:aha/components/page_load_metrics/observers/page_load_metrics_observer.cc:764] [page_load_metrics][traceId-] this:0x324400172e00, OnDidAddMessageToConsole: src:workbench.desktop.main.js:38, message:%c  ERR color: #f33 Unable to load and parse grammar for scope text.git-rebase from file:///usr/share/trae/resources/app/extensions/git-base/syntaxes/git-rebase.tmLanguage.json Error: 无法读取文件'/usr/share/trae/resources/app/extensions/git-base/syntaxes/git-rebase.tmLanguage.json' (Canceled: Canceled)
[33764:33764:0723/154337.589215:ERROR:aha/components/page_load_metrics/observers/page_load_metrics_observer.cc:764] [page_load_metrics][traceId-] this:0x324400172e00, OnDidAddMessageToConsole: src:workbench.desktop.main.js:38, message:%c  ERR color: #f33 Unable to load and parse grammar for scope source.go from file:///usr/share/trae/resources/app/extensions/go/syntaxes/go.tmLanguage.json Error: 无法读取文件'/usr/share/trae/resources/app/extensions/go/syntaxes/go.tmLanguage.json' (Canceled: Canceled)
[33764:33764:0723/154337.589229:ERROR:aha/components/page_load_metrics/observers/page_load_metrics_observer.cc:764] [page_load_metrics][traceId-] this:0x324400172e00, OnDidAddMessageToConsole: src:workbench.desktop.main.js:38, message:%c  ERR color: #f33 Unable to load and parse grammar for scope source.groovy from file:///usr/share/trae/resources/app/extensions/groovy/syntaxes/groovy.tmLanguage.json Error: 无法读取文件'/usr/share/trae/resources/app/extensions/groovy/syntaxes/groovy.tmLanguage.json' (Canceled: Canceled)
[33764:33764:0723/154337.589253:ERROR:aha/components/page_load_metrics/observers/page_load_metrics_observer.cc:764] [page_load_metrics][traceId-] this:0x324400172e00, OnDidAddMessageToConsole: src:workbench.desktop.main.js:38, message:%c  ERR color: #f33 Unable to load and parse grammar for scope text.pug from file:///usr/share/trae/resources/app/extensions/pug/syntaxes/pug.tmLanguage.json Error: 无法读取文件'/usr/share/trae/resources/app/extensions/pug/syntaxes/pug.tmLanguage.json' (Canceled: Canceled)
[33764:33764:0723/154337.589272:ERROR:aha/components/page_load_metrics/observers/page_load_metrics_observer.cc:764] [page_load_metrics][traceId-] this:0x324400172e00, OnDidAddMessageToConsole: src:workbench.desktop.main.js:38, message:%c  ERR color: #f33 Unable to load and parse grammar for scope source.ignore from file:///usr/share/trae/resources/app/extensions/git-base/syntaxes/ignore.tmLanguage.json Error: 无法读取文件'/usr/share/trae/resources/app/extensions/git-base/syntaxes/ignore.tmLanguage.json' (Canceled: Canceled)
[33764:33764:0723/154337.589287:ERROR:aha/components/page_load_metrics/observers/page_load_metrics_observer.cc:764] [page_load_metrics][traceId-] this:0x324400172e00, OnDidAddMessageToConsole: src:workbench.desktop.main.js:38, message:%c  ERR color: #f33 Unable to load and parse grammar for scope source.js from file:///usr/share/trae/resources/app/extensions/javascript/syntaxes/JavaScript.tmLanguage.json Error: 无法读取文件'/usr/share/trae/resources/app/extensions/javascript/syntaxes/JavaScript.tmLanguage.json' (Canceled: Canceled)
[33764:33764:0723/154337.589304:ERROR:aha/components/page_load_metrics/observers/page_load_metrics_observer.cc:764] [page_load_metrics][traceId-] this:0x324400172e00, OnDidAddMessageToConsole: src:workbench.desktop.main.js:38, message:%c  ERR color: #f33 Unable to load and parse grammar for scope source.js.regexp from file:///usr/share/trae/resources/app/extensions/javascript/syntaxes/Regular%20Expressions%20%28JavaScript%29.tmLanguage Error: 无法读取文件'/usr/share/trae/resources/app/extensions/javascript/syntaxes/Regular Expressions (JavaScript).tmLanguage' (Canceled: Canceled)
[33764:33764:0723/154337.589320:ERROR:aha/components/page_load_metrics/observers/page_load_metrics_observer.cc:764] [page_load_metrics][traceId-] this:0x324400172e00, OnDidAddMessageToConsole: src:workbench.desktop.main.js:38, message:%c  ERR color: #f33 Unable to load and parse grammar for scope source.json from file:///usr/share/trae/resources/app/extensions/json/syntaxes/JSON.tmLanguage.json Error: 无法读取文件'/usr/share/trae/resources/app/extensions/json/syntaxes/JSON.tmLanguage.json' (Canceled: Canceled)
[33764:33764:0723/154337.589337:ERROR:aha/components/page_load_metrics/observers/page_load_metrics_observer.cc:764] [page_load_metrics][traceId-] this:0x324400172e00, OnDidAddMessageToConsole: src:workbench.desktop.main.js:38, message:%c  ERR color: #f33 Unable to load and parse grammar for scope source.json.comments from file:///usr/share/trae/resources/app/extensions/json/syntaxes/JSONC.tmLanguage.json Error: 无法读取文件'/usr/share/trae/resources/app/extensions/json/syntaxes/JSONC.tmLanguage.json' (Canceled: Canceled)
[33764:33764:0723/154337.589350:ERROR:aha/components/page_load_metrics/observers/page_load_metrics_observer.cc:764] [page_load_metrics][traceId-] this:0x324400172e00, OnDidAddMessageToConsole: src:workbench.desktop.main.js:38, message:%c  ERR color: #f33 Unable to load and parse grammar for scope source.json.lines from file:///usr/share/trae/resources/app/extensions/json/syntaxes/JSONL.tmLanguage.json Error: 无法读取文件'/usr/share/trae/resources/app/extensions/json/syntaxes/JSONL.tmLanguage.json' (Canceled: Canceled)
[33764:33764:0723/154337.589366:ERROR:aha/components/page_load_metrics/observers/page_load_metrics_observer.cc:764] [page_load_metrics][traceId-] this:0x324400172e00, OnDidAddMessageToConsole: src:workbench.desktop.main.js:38, message:%c  ERR color: #f33 Unable to load and parse grammar for scope source.css.less from file:///usr/share/trae/resources/app/extensions/less/syntaxes/less.tmLanguage.json Error: 无法读取文件'/usr/share/trae/resources/app/extensions/less/syntaxes/less.tmLanguage.json' (Canceled: Canceled)
[33764:33764:0723/154337.589378:ERROR:aha/components/page_load_metrics/observers/page_load_metrics_observer.cc:764] [page_load_metrics][traceId-] this:0x324400172e00, OnDidAddMessageToConsole: src:workbench.desktop.main.js:38, message:%c  ERR color: #f33 Unable to load and parse grammar for scope source.objc from file:///usr/share/trae/resources/app/extensions/objective-c/syntaxes/objective-c.tmLanguage.json Error: 无法读取文件'/usr/share/trae/resources/app/extensions/objective-c/syntaxes/objective-c.tmLanguage.json' (Canceled: Canceled)
[33764:33764:0723/154337.589399:ERROR:aha/components/page_load_metrics/observers/page_load_metrics_observer.cc:764] [page_load_metrics][traceId-] this:0x324400172e00, OnDidAddMessageToConsole: src:workbench.desktop.main.js:38, message:%c  ERR color: #f33 Unable to load and parse grammar for scope source.swift from file:///usr/share/trae/resources/app/extensions/swift/syntaxes/swift.tmLanguage.json Error: 无法读取文件'/usr/share/trae/resources/app/extensions/swift/syntaxes/swift.tmLanguage.json' (Canceled: Canceled)
[33764:33764:0723/154337.589420:ERROR:aha/components/page_load_metrics/observers/page_load_metrics_observer.cc:764] [page_load_metrics][traceId-] this:0x324400172e00, OnDidAddMessageToConsole: src:workbench.desktop.main.js:38, message:%c  ERR color: #f33 Unable to load and parse grammar for scope source.css.scss from file:///usr/share/trae/resources/app/extensions/scss/syntaxes/scss.tmLanguage.json Error: 无法读取文件'/usr/share/trae/resources/app/extensions/scss/syntaxes/scss.tmLanguage.json' (Canceled: Canceled)
[33764:33764:0723/154337.589435:ERROR:aha/components/page_load_metrics/observers/page_load_metrics_observer.cc:764] [page_load_metrics][traceId-] this:0x324400172e00, OnDidAddMessageToConsole: src:workbench.desktop.main.js:38, message:%c  ERR color: #f33 Unable to load and parse grammar for scope source.perl.6 from file:///usr/share/trae/resources/app/extensions/perl/syntaxes/perl6.tmLanguage.json Error: 无法读取文件'/usr/share/trae/resources/app/extensions/perl/syntaxes/perl6.tmLanguage.json' (Canceled: Canceled)
[33764:33764:0723/154337.589452:ERROR:aha/components/page_load_metrics/observers/page_load_metrics_observer.cc:764] [page_load_metrics][traceId-] this:0x324400172e00, OnDidAddMessageToConsole: src:workbench.desktop.main.js:38, message:%c  ERR color: #f33 Unable to load and parse grammar for scope source.powershell from file:///usr/share/trae/resources/app/extensions/powershell/syntaxes/powershell.tmLanguage.json Error: 无法读取文件'/usr/share/trae/resources/app/extensions/powershell/syntaxes/powershell.tmLanguage.json' (Canceled: Canceled)
[33764:33764:0723/154337.589472:ERROR:aha/components/page_load_metrics/observers/page_load_metrics_observer.cc:764] [page_load_metrics][traceId-] this:0x324400172e00, OnDidAddMessageToConsole: src:workbench.desktop.main.js:38, message:%c  ERR color: #f33 Unable to load and parse grammar for scope source.python from file:///usr/share/trae/resources/app/extensions/python/syntaxes/MagicPython.tmLanguage.json Error: 无法读取文件'/usr/share/trae/resources/app/extensions/python/syntaxes/MagicPython.tmLanguage.json' (Canceled: Canceled)
[33764:33764:0723/154337.589491:ERROR:aha/components/page_load_metrics/observers/page_load_metrics_observer.cc:764] [page_load_metrics][traceId-] this:0x324400172e00, OnDidAddMessageToConsole: src:workbench.desktop.main.js:38, message:%c  ERR color: #f33 Unable to load and parse grammar for scope source.julia from file:///usr/share/trae/resources/app/extensions/julia/syntaxes/julia.tmLanguage.json Error: 无法读取文件'/usr/share/trae/resources/app/extensions/julia/syntaxes/julia.tmLanguage.json' (Canceled: Canceled)
[33764:33764:0723/154337.589505:ERROR:aha/components/page_load_metrics/observers/page_load_metrics_observer.cc:764] [page_load_metrics][traceId-] this:0x324400172e00, OnDidAddMessageToConsole: src:workbench.desktop.main.js:38, message:%c  ERR color: #f33 Unable to load and parse grammar for scope source.regexp.python from file:///usr/share/trae/resources/app/extensions/python/syntaxes/MagicRegExp.tmLanguage.json Error: 无法读取文件'/usr/share/trae/resources/app/extensions/python/syntaxes/MagicRegExp.tmLanguage.json' (Canceled: Canceled)
[33764:33764:0723/154337.589533:ERROR:aha/components/page_load_metrics/observers/page_load_metrics_observer.cc:764] [page_load_metrics][traceId-] this:0x324400172e00, OnDidAddMessageToConsole: src:workbench.desktop.main.js:38, message:%c  ERR color: #f33 Unable to load and parse grammar for scope source.rust from file:///usr/share/trae/resources/app/extensions/rust/syntaxes/rust.tmLanguage.json Error: 无法读取文件'/usr/share/trae/resources/app/extensions/rust/syntaxes/rust.tmLanguage.json' (Canceled: Canceled)
[33764:33764:0723/154337.589549:ERROR:aha/components/page_load_metrics/observers/page_load_metrics_observer.cc:764] [page_load_metrics][traceId-] this:0x324400172e00, OnDidAddMessageToConsole: src:workbench.desktop.main.js:38, message:%c  ERR color: #f33 Unable to load and parse grammar for scope source.shell from file:///usr/share/trae/resources/app/extensions/shellscript/syntaxes/shell-unix-bash.tmLanguage.json Error: 无法读取文件'/usr/share/trae/resources/app/extensions/shellscript/syntaxes/shell-unix-bash.tmLanguage.json' (Canceled: Canceled)
[33764:33764:0723/154337.589560:ERROR:aha/components/page_load_metrics/observers/page_load_metrics_observer.cc:764] [page_load_metrics][traceId-] this:0x324400172e00, OnDidAddMessageToConsole: src:workbench.desktop.main.js:38, message:%c  ERR color: #f33 Unable to load and parse grammar for scope source.ts from file:///usr/share/trae/resources/app/extensions/typescript-basics/syntaxes/TypeScript.tmLanguage.json Error: 无法读取文件'/usr/share/trae/resources/app/extensions/typescript-basics/syntaxes/TypeScript.tmLanguage.json' (Canceled: Canceled)
[33764:33764:0723/154337.589575:ERROR:aha/components/page_load_metrics/observers/page_load_metrics_observer.cc:764] [page_load_metrics][traceId-] this:0x324400172e00, OnDidAddMessageToConsole: src:workbench.desktop.main.js:38, message:%c  ERR color: #f33 Unable to load and parse grammar for scope source.tsx from file:///usr/share/trae/resources/app/extensions/typescript-basics/syntaxes/TypeScriptReact.tmLanguage.json Error: 无法读取文件'/usr/share/trae/resources/app/extensions/typescript-basics/syntaxes/TypeScriptReact.tmLanguage.json' (Canceled: Canceled)
[33764:33764:0723/154337.589586:ERROR:aha/components/page_load_metrics/observers/page_load_metrics_observer.cc:764] [page_load_metrics][traceId-] this:0x324400172e00, OnDidAddMessageToConsole: src:workbench.desktop.main.js:38, message:%c  ERR color: #f33 Unable to load and parse grammar for scope source.cs from file:///usr/share/trae/resources/app/extensions/csharp/syntaxes/csharp.tmLanguage.json Error: 无法读取文件'/usr/share/trae/resources/app/extensions/csharp/syntaxes/csharp.tmLanguage.json' (Canceled: Canceled)
[33764:33764:0723/154337.589601:ERROR:aha/components/page_load_metrics/observers/page_load_metrics_observer.cc:764] [page_load_metrics][traceId-] this:0x324400172e00, OnDidAddMessageToConsole: src:workbench.desktop.main.js:38, message:%c  ERR color: #f33 Unable to load and parse grammar for scope source.fsharp from file:///usr/share/trae/resources/app/extensions/fsharp/syntaxes/fsharp.tmLanguage.json Error: 无法读取文件'/usr/share/trae/resources/app/extensions/fsharp/syntaxes/fsharp.tmLanguage.json' (Canceled: Canceled)
[33764:33764:0723/154337.589612:ERROR:aha/components/page_load_metrics/observers/page_load_metrics_observer.cc:764] [page_load_metrics][traceId-] this:0x324400172e00, OnDidAddMessageToConsole: src:workbench.desktop.main.js:38, message:%c  ERR color: #f33 Unable to load and parse grammar for scope source.dart from file:///usr/share/trae/resources/app/extensions/dart/syntaxes/dart.tmLanguage.json Error: 无法读取文件'/usr/share/trae/resources/app/extensions/dart/syntaxes/dart.tmLanguage.json' (Canceled: Canceled)
[33764:33764:0723/154337.589628:ERROR:aha/components/page_load_metrics/observers/page_load_metrics_observer.cc:764] [page_load_metrics][traceId-] this:0x324400172e00, OnDidAddMessageToConsole: src:workbench.desktop.main.js:38, message:%c  ERR color: #f33 Unable to load and parse grammar for scope text.html.handlebars from file:///usr/share/trae/resources/app/extensions/handlebars/syntaxes/Handlebars.tmLanguage.json Error: 无法读取文件'/usr/share/trae/resources/app/extensions/handlebars/syntaxes/Handlebars.tmLanguage.json' (Canceled: Canceled)
[33764:33764:0723/154337.589642:ERROR:aha/components/page_load_metrics/observers/page_load_metrics_observer.cc:764] [page_load_metrics][traceId-] this:0x324400172e00, OnDidAddMessageToConsole: src:workbench.desktop.main.js:38, message:%c  ERR color: #f33 Unable to load and parse grammar for scope text.log from file:///usr/share/trae/resources/app/extensions/log/syntaxes/log.tmLanguage.json Error: 无法读取文件'/usr/share/trae/resources/app/extensions/log/syntaxes/log.tmLanguage.json' (Canceled: Canceled)
[33764:33764:0723/154337.589658:ERROR:aha/components/page_load_metrics/observers/page_load_metrics_observer.cc:764] [page_load_metrics][traceId-] this:0x324400172e00, OnDidAddMessageToConsole: src:workbench.desktop.main.js:38, message:%c  ERR color: #f33 Unable to load and parse grammar for scope text.tex.latex from file:///usr/share/trae/resources/app/extensions/latex/syntaxes/LaTeX.tmLanguage.json Error: 无法读取文件'/usr/share/trae/resources/app/extensions/latex/syntaxes/LaTeX.tmLanguage.json' (Canceled: Canceled)
[33764:33764:0723/154337.589669:ERROR:aha/components/page_load_metrics/observers/page_load_metrics_observer.cc:764] [page_load_metrics][traceId-] this:0x324400172e00, OnDidAddMessageToConsole: src:workbench.desktop.main.js:38, message:%c  ERR color: #f33 Unable to load and parse grammar for scope text.bibtex from file:///usr/share/trae/resources/app/extensions/latex/syntaxes/Bibtex.tmLanguage.json Error: 无法读取文件'/usr/share/trae/resources/app/extensions/latex/syntaxes/Bibtex.tmLanguage.json' (Canceled: Canceled)
[33764:33764:0723/154337.589687:ERROR:aha/components/page_load_metrics/observers/page_load_metrics_observer.cc:764] [page_load_metrics][traceId-] this:0x324400172e00, OnDidAddMessageToConsole: src:workbench.desktop.main.js:38, message:%c  ERR color: #f33 Unable to load and parse grammar for scope source.rst from file:///usr/share/trae/resources/app/extensions/restructuredtext/syntaxes/rst.tmLanguage.json Error: 无法读取文件'/usr/share/trae/resources/app/extensions/restructuredtext/syntaxes/rst.tmLanguage.json' (Canceled: Canceled)
[33764:33764:0723/154337.589704:ERROR:aha/components/page_load_metrics/observers/page_load_metrics_observer.cc:764] [page_load_metrics][traceId-] this:0x324400172e00, OnDidAddMessageToConsole: src:workbench.desktop.main.js:38, message:%c  ERR color: #f33 Unable to load and parse grammar for scope markdown.math.block from file:///usr/share/trae/resources/app/extensions/markdown-math/syntaxes/md-math-block.tmLanguage.json Error: 无法读取文件'/usr/share/trae/resources/app/extensions/markdown-math/syntaxes/md-math-block.tmLanguage.json' (Canceled: Canceled)
[33764:33764:0723/154337.589719:ERROR:aha/components/page_load_metrics/observers/page_load_metrics_observer.cc:764] [page_load_metrics][traceId-] this:0x324400172e00, OnDidAddMessageToConsole: src:workbench.desktop.main.js:38, message:%c  ERR color: #f33 Unable to load and parse grammar for scope markdown.math.inline from file:///usr/share/trae/resources/app/extensions/markdown-math/syntaxes/md-math-inline.tmLanguage.json Error: 无法读取文件'/usr/share/trae/resources/app/extensions/markdown-math/syntaxes/md-math-inline.tmLanguage.json' (Canceled: Canceled)
[33764:33764:0723/154337.589736:ERROR:aha/components/page_load_metrics/observers/page_load_metrics_observer.cc:764] [page_load_metrics][traceId-] this:0x324400172e00, OnDidAddMessageToConsole: src:workbench.desktop.main.js:38, message:%c  ERR color: #f33 Unable to load and parse grammar for scope markdown.math.codeblock from file:///usr/share/trae/resources/app/extensions/markdown-math/syntaxes/md-math-fence.tmLanguage.json Error: 无法读取文件'/usr/share/trae/resources/app/extensions/markdown-math/syntaxes/md-math-fence.tmLanguage.json' (Canceled: Canceled)
[33764:33764:0723/154337.614826:ERROR:aha/components/page_load_metrics/observers/page_load_metrics_observer.cc:764] [page_load_metrics][traceId-] this:0x324400172e00, OnDidAddMessageToConsole: src:workbench.desktop.main.js:38, message:%c  ERR color: #f33 无法加载 file:///usr/share/trae/resources/app/extensions/theme-icube/themes/dark_blue.json: 无法读取文件'/usr/share/trae/resources/app/extensions/theme-icube/themes/dark_color.json' (Canceled: Canceled): Error: 无法加载 file:///usr/share/trae/resources/app/extensions/theme-icube/themes/dark_blue.json: 无法读取文件'/usr/share/trae/resources/app/extensions/theme-icube/themes/dark_color.json' (Canceled: Canceled)
    at epe.internalSetColorTheme (vscode-file://vscode-app/usr/share/trae/resources/app/out/vs/workbench/workbench.desktop.main.js:1849:10931)
    at async Promise.all (index 0)
[33764:33764:0723/154337.639638:INFO:content/browser/renderer_host/render_widget_host_view_aura.cc:683] blank paint: HideImpl called, is_hidden=0, disable_hidden=0
[33764:33764:0723/154337.639671:INFO:content/browser/renderer_host/render_widget_host_view_aura.cc:690] blank paint: HideImpl calling delegated_frame_host_->WasHidden (FrameEvictor will be set invisible)
[33764:33764:0723/154337.639677:INFO:content/browser/renderer_host/delegated_frame_host.cc:146] blank paint: DelegatedFrameHost::WasHidden, cause=1
[33764:33764:0723/154337.639683:INFO:components/viz/client/frame_evictor.cc:49] blank paint: FrameEvictor::SetVisible 1 -> 0, has_surface=1
[33764:33764:0723/154337.639703:INFO:aha/components/page_load_metrics/observers/page_load_metrics_observer.cc:411] [page_load_metrics][traceId-] this:0x324400172e00, OnHidden
[33764:33764:0723/154337.639707:INFO:aha/components/page_load_metrics/observers/page_load_metrics_observer.cc:301] [page_load_metrics][traceId-] this:0x324400172e00, DidHidden: foreground_duration:1708ms, hidden_times:1
[33764:33764:0723/154337.640004:INFO:aha/components/page_load_metrics/observers/page_load_metrics_observer.cc:364] [page_load_metrics][traceId-] this:0x324400172e00, OnComplete
[33764:33764:0723/154337.640020:INFO:aha/components/page_load_metrics/observers/page_load_metrics_observer.cc:139] [page_load_metrics][traceId-] this:0x324400172e00, AhaPageLoadMetricsObserver::dtor
[33764:33764:0723/154337.643808:INFO:aha/components/ipc/ipc_socket.cc:22] [AhaIpc] destruct, channel_id: 230e6bff-c01c-4ce6-b5ca-57debdd583be
[33764:33764:0723/154337.643823:INFO:aha/components/ipc/ipc_socket.cc:69] [AhaIpc] socket on_disconnect, server: trae-config-channel,  channel_id: 230e6bff-c01c-4ce6-b5ca-57debdd583be
[33764:33764:0723/154337.643850:INFO:aha/components/ipc/ipc_socket.cc:22] [AhaIpc] destruct, channel_id: fecd8f24-2be2-4c17-be3a-4767a431c625
[33764:33764:0723/154337.643855:INFO:aha/components/ipc/ipc_socket.cc:69] [AhaIpc] socket on_disconnect, server: trae-config-channel,  channel_id: fecd8f24-2be2-4c17-be3a-4767a431c625
[33764:33764:0723/154337.643868:INFO:aha/components/towel/public/provider.cc:51] [TOWEL][Provider::Destruct] unregister methods start
[33764:33764:0723/154337.643873:INFO:aha/components/towel/public/provider.cc:54] [TOWEL][Provider::Destruct] unregister methods, method=trae-config-channel::SEND
[33764:33764:0723/154337.643880:INFO:aha/components/towel/public/provider.cc:65] [TOWEL][Provider::Destruct] unregister methods end
[33764:33785:0723/154337.644006:ERROR:aha/components/towel/common/ap_impl.cc:558] [TOWEL][APImpl::OnProviderDisconnected] lose connection with provider trae-config-channel, RoutingId(33764, 1622696390), reason 0, message 
[33764:33785:0723/154337.644029:INFO:aha/components/monitor/monitor.cc:169] [Monitor] OnProviderDisconnected: OnProviderDisconnected, name: trae-config-channel
[33764:33764:0723/154337.644268:INFO:aha/components/basil/core/native_extension_impl.cc:178] [Basil]Shutdown, exit_code=15
[33764:33764:0723/154337.644280:INFO:aha/components/basil/core/native_extension_impl.cc:186] [Basil]disconnect remote service before terminating process
[33764:33785:0723/154337.644458:ERROR:aha/components/towel/common/ap_impl.cc:558] [TOWEL][APImpl::OnProviderDisconnected] lose connection with provider ai-agent, RoutingId(33764, 1622696390), reason 0, message 
[33764:33785:0723/154337.644475:INFO:aha/components/monitor/monitor.cc:169] [Monitor] OnProviderDisconnected: OnProviderDisconnected, name: ai-agent
[33764:33785:0723/154337.644668:ERROR:aha/components/towel/common/ap_impl.cc:558] [TOWEL][APImpl::OnProviderDisconnected] lose connection with provider ai, RoutingId(33764, 1622696390), reason 0, message 
[33764:33785:0723/154337.644682:INFO:aha/components/monitor/monitor.cc:169] [Monitor] OnProviderDisconnected: OnProviderDisconnected, name: ai
[33764:33764:0723/154337.646288:INFO:aha/components/tiny_storage/tiny_storage.cc:77] [TinyStorage] Save
[33764:33764:0723/154337.646717:INFO:aha/components/process_observer/aha_process_observer.cc:56] [process observer][process disconnected] type is:renderer, pid is:33907
[33764:33785:0723/154337.646739:INFO:aha/components/perf/process/process_type_provider.cc:111] [ProcessTypeProvider] RemoveProcessOnTaskRunner, pid 33907
[33764:33764:0723/154337.646753:INFO:aha/components/perf/perf_manager_base.cc:509] [perf manager][function = RemoveProcess] remove exited process:33907
[33764:33764:0723/154337.646764:INFO:aha/components/perf/perf_custom_param_manager.cc:39] Remove custom params for process 33907
[33764:33764:0723/154337.647931:INFO:aha/components/towel/common/master_impl.cc:166] [TOWEL][MasterImpl::UnRegisterProvider] name is trae-config-channel provider size now is 6
[33764:33764:0723/154337.647948:ERROR:aha/components/towel/common/ap_impl.cc:558] [TOWEL][APImpl::OnProviderDisconnected] lose connection with provider trae-config-channel, RoutingId(33764, 1059101657), reason 0, message 
[33764:33764:0723/154337.647966:ERROR:aha/components/towel/common/ap_impl.cc:558] [TOWEL][APImpl::OnProviderDisconnected] lose connection with provider trae-config-channel, RoutingId(33764, 1409681106), reason 0, message 
[33764:33764:0723/154337.647973:INFO:aha/components/ipc/ipc_client.cc:186] [AhaIpc] provider disconncted, name: trae-config-channel
[33764:33764:0723/154337.647984:ERROR:aha/components/towel/common/ap_impl.cc:558] [TOWEL][APImpl::OnProviderDisconnected] lose connection with provider trae-config-channel, RoutingId(33764, 1962914899), reason 0, message 
[33764:33764:0723/154337.648002:INFO:aha/components/towel/common/master_impl.cc:166] [TOWEL][MasterImpl::UnRegisterProvider] name is ai-agent provider size now is 5
[33764:33764:0723/154337.648020:ERROR:aha/components/towel/common/ap_impl.cc:558] [TOWEL][APImpl::OnProviderDisconnected] lose connection with provider ai-agent, RoutingId(33764, 1059101657), reason 0, message 
[33764:33764:0723/154337.648029:ERROR:aha/components/towel/common/ap_impl.cc:558] [TOWEL][APImpl::OnProviderDisconnected] lose connection with provider ai-agent, RoutingId(33764, 1409681106), reason 0, message 
[33764:33764:0723/154337.648038:INFO:aha/components/ipc/ipc_client.cc:186] [AhaIpc] provider disconncted, name: ai-agent
[33764:33764:0723/154337.648044:INFO:aha/components/ipc/ipc_socket.cc:22] [AhaIpc] destruct, channel_id: 89c482b9-eed9-45aa-a57b-339c152878c7
[33764:33764:0723/154337.648048:INFO:aha/components/ipc/ipc_socket.cc:69] [AhaIpc] socket on_disconnect, server: ai-agent,  channel_id: 89c482b9-eed9-45aa-a57b-339c152878c7
[33764:33764:0723/154337.648181:INFO:aha/components/ipc/ipc_client.cc:36] [AhaIpc] create socket, server: ai-agent, channel_id: 873dacd4-599b-4d09-af62-5604d2170c58
[33764:33764:0723/154337.648192:INFO:aha/components/towel/common/static_routing_ap.cc:135] [TOWEL][StaticRoutingAP::TryAddPendingRequest] provider not ready, store request and wait. method ai-agent::SEND
[33764:33764:0723/154337.648197:INFO:aha/components/towel/common/static_routing_ap.cc:144] [TOWEL][StaticRoutingAP] start timeout checker
[33764:33764:0723/154337.648362:ERROR:aha/components/towel/common/ap_impl.cc:558] [TOWEL][APImpl::OnProviderDisconnected] lose connection with provider ai-agent, RoutingId(33764, 1962914899), reason 0, message 
[33764:33764:0723/154337.648397:INFO:aha/components/towel/common/master_impl.cc:166] [TOWEL][MasterImpl::UnRegisterProvider] name is ai provider size now is 4
[33764:33764:0723/154337.648428:ERROR:aha/components/towel/common/ap_impl.cc:558] [TOWEL][APImpl::OnProviderDisconnected] lose connection with provider ai, RoutingId(33764, 1059101657), reason 0, message 
[33764:33764:0723/154337.648438:INFO:aha/electron/shell/renderer/api/electron_api_towel.cc:148] [TOWEL]ai provider disconncted
[33764:33764:0723/154337.648461:ERROR:aha/components/towel/common/ap_impl.cc:558] [TOWEL][APImpl::OnProviderDisconnected] lose connection with provider ai, RoutingId(33764, 1409681106), reason 0, message 
[33764:33764:0723/154337.648467:INFO:aha/components/ipc/ipc_client.cc:186] [AhaIpc] provider disconncted, name: ai
[33764:33764:0723/154337.648495:ERROR:aha/components/towel/common/ap_impl.cc:558] [TOWEL][APImpl::OnProviderDisconnected] lose connection with provider ai, RoutingId(33764, 1962914899), reason 0, message 
[33764:33764:0723/154337.652448:INFO:aha/components/process_observer/aha_process_observer.cc:56] [process observer][process disconnected] type is:ai, pid is:33883
[33764:33785:0723/154337.652486:INFO:aha/components/perf/process/process_type_provider.cc:111] [ProcessTypeProvider] RemoveProcessOnTaskRunner, pid 33883
[33764:33764:0723/154337.652493:INFO:aha/components/perf/perf_manager_base.cc:509] [perf manager][function = RemoveProcess] remove exited process:33883
[33764:33764:0723/154337.652516:INFO:aha/components/perf/perf_custom_param_manager.cc:39] Remove custom params for process 33883
[33764:33764:0723/154337.652530:ERROR:aha/components/basil/core/native_extension_impl.cc:247] [Basil]process terminated normally, name=ai, code=0
[33764:33764:0723/154337.652536:INFO:aha/components/basil/core/native_extension_impl.cc:266] [Basil]HandleTermination, exit_code=0
[33764:33764:0723/154337.652663:INFO:aha/components/basil/core/native_extension_manager_impl.cc:96] [Basil]release native_extension, name=ai
[33764:33785:0723/154337.655979:ERROR:aha/components/towel/common/ap_impl.cc:558] [TOWEL][APImpl::OnProviderDisconnected] lose connection with provider cueServer, RoutingId(33764, 1622696390), reason 0, message 
[33764:33785:0723/154337.656002:INFO:aha/components/monitor/monitor.cc:169] [Monitor] OnProviderDisconnected: OnProviderDisconnected, name: cueServer
[33764:33764:0723/154337.656255:ERROR:aha/components/towel/common/ap_impl.cc:558] [TOWEL][APImpl::OnProviderDisconnected] lose connection with provider cueServer, RoutingId(33764, 1059101657), reason 0, message 
[33764:33764:0723/154337.656275:ERROR:aha/components/towel/common/ap_impl.cc:558] [TOWEL][APImpl::OnProviderDisconnected] lose connection with provider cueServer, RoutingId(33764, 1409681106), reason 0, message 
[33764:33764:0723/154337.656283:INFO:aha/components/ipc/ipc_client.cc:186] [AhaIpc] provider disconncted, name: cueServer
[33764:33764:0723/154337.656447:INFO:aha/components/process_observer/aha_process_observer.cc:56] [process observer][process disconnected] type is:ai-server, pid is:33885
[33764:33785:0723/154337.656471:INFO:aha/components/perf/process/process_type_provider.cc:111] [ProcessTypeProvider] RemoveProcessOnTaskRunner, pid 33885
[33764:33764:0723/154337.656476:INFO:aha/components/perf/perf_manager_base.cc:509] [perf manager][function = RemoveProcess] remove exited process:33885
[33764:33764:0723/154337.656498:INFO:aha/components/perf/perf_custom_param_manager.cc:39] Remove custom params for process 33885
[33764:33764:0723/154337.656597:INFO:aha/components/towel/common/master_impl.cc:220] [TOWEL][MasterImpl::OnProviderDisconnect] provider disconnect, name=cueServer reason= 0 message= 
[33764:33764:0723/154337.656603:INFO:aha/components/towel/common/master_impl.cc:166] [TOWEL][MasterImpl::UnRegisterProvider] name is cueServer provider size now is 3
[33764:33764:0723/154337.656632:ERROR:aha/components/towel/common/ap_impl.cc:558] [TOWEL][APImpl::OnProviderDisconnected] lose connection with provider cueServer, RoutingId(33764, 1962914899), reason 0, message 
[33764:33764:0723/154337.658145:INFO:electron/shell/browser/electron_browser_main_parts.cc:807] [ElectronBrowserMainParts] PostMainMessageLoopRun
[33766:33766:0723/154337.658182:INFO:third_party/crashpad/crashpad/handler/linux/crash_report_exception_handler.cc:344] [Crashpad] Append global param key: lifecycle_stage
[33764:33764:0723/154337.658214:INFO:aha/electron/shell/browser/aha_feature_list/aha_remote_state.cc:213] [RemoteState] StopUpdate, 
[33766:33768:0723/154337.658231:INFO:aha/components/crash_monitor/utils/utils.cc:237] [CleanupZombieProcesses] StopProcessesUnderAppDir, app dir: /usr/share/trae, parent pid: 33764
[33764:33764:0723/154337.658287:INFO:aha/components/perf/system_monitor/perf_system_monitor.cc:130] PerfSystemMonitor::Stop 0x55ee05f1f8e0
[33764:33764:0723/154337.658333:INFO:electron/shell/browser/electron_browser_main_parts.cc:845] [ElectronBrowserMainParts] Shutdown NodeService
[33764:33764:0723/154337.658604:INFO:electron/shell/browser/electron_browser_main_parts.cc:878] [ElectronBrowserMainParts] Shutdown NativeExtensionService
[33764:33764:0723/154337.658614:INFO:aha/components/basil/core/native_extension_manager_impl.cc:82] [Basil]shutdown all native_extension, exit_code=0
[33764:33809:0723/154337.663212:ERROR:aha/components/towel/common/ap_impl.cc:558] [TOWEL][APImpl::OnProviderDisconnected] lose connection with provider AhaNet, RoutingId(33764, 1622696390), reason 0, message 
[33764:33809:0723/154337.663234:INFO:aha/components/monitor/monitor.cc:169] [Monitor] OnProviderDisconnected: OnProviderDisconnected, name: AhaNet
[33766:33768:0723/154337.667093:INFO:aha/components/crash_monitor/utils/utils.cc:258] [CleanupZombieProcesses] StopProcessesUnderAppDir, will cleanup child process, pid: 33778, exe_file: trae
[33766:33768:0723/154337.667106:INFO:aha/components/crash_monitor/utils/utils.cc:258] [CleanupZombieProcesses] StopProcessesUnderAppDir, will cleanup child process, pid: 33779, exe_file: trae
[33766:33768:0723/154337.667111:INFO:aha/components/crash_monitor/utils/utils.cc:258] [CleanupZombieProcesses] StopProcessesUnderAppDir, will cleanup child process, pid: 33781, exe_file: trae
[33766:33768:0723/154337.667115:INFO:aha/components/crash_monitor/utils/utils.cc:258] [CleanupZombieProcesses] StopProcessesUnderAppDir, will cleanup child process, pid: 33818, exe_file: trae
[33766:33768:0723/154337.667118:INFO:aha/components/crash_monitor/utils/utils.cc:258] [CleanupZombieProcesses] StopProcessesUnderAppDir, will cleanup child process, pid: 33829, exe_file: trae
[33766:33768:0723/154337.667122:INFO:aha/components/crash_monitor/utils/utils.cc:258] [CleanupZombieProcesses] StopProcessesUnderAppDir, will cleanup child process, pid: 33925, exe_file: trae
[33766:33768:0723/154337.667126:INFO:aha/components/crash_monitor/utils/utils.cc:258] [CleanupZombieProcesses] StopProcessesUnderAppDir, will cleanup child process, pid: 34165, exe_file: trae
[33764:33764:0723/154337.670201:INFO:aha/components/process_observer/aha_process_observer.cc:56] [process observer][process disconnected] type is:gpu-process, pid is:33818
[33764:33785:0723/154337.670233:INFO:aha/components/perf/process/process_type_provider.cc:111] [ProcessTypeProvider] RemoveProcessOnTaskRunner, pid 33818
[33764:33764:0723/154337.670238:INFO:aha/components/perf/perf_manager_base.cc:509] [perf manager][function = RemoveProcess] remove exited process:33818
[33764:33764:0723/154337.670266:INFO:aha/components/perf/perf_custom_param_manager.cc:39] Remove custom params for process 33818
[33764:33764:0723/154337.670647:ERROR:aha/components/monitor/monitor_service_instance_impl.cc:221] [MonitorService] OnServiceProcessTerminatedNormally: monitor service terminated normally, code=0
[33764:33785:0723/154337.673249:ERROR:aha/components/towel/common/ap_impl.cc:558] [TOWEL][APImpl::OnProviderDisconnected] lose connection with provider monitor, RoutingId(33764, 1622696390), reason 0, message 
[33764:33785:0723/154337.673266:INFO:aha/components/monitor/monitor.cc:169] [Monitor] OnProviderDisconnected: OnProviderDisconnected, name: monitor
[33764:33764:0723/154337.678619:INFO:aha/components/perf/perf_abnormal_observer.cc:560] [PerfAbnormal] DeleteInstance, 
[33764:33764:0723/154337.678636:INFO:aha/components/perf/system_monitor/perf_system_monitor.cc:130] PerfSystemMonitor::Stop 0x32440004ba38
[33764:33764:0723/154337.678808:INFO:electron/shell/app/electron_main_delegate.cc:314] #### AhaElectron ()  Shutdown ####
[33764:33764:0723/154337.687008:INFO:aha/components/towel/public/provider.cc:51] [TOWEL][Provider::Destruct] unregister methods start
[33764:33764:0723/154337.687019:INFO:aha/components/towel/public/provider.cc:54] [TOWEL][Provider::Destruct] unregister methods, method=BlockDetector::HEART_BEAT
[33764:33764:0723/154337.687026:INFO:aha/components/towel/public/provider.cc:65] [TOWEL][Provider::Destruct] unregister methods end
[33766:33766:0723/154337.695076:INFO:aha/third_party/crashpad/crashpad/handler/aha_handler_main.cc:111] #### AhaElectron (Crashpad) Shutdown
[34202:34202:0723/154410.020398:INFO:aha/components/metrics/metrics_base.cc:52] [startup] metric: crashReporterStartup, start
[34204:34204:0723/154410.023788:INFO:aha/third_party/crashpad/crashpad/handler/aha_handler_main.cc:43] #### AhaElectron (Crashpad) Startup
[34204:34204:0723/154410.024071:INFO:aha/components/manifest/manifest.cc:91] GetManifestContent exe_dir: /usr/share/trae
[34204:34204:0723/154410.024099:INFO:aha/components/manifest/manifest.cc:106] AppManifest manifest_content={"appId":"682161","appVersion":"3.5.62","buildVersion":"2.3.33256","activeUrl":"https://did-boot.trae.ai/service/2/app_alert_check/","channel":"stable","language":"en","logifierDomain":"icube-normal.trae.ai","settingsDomain":"icube-normal.trae.ai","name":"Trae","package":"com.marscode","packageType":"stable_i18n","region":"US","registryUrl":"https://did-boot.trae.ai/service/2/desktop/device_register/","slardarDomain":"pcmon-boot.trae.ai","slardarAid":682161,"oversea":true,"ahaNet":{"ttnet_params":{"domain_httpdns":"34.102.215.99","domain_netlog":"ttnet-sg.byteoversea.com","app_id":"677332","tnc_host_first":"tnc-boot.trae.ai","app_name":"trae","tnc_host_second":"tnc-normal.trae.ai","tnc_host_third":"","domain_boe":".boe-gateway.byted.org","update_version_code":"","version_code":"3562","bypass_proxy":false,"is_drop_first_tnc":false,"use_domestic_store_region":false,"get_domain_default_json":"{\"data\":{\"tnc_update_interval\":300,\"chromium_open\":1,\"http_dns_enabled\":1,\"ttnet_http_dns_enabled\":1,\"ttnet_tt_http_dns\":1,\"ttnet_http_dns_timeout\":5,\"opaque_data_enabled\":0,\"wpad_enabled\":0,\"pac_enabled\":1,\"clear_pool_enabled\":1,\"get_domain_default_json\":1,\"md5_check\":0},\"message\":\"success\"}"},"params":{"user_agent":"","experimental_options":"","enable_http2":true,"enable_brotli":true,"enable_quic":true,"enable_network_quality_estimator":false,"enable_verbose_log":false,"enable_ca_store":true,"store_idc_rule_json":"","ttnet_inner_log_switch":255,"bypass_mssdk":false},"access_policy":"{\"domain_white_list\":{\"*.trae.ai\":[\"*\"],\"*.traeapi.us\":[\"*\"],\"*.mchost.guru\":[\"*\"],\"*.bytedance.net\":[\"*\"],\"*.tiktok-row.net\":[\"*\"],\"*.byteintl.net\":[\"*\"],\"*.byted.org\":[\"*\"],\"*.trae.com.cn\":[\"*\"],\"*.trae.cn\":[\"*\"]},\"enable_detail_log\":false}"}}
[34204:34204:0723/154410.024187:WARNING:aha/components/crash_monitor/report_config/report_config.cc:48] config_path not exists, path: /home/eternity/.config/Electron/ReportConfig
[34204:34204:0723/154410.024192:ERROR:aha/components/crash_monitor/report_config/report_config.cc:64] content is empty
[34204:34204:0723/154410.024197:INFO:aha/components/crash_monitor/crash_monitor.cc:308] [CrashMonitor] Initialized: disable_report: 0
[34204:34204:0723/154410.024532:INFO:aha/components/crash_monitor/crash_monitor.cc:457] [CrashMonitor] CalcLocalDeviceId: local_device_id use device_info, device_id: b38695be47dc4b34b4945c7a809d8051
[34204:34204:0723/154410.024848:INFO:third_party/crashpad/crashpad/handler/linux/crash_report_exception_handler.cc:344] [Crashpad] Append global param key: init_device_id
[34204:34207:0723/154410.024872:INFO:aha/components/crash_monitor/crash_monitor.cc:469] [CrashMonitor] InitDeviceId: init_device_id use device_id, device_id: 7649334840105879056
[34202:34202:0723/154410.024872:INFO:aha/components/metrics/metrics_base.cc:64] [startup] metric: crashReporterStartup, end, latency: 4ms
[34202:34202:0723/154410.024894:INFO:electron/shell/app/electron_main_delegate.cc:618] #### AhaElectron ()  Startup #### cmd: 
[34204:34207:0723/154410.025133:INFO:aha/third_party/parfait/core_common/parfait_core.cc:209] [Parfait] Enable upload with interval 60
[34204:34209:0723/154410.025143:INFO:aha/third_party/parfait/core_common/parfait_core.cc:217] [Parfait] Set upload interval 60
[34204:34207:0723/154410.025146:INFO:aha/third_party/parfait/aha/parfait_client.cc:133] [Parfait] Init ParfaitClient with config
	pft_version=1.3.0.0
	aid=682161
	user_id=anonymous
	device_id=7649334840105879056
	version=3.5.62
	root_path=/home/eternity/.config/Electron/Crashpad
	session_id=
	data_report_url=https://pcmon-boot.trae.ai/monitor_pc/collect/api/pc_log
	crash_report_url=https://pcmon-boot.trae.ai/monitor_pc/collect/api/pc_crash
	gwpasan_report_url=https://pcmon-boot.trae.ai/monitor_pc/collect/api/pc_gwpasan
	block_report_url=https://pcmon-boot.trae.ai/monitor_pc/collect/api/pc_jank
	matrix_report_url=https://pcmon-boot.trae.ai/monitor_pc/collect/api/pc_matrix
	cpu_profile_report_url=https://pcmon-boot.trae.ai/monitor_pc/collect/file/pc_cpu_profile
	snapshot_report_url=https://pcmon-boot.trae.ai/monitor_pc/collect/file/pc_snapshot
	custom_exception_report_url=https://pcmon-boot.trae.ai/monitor_pc/collect/file/pc_custom_exception
	settings_enabled=0
	settings_url=
	tenant_id=
[34204:34207:0723/154410.025163:INFO:aha/components/crash_monitor/crash_monitor.cc:349] [CrashMonitor] InitParfait: InitParfait success, aid:682161, did:7649334840105879056
[34202:34202:0723/154410.052286:INFO:aha/components/metrics/metrics_base.cc:52] [startup] metric: initRunBrowser, start
[34202:34202:0723/154410.052330:INFO:aha/electron/shell/browser/aha_feature_list/aha_feature_override.cc:135] [AhaFeatureOverride] InitFeaturesWithAhaOverrides, enable_features ,PdfUseShowSaveFilePicker, disable_features ,SpareRendererForSitePerProcess,ScreenAIOCREnabled, TraceSiteInstanceGetProcessCreation,LocalNetworkAccessChecks
[34202:34202:0723/154410.053915:INFO:aha/components/metrics/metrics_base.cc:64] [startup] metric: initRunBrowser, end, latency: 1ms
[34202:34202:0723/154410.078650:INFO:electron/shell/browser/electron_browser_main_parts.cc:357] init towel master_binder in browser
[34202:34202:0723/154410.078669:INFO:aha/components/towel/embedder/interface_binder.cc:17] [TOWEL]InterfaceBinder Intialized. ProcessType(2)
[34202:34202:0723/154410.078681:INFO:aha/components/metrics/metrics_base.cc:52] [startup] metric: createNodeEnv, start
[34202:34202:0723/154410.081734:INFO:gin/isolate_holder.cc:165] SetPartitionAllocOomCallback and RegisterIsolateHolder
[34202:34202:0723/154410.110279:INFO:aha/components/metrics/metrics_base.cc:64] [startup] metric: createNodeEnv, end, latency: 32ms
[34202:34202:0723/154410.110294:INFO:aha/components/metrics/metrics_base.cc:52] [startup] metric: initNodeEnv, start
[34202:34202:0723/154410.136609:INFO:aha/components/metrics/metrics_base.cc:64] [startup] metric: initNodeEnv, end, latency: 26ms
[34202:34202:0723/154410.136623:INFO:aha/components/metrics/metrics_base.cc:52] [startup] metric: loadAppCode, start
[34202:34202:0723/154410.254840:INFO:aha/components/ipc/ipc_client.cc:13] [AhaIpc] set request_timeout_ms: 1000
[34202:34202:0723/154410.254871:INFO:aha/components/towel/embedder/master_binder.cc:60] [TOWEL]BindMasterInAnyProcess, ProcessType(2)
[34202:34202:0723/154410.254878:INFO:aha/components/towel/embedder/master_binder.cc:52] [TOWEL]BindMasterInBrowser, ProcessType(2)
[34202:34202:0723/154410.254912:INFO:aha/components/towel/embedder/master_binder.cc:55] [TOWEL]BindMasterInBrowser, run in main thread, bind.
[34202:34202:0723/154410.254925:INFO:aha/components/towel/common/ap_impl.cc:26] [TOWEL][APImpl::APImpl] create ap, id is RoutingId(-1, 1499303093)
[34202:34202:0723/154410.254935:INFO:aha/components/towel/common/ap_impl.cc:31] [TOWEL][APImpl] register to master, current id is RoutingId(-1, 1499303093)
[34202:34202:0723/154410.258315:INFO:aha/components/towel/embedder/master_binder.cc:60] [TOWEL]BindMasterInAnyProcess, ProcessType(2)
[34202:34202:0723/154410.258328:INFO:aha/components/towel/embedder/master_binder.cc:52] [TOWEL]BindMasterInBrowser, ProcessType(2)
[34202:34202:0723/154410.258339:INFO:aha/components/towel/embedder/master_binder.cc:55] [TOWEL]BindMasterInBrowser, run in main thread, bind.
[34202:34202:0723/154410.258347:INFO:aha/components/towel/common/ap_impl.cc:26] [TOWEL][APImpl::APImpl] create ap, id is RoutingId(-1, 1347399912)
[34202:34202:0723/154410.258352:INFO:aha/components/towel/common/ap_impl.cc:31] [TOWEL][APImpl] register to master, current id is RoutingId(-1, 1347399912)
[34202:34202:0723/154410.258365:WARNING:aha/components/towel/common/ap_impl.cc:220] [TOWEL][APImpl::ListensEvents] no provider for event ai::PUSH_PACKET
[34202:34202:0723/154410.258370:INFO:aha/components/towel/common/ap_impl.cc:594] [TOWEL][APImpl::ListensEvents] start, RoutingId(-1, 1347399912)
[34202:34202:0723/154410.258375:INFO:aha/components/towel/common/ap_impl.cc:596] [TOWEL][APImpl::ListensEvents] no pending_listen_requests_, do nothing
[34202:34202:0723/154410.258380:INFO:aha/components/towel/common/static_routing_ap.cc:171] [TOWEL][StaticRoutingAP::TryAddPendingEvents] provider not ready, store event and wait. event ai::PUSH_PACKET
[34202:34202:0723/154410.258568:INFO:aha/components/towel/embedder/master_binder.cc:60] [TOWEL]BindMasterInAnyProcess, ProcessType(2)
[34202:34202:0723/154410.258577:INFO:aha/components/towel/embedder/master_binder.cc:52] [TOWEL]BindMasterInBrowser, ProcessType(2)
[34202:34202:0723/154410.258588:INFO:aha/components/towel/embedder/master_binder.cc:55] [TOWEL]BindMasterInBrowser, run in main thread, bind.
[34202:34202:0723/154410.258597:INFO:aha/components/towel/common/ap_impl.cc:26] [TOWEL][APImpl::APImpl] create ap, id is RoutingId(-1, 1347399912)
[34202:34202:0723/154410.258602:INFO:aha/components/towel/common/ap_impl.cc:31] [TOWEL][APImpl] register to master, current id is RoutingId(-1, 1347399912)
[34202:34202:0723/154410.258622:WARNING:aha/components/towel/common/ap_impl.cc:220] [TOWEL][APImpl::ListensEvents] no provider for event AhaNet::TNCConfigUpdated
[34202:34202:0723/154410.258626:INFO:aha/components/towel/common/ap_impl.cc:594] [TOWEL][APImpl::ListensEvents] start, RoutingId(-1, 1347399912)
[34202:34202:0723/154410.258631:INFO:aha/components/towel/common/ap_impl.cc:596] [TOWEL][APImpl::ListensEvents] no pending_listen_requests_, do nothing
[34202:34202:0723/154410.258636:INFO:aha/components/towel/common/static_routing_ap.cc:171] [TOWEL][StaticRoutingAP::TryAddPendingEvents] provider not ready, store event and wait. event AhaNet::TNCConfigUpdated
[34202:34202:0723/154410.404672:INFO:aha/components/metrics/metrics_base.cc:64] [startup] metric: loadAppCode, end, latency: 268ms
[34202:34202:0723/154410.404691:INFO:aha/components/metrics/metrics_base.cc:52] [startup] metric: joinAppCode, start
[34202:34202:0723/154410.404697:INFO:aha/components/metrics/metrics_base.cc:64] [startup] metric: joinAppCode, end, latency: 0ms
[34202:34202:0723/154410.404708:INFO:aha/electron/shell/browser/aha_feature_list/aha_feature_override.cc:135] [AhaFeatureOverride] InitFeaturesWithAhaOverrides, enable_features NetAdapterMaxBufSizeFeature:NetAdapterMaxBufSize/8192,DocumentPolicyIncludeJSCallStacksInCrashReports,EarlyEstablishGpuChannel,EstablishGpuChannelAsync,,PdfUseShowSaveFilePicker, disable_features CalculateNativeWinOcclusion,,SpareRendererForSitePerProcess,ScreenAIOCREnabled, TraceSiteInstanceGetProcessCreation,LocalNetworkAccessChecks
[34202:34202:0723/154410.404746:INFO:aha/electron/shell/browser/aha_feature_list/aha_remote_state.cc:359] [RemoteState] PreparePaths, remote_state_path_ /home/eternity/.config/Trae/aha/Remote_State
[34202:34202:0723/154410.404756:INFO:aha/electron/shell/browser/aha_feature_list/aha_remote_state.cc:323] [RemoteState] DeserializeFromFile, Reading from /home/eternity/.config/Trae/aha/Remote_State
[34202:34202:0723/154410.404816:INFO:aha/electron/shell/browser/aha_feature_list/aha_feature_override.cc:89] [AhaFeatureOverride] RemoteStateDataOverride, dict size 12
[34202:34202:0723/154410.404824:INFO:aha/electron/shell/browser/aha_feature_list/aha_feature_override.cc:82] [AhaFeatureOverride] EnableParamFeatureOverride, EnableParamFeatureOverride, feature AhaChildProcessBlockDetect, trial StudyAhaChildProcessBlockDetect, group GroupAhaChildProcessBlockDetect, state 1
[34202:34202:0723/154410.404830:INFO:aha/electron/shell/browser/aha_feature_list/aha_feature_override.cc:82] [AhaFeatureOverride] EnableParamFeatureOverride, EnableParamFeatureOverride, feature AhaCloseAutoDetectSystemAccessibility, trial StudyAhaCloseAutoDetectSystemAccessibility, group GroupAhaCloseAutoDetectSystemAccessibility, state 0
[34202:34202:0723/154410.404839:INFO:aha/electron/shell/browser/aha_feature_list/aha_feature_override.cc:82] [AhaFeatureOverride] EnableParamFeatureOverride, EnableParamFeatureOverride, feature AhaCulledInlineHitTestOptimization, trial StudyAhaCulledInlineHitTestOptimization, group GroupAhaCulledInlineHitTestOptimization, state 1
[34202:34202:0723/154410.404844:ERROR:aha/electron/shell/browser/aha_feature_list/aha_feature_override.cc:118] [AhaFeatureOverride] RemoteStateDataOverride, data format error, feature AhaEnableDelayedDestroyWebsocket, param DelayedDestroyTimeSeconds
[34202:34202:0723/154410.404849:INFO:aha/electron/shell/browser/aha_feature_list/aha_feature_override.cc:82] [AhaFeatureOverride] EnableParamFeatureOverride, EnableParamFeatureOverride, feature AhaEnableDelayedDestroyWebsocket, trial StudyAhaEnableDelayedDestroyWebsocket, group GroupAhaEnableDelayedDestroyWebsocket, state 1
[34202:34202:0723/154410.404854:INFO:aha/electron/shell/browser/aha_feature_list/aha_feature_override.cc:82] [AhaFeatureOverride] EnableParamFeatureOverride, EnableParamFeatureOverride, feature AhaEnableGpuModeFallbackForDeviceReset, trial StudyAhaEnableGpuModeFallbackForDeviceReset, group GroupAhaEnableGpuModeFallbackForDeviceReset, state 0
[34202:34202:0723/154410.404860:INFO:aha/electron/shell/browser/aha_feature_list/aha_feature_override.cc:82] [AhaFeatureOverride] EnableParamFeatureOverride, EnableParamFeatureOverride, feature AhaEnableGwpAsan, trial StudyAhaEnableGwpAsan, group GroupAhaEnableGwpAsan, state 1
[34202:34202:0723/154410.404866:INFO:aha/electron/shell/browser/aha_feature_list/aha_feature_override.cc:82] [AhaFeatureOverride] EnableParamFeatureOverride, EnableParamFeatureOverride, feature AhaFrameEvictionBugFix, trial StudyAhaFrameEvictionBugFix, group GroupAhaFrameEvictionBugFix, state 0
[34202:34202:0723/154410.404871:INFO:aha/electron/shell/browser/aha_feature_list/aha_feature_override.cc:82] [AhaFeatureOverride] EnableParamFeatureOverride, EnableParamFeatureOverride, feature AhaOomV8JsStackCollect, trial StudyAhaOomV8JsStackCollect, group GroupAhaOomV8JsStackCollect, state 1
[34202:34202:0723/154410.404876:INFO:aha/electron/shell/browser/aha_feature_list/aha_feature_override.cc:82] [AhaFeatureOverride] EnableParamFeatureOverride, EnableParamFeatureOverride, feature AhaOverrideProcessTitle, trial StudyAhaOverrideProcessTitle, group GroupAhaOverrideProcessTitle, state 1
[34202:34202:0723/154410.404881:INFO:aha/electron/shell/browser/aha_feature_list/aha_feature_override.cc:82] [AhaFeatureOverride] EnableParamFeatureOverride, EnableParamFeatureOverride, feature EarlyEstablishGpuChannel, trial StudyEarlyEstablishGpuChannel, group GroupEarlyEstablishGpuChannel, state 1
[34202:34202:0723/154410.404886:INFO:aha/electron/shell/browser/aha_feature_list/aha_feature_override.cc:82] [AhaFeatureOverride] EnableParamFeatureOverride, EnableParamFeatureOverride, feature EstablishGpuChannelAsync, trial StudyEstablishGpuChannelAsync, group GroupEstablishGpuChannelAsync, state 1
[34202:34202:0723/154410.404893:INFO:aha/electron/shell/browser/aha_feature_list/aha_feature_override.cc:82] [AhaFeatureOverride] EnableParamFeatureOverride, EnableParamFeatureOverride, feature V8HeapTrackerConfig, trial StudyV8HeapTrackerConfig, group GroupV8HeapTrackerConfig, state 0
[34202:34202:0723/154410.405352:WARNING:ui/ozone/platform/wayland/common/wayland_object.cc:119] Binding to wl_shm version 1 but version 2 is available.
[34202:34202:0723/154410.405390:WARNING:ui/ozone/platform/wayland/common/wayland_object.cc:119] Binding to zwp_pointer_gestures_v1 version 1 but version 3 is available.
[34202:34202:0723/154410.405444:WARNING:ui/ozone/platform/wayland/common/wayland_object.cc:119] Binding to wl_seat version 8 but version 9 is available.
[34202:34202:0723/154410.405456:WARNING:ui/ozone/platform/wayland/common/wayland_object.cc:119] Binding to wp_cursor_shape_manager_v1 version 1 but version 2 is available.
[34202:34202:0723/154410.405470:WARNING:ui/ozone/platform/wayland/common/wayland_object.cc:119] Binding to zwp_linux_dmabuf_v1 version 4 but version 5 is available.
[34202:34202:0723/154410.405968:WARNING:ui/ozone/platform/wayland/host/wayland_drm.cc:114] Drm prime capability is not supported
[34202:34202:0723/154410.464050:INFO:aha/components/detector/gpu_block_detector.cc:47] [GpuBlockDetector] GetGpuHangDetectValue: GPU jank config key: detect_interval value:5
[34202:34202:0723/154410.464071:INFO:aha/components/detector/gpu_block_detector.cc:47] [GpuBlockDetector] GetGpuHangDetectValue: GPU jank config key: terminate_process_threshold value:10
[34202:34202:0723/154410.464651:INFO:electron/shell/browser/electron_browser_main_parts.cc:597] [ElectronBrowserMainParts] PreMainMessageLoopRun
[34204:34204:0723/154410.464690:INFO:third_party/crashpad/crashpad/handler/linux/crash_report_exception_handler.cc:344] [Crashpad] Append global param key: lifecycle_stage
[34204:34204:0723/154410.464764:INFO:third_party/crashpad/crashpad/handler/linux/crash_report_exception_handler.cc:344] [Crashpad] Append global param key: country_code
[34202:34202:0723/154410.464779:INFO:aha/components/detector/block_detector.cc:92] BlockDetectorManager::Init,this:0xf4402312460
[34202:34202:0723/154410.464788:INFO:aha/components/detector/block_detector.cc:133] Initializing Towel provider with name: BlockDetectorProvider
[34202:34225:0723/154410.464792:WARNING:aha/electron/cache_file/cache_file_manager.cc:105] not log file, continue: /home/eternity/.config/Trae/logs/aha_log/networkservice-0-2026-6-9.alaudalog
[34202:34225:0723/154410.464808:WARNING:aha/electron/cache_file/cache_file_manager.cc:105] not log file, continue: /home/eternity/.config/Trae/logs/aha_log/networkservice-1-2026-6-9.alaudalog
[34202:34225:0723/154410.464815:WARNING:aha/electron/cache_file/cache_file_manager.cc:105] not log file, continue: /home/eternity/.config/Trae/logs/aha_log/networkservice-2-2026-6-9.alaudalog
[34202:34225:0723/154410.464820:WARNING:aha/electron/cache_file/cache_file_manager.cc:105] not log file, continue: /home/eternity/.config/Trae/logs/aha_log/networkservice-0-2026-6-20.alaudalog
[34202:34225:0723/154410.464825:WARNING:aha/electron/cache_file/cache_file_manager.cc:105] not log file, continue: /home/eternity/.config/Trae/logs/aha_log/networkservice-0-2026-7-4.alaudalog
[34202:34225:0723/154410.464830:WARNING:aha/electron/cache_file/cache_file_manager.cc:105] not log file, continue: /home/eternity/.config/Trae/logs/aha_log/networkservice-0-2026-7-23.alaudalog
[34202:34202:0723/154410.464800:INFO:aha/components/towel/embedder/master_binder.cc:60] [TOWEL]BindMasterInAnyProcess, ProcessType(2)
[34202:34202:0723/154410.464842:INFO:aha/components/towel/embedder/master_binder.cc:52] [TOWEL]BindMasterInBrowser, ProcessType(2)
[34202:34202:0723/154410.464850:INFO:aha/components/towel/embedder/master_binder.cc:55] [TOWEL]BindMasterInBrowser, run in main thread, bind.
[34202:34202:0723/154410.464873:INFO:aha/components/towel/public/provider.cc:76] [TOWEL][Provider::Mount] mount provider, name= BlockDetectorProvider, force_reset=0
[34202:34202:0723/154410.464882:INFO:aha/components/detector/block_detector.cc:143] Towel provider mounted successfully.
[34202:34202:0723/154410.464922:INFO:aha/components/perf/system_monitor/perf_system_monitor.cc:68] PerfSystemMonitor::Start 0x55664b7708e0, interval 5 s
[34202:34202:0723/154410.468055:INFO:aha/components/metrics/metrics_base.cc:52] [startup] metric: emitReadyEvent, start
[34202:34202:0723/154410.468758:INFO:aha/components/metrics/metrics_base.cc:64] [startup] metric: emitReadyEvent, end, latency: 0ms
[34202:34202:0723/154410.470754:INFO:content/browser/network_service_instance_impl.cc:451] NetworkService, CreateNetworkServiceParams device_id: 7649334840105879056
[34202:34202:0723/154410.470826:INFO:content/browser/network_service_instance_impl.cc:457] NetworkService, CreateNetworkServiceParams access_policy: {"should_use_ttnet":true,"domain_white_list":{"*.trae.ai":["*"],"*.traeapi.us":["*"],"*.mchost.guru":["*"],"*.bytedance.net":["*"],"*.tiktok-row.net":["*"],"*.byteintl.net":["*"],"*.byted.org":["*"],"*.trae.com.cn":["*"],"*.trae.cn":["*"],"*.volces.com":["*"],"*.snssdk.com":["*"],"*.bytedance.com":["*"]},"domain_black_list":{"127.0.0.1":["*"],"::1":["*"],"*.trae.volces.com":["*"]},"enable_detail_log":false}
[34202:34202:0723/154410.470854:INFO:content/browser/network_service_instance_impl.cc:476] NetworkService, CreateNetworkServiceParams country_code: sg, country_code_src: uid
[34202:34202:0723/154410.473451:INFO:aha/components/tiny_storage/tiny_storage.cc:88] [TinyStorage] FlushIfNeed
[34202:34202:0723/154410.473516:INFO:aha/components/monitor/monitor_service_instance_impl.cc:106] [MonitorService] CalculateLocalDeviceId: use init_device_id, device_id: 7649334840105879056
[34202:34202:0723/154410.473526:WARNING:aha/components/monitor/monitor_service_instance_impl.cc:141] [MonitorService] Restart: launch monitor service
[34202:34202:0723/154410.473609:INFO:aha/components/monitor/monitor_service_instance_impl.cc:48] [MonitorService] ShouldUseLogifier: update use_logifier=1 country_code=sg
[34202:34202:0723/154410.474940:INFO:aha/components/device_service/device_service.cc:659] DeviceService, has cache, directly return cache: 7649334840105879056
[34202:34202:0723/154410.475045:INFO:aha/electron/shell/browser/aha_feature_list/aha_remote_state.cc:221] [RemoteState] PullSettings, query with url https://icube-normal.trae.ai/service/settings/v3/?os=linux&aid=1006732&aha_electron_version=39.2.7-release.1.37.3&device_id=7649334840105879056&app_aid=682161&app_version=3.5.62&app_region=us
[34202:34202:0723/154410.475578:INFO:aha/components/perf/collector/perf_collector_cpu.cc:117] PerfCollectorCPU created
[34202:34202:0723/154410.475647:INFO:aha/components/perf/electron/app_process_collector.cc:63] [perf]AppProcessCollector::AppProcessCollector, collect_cpu_interval: 5 s, collect_memory_interval: 60 s, update_process_interval: 60 s
[34202:34202:0723/154410.475663:INFO:aha/components/perf/process/process_collector.cc:43] [process collector debug] Start schedule cpu_interval=5000ms, memory_interval=60000ms, process_update_interval=60000ms
[34202:34202:0723/154410.475679:INFO:aha/components/perf/process/process_collector.cc:77] [process collector debug] use_shared_timer=0, has_cpu=1, has_memory=1
[34202:34202:0723/154410.475705:INFO:aha/components/perf/perf_abnormal_observer.cc:551] [PerfAbnormal] CreateInstance, 
[34202:34202:0723/154410.475711:INFO:aha/components/perf/perf_abnormal_observer.cc:516] [PerfAbnormal] PerfAbnormalObserver, 
[34202:34202:0723/154410.475739:INFO:aha/components/perf/process/process_type_provider.cc:26] [ProcessTypeProvider] ProcessTypeProvider, initialized
[34202:34202:0723/154410.475762:INFO:aha/components/perf/collector/perf_collector_base.cc:81] [perf collector][function=Start]  delay 300 seconds
[34202:34202:0723/154410.475788:INFO:aha/components/perf/collector/perf_collector_base.cc:81] [perf collector][function=Start]  delay 5 seconds
[34202:34202:0723/154410.475808:INFO:aha/components/perf/perf_manager_base.cc:448] [perf manager][function = AddProcess] add process:34202
[34202:34202:0723/154410.475853:INFO:aha/components/perf/collector/perf_collector_base.cc:29] [perf collector][function=ShouldCollectProcess] AddProcess pid:34202 cmd:/usr/share/trae/trae
[34202:34202:0723/154410.475878:INFO:aha/components/perf/collector/perf_collector_base.cc:29] [perf collector][function=ShouldCollectProcess] AddProcess pid:34202 cmd:/usr/share/trae/trae
[34202:34202:0723/154410.475899:INFO:aha/components/perf/collector/perf_collector_base.cc:29] [perf collector][function=ShouldCollectProcess] AddProcess pid:34202 cmd:/usr/share/trae/trae
[34202:34202:0723/154410.475906:INFO:aha/components/perf/collector/perf_collector_disk.cc:30] [perf collector][function=SetPath] PerfCollectorDisk::SetPath: 0
[34202:34202:0723/154410.476177:INFO:aha/components/memory_system/memory_system_manager.cc:43] MemorySystemManager::InitializeMemorySystem. process_gwp_asan_enable_list: NetworkService
[34202:34202:0723/154410.476185:INFO:aha/components/memory_system/memory_system_manager.cc:47] MemorySystemManager::InitializeMemorySystem. process: browser not enable for Gwp-Asan
[34202:34202:0723/154410.478088:INFO:aha/components/towel/common/master_impl.cc:39] [TOWEL][MasterImpl::AddAPWithId] add ap 881981691
[34202:34202:0723/154410.478106:INFO:aha/components/towel/common/master_impl.cc:55] [TOWEL][MasterImpl::AddAP] add ap 881981691
[34202:34202:0723/154410.478124:INFO:aha/components/towel/common/master_impl.cc:39] [TOWEL][MasterImpl::AddAPWithId] add ap 1317386977
[34202:34202:0723/154410.478132:INFO:aha/components/towel/common/master_impl.cc:55] [TOWEL][MasterImpl::AddAP] add ap 1317386977
[34202:34202:0723/154410.478147:INFO:aha/components/towel/common/master_impl.cc:39] [TOWEL][MasterImpl::AddAPWithId] add ap 104141124
[34202:34202:0723/154410.478154:INFO:aha/components/towel/common/master_impl.cc:55] [TOWEL][MasterImpl::AddAP] add ap 104141124
[34202:34202:0723/154410.478849:INFO:aha/components/towel/common/master_impl.cc:153] [TOWEL][MasterImpl::RegisterProvider] success BlockDetectorProvider provider size now is 1
[34202:34202:0723/154410.478876:INFO:aha/components/process_observer/aha_process_observer.cc:45] [process observer][process launched] type is:gpu-process, pid is:34260
[34202:34225:0723/154410.478899:INFO:aha/components/towel/embedder/master_binder.cc:60] [TOWEL]BindMasterInAnyProcess, ProcessType(2)
[34202:34225:0723/154410.478911:INFO:aha/components/towel/embedder/master_binder.cc:44] [TOWEL]BindMasterInBrowser, not in main thread, post.
[34202:34202:0723/154410.478918:INFO:aha/components/perf/perf_manager_base.cc:448] [perf manager][function = AddProcess] add process:34260
[34202:34225:0723/154410.478923:INFO:aha/components/towel/common/ap_impl.cc:26] [TOWEL][APImpl::APImpl] create ap, id is RoutingId(-1, 2083040510)
[34202:34225:0723/154410.478934:INFO:aha/components/towel/common/ap_impl.cc:31] [TOWEL][APImpl] register to master, current id is RoutingId(-1, 2083040510)
[34202:34225:0723/154410.478951:INFO:aha/components/towel/common/static_routing_ap.cc:135] [TOWEL][StaticRoutingAP::TryAddPendingRequest] provider not ready, store request and wait. method monitor::MONITOR_EVENT
[34202:34225:0723/154410.478958:INFO:aha/components/towel/common/static_routing_ap.cc:144] [TOWEL][StaticRoutingAP] start timeout checker
[34202:34202:0723/154410.478950:INFO:aha/components/perf/collector/perf_collector_base.cc:29] [perf collector][function=ShouldCollectProcess] AddProcess pid:34260 cmd:/usr/share/trae/trae --type=zygote --no-zygote-sandbox --crashpad-handler-pid=34204
[34202:34202:0723/154410.478985:INFO:aha/components/perf/collector/perf_collector_base.cc:29] [perf collector][function=ShouldCollectProcess] AddProcess pid:34260 cmd:/usr/share/trae/trae --type=zygote --no-zygote-sandbox --crashpad-handler-pid=34204
[34202:34202:0723/154410.479002:INFO:aha/components/perf/collector/perf_collector_base.cc:29] [perf collector][function=ShouldCollectProcess] AddProcess pid:34260 cmd:/usr/share/trae/trae --type=zygote --no-zygote-sandbox --crashpad-handler-pid=34204
[34202:34202:0723/154410.479347:INFO:aha/components/process_observer/aha_process_observer.cc:45] [process observer][process launched] type is:NetworkService, pid is:34267
[34202:34202:0723/154410.479373:INFO:aha/components/perf/perf_manager_base.cc:448] [perf manager][function = AddProcess] add process:34267
[34202:34225:0723/154410.479376:INFO:aha/components/towel/common/static_routing_ap.cc:135] [TOWEL][StaticRoutingAP::TryAddPendingRequest] provider not ready, store request and wait. method monitor::MONITOR_EVENT
[34202:34202:0723/154410.479407:INFO:aha/components/perf/collector/perf_collector_base.cc:29] [perf collector][function=ShouldCollectProcess] AddProcess pid:34267 cmd:/proc/self/exe --type=utility --utility-sub-type=network.mojom.NetworkService --lang=zh-CN --service-sandbox-type=none --render-node-override=/dev/dri/renderD129 --crashpad-handler-pid=34204 --enable-crash-reporter=cf0573c6-7444-4116-be82-e562a048b8e6,no_channel --user-data-dir=/home/eternity/.config/Trae --standard-schemes=vscode-webview,vscode-file --enable-sandbox --secure-schemes=vscode-webview,vscode-file --cors-schemes=vscode-webview,vscode-file --fetch-schemes=vscode-webview,vscode-file --service-worker-schemes=vscode-webview --code-cache-schemes=vscode-webview,vscode-file --shared-files=v8_context_snapshot_data:100 --field-trial-handle=3,i,1318018656202683347,15837687739368114726,262144 --enable-features=DocumentPolicyIncludeJSCallStacksInCrashReports,EarlyEstablishGpuChannel,EstablishGpuChannelAsync,PdfUseShowSaveFilePicker --disable-features=CalculateNativeWinOcclusion,LocalNetworkAccessChecks,ScreenAIOCREnabled,SpareRendererForSitePerProcess,TraceSiteInstanceGetProcessCreation --variations-seed-version --trace-process-track-uuid=3190708989122997041
[34202:34202:0723/154410.479433:INFO:aha/components/perf/collector/perf_collector_base.cc:29] [perf collector][function=ShouldCollectProcess] AddProcess pid:34267 cmd:/proc/self/exe --type=utility --utility-sub-type=network.mojom.NetworkService --lang=zh-CN --service-sandbox-type=none --render-node-override=/dev/dri/renderD129 --crashpad-handler-pid=34204 --enable-crash-reporter=cf0573c6-7444-4116-be82-e562a048b8e6,no_channel --user-data-dir=/home/eternity/.config/Trae --standard-schemes=vscode-webview,vscode-file --enable-sandbox --secure-schemes=vscode-webview,vscode-file --cors-schemes=vscode-webview,vscode-file --fetch-schemes=vscode-webview,vscode-file --service-worker-schemes=vscode-webview --code-cache-schemes=vscode-webview,vscode-file --shared-files=v8_context_snapshot_data:100 --field-trial-handle=3,i,1318018656202683347,15837687739368114726,262144 --enable-features=DocumentPolicyIncludeJSCallStacksInCrashReports,EarlyEstablishGpuChannel,EstablishGpuChannelAsync,PdfUseShowSaveFilePicker --disable-features=CalculateNativeWinOcclusion,LocalNetworkAccessChecks,ScreenAIOCREnabled,SpareRendererForSitePerProcess,TraceSiteInstanceGetProcessCreation --variations-seed-version --trace-process-track-uuid=3190708989122997041
[34202:34202:0723/154410.479449:INFO:aha/components/perf/collector/perf_collector_base.cc:29] [perf collector][function=ShouldCollectProcess] AddProcess pid:34267 cmd:/proc/self/exe --type=utility --utility-sub-type=network.mojom.NetworkService --lang=zh-CN --service-sandbox-type=none --render-node-override=/dev/dri/renderD129 --crashpad-handler-pid=34204 --enable-crash-reporter=cf0573c6-7444-4116-be82-e562a048b8e6,no_channel --user-data-dir=/home/eternity/.config/Trae --standard-schemes=vscode-webview,vscode-file --enable-sandbox --secure-schemes=vscode-webview,vscode-file --cors-schemes=vscode-webview,vscode-file --fetch-schemes=vscode-webview,vscode-file --service-worker-schemes=vscode-webview --code-cache-schemes=vscode-webview,vscode-file --shared-files=v8_context_snapshot_data:100 --field-trial-handle=3,i,1318018656202683347,15837687739368114726,262144 --enable-features=DocumentPolicyIncludeJSCallStacksInCrashReports,EarlyEstablishGpuChannel,EstablishGpuChannelAsync,PdfUseShowSaveFilePicker --disable-features=CalculateNativeWinOcclusion,LocalNetworkAccessChecks,ScreenAIOCREnabled,SpareRendererForSitePerProcess,TraceSiteInstanceGetProcessCreation --variations-seed-version --trace-process-track-uuid=3190708989122997041
[34202:34202:0723/154410.481412:INFO:aha/components/process_observer/aha_process_observer.cc:45] [process observer][process launched] type is:MonitorService, pid is:34269
[34202:34202:0723/154410.481440:INFO:aha/components/perf/perf_manager_base.cc:448] [perf manager][function = AddProcess] add process:34269
[34202:34225:0723/154410.481444:INFO:aha/components/towel/common/static_routing_ap.cc:135] [TOWEL][StaticRoutingAP::TryAddPendingRequest] provider not ready, store request and wait. method monitor::MONITOR_EVENT
[34202:34202:0723/154410.481474:INFO:aha/components/perf/collector/perf_collector_base.cc:29] [perf collector][function=ShouldCollectProcess] AddProcess pid:34269 cmd:/proc/self/exe --type=utility --utility-sub-type=monitor.mojom.MonitorService --lang=zh-CN --service-sandbox-type=none --render-node-override=/dev/dri/renderD129 --crashpad-handler-pid=34204 --enable-crash-reporter=cf0573c6-7444-4116-be82-e562a048b8e6,no_channel --user-data-dir=/home/eternity/.config/Trae --standard-schemes=vscode-webview,vscode-file --enable-sandbox --secure-schemes=vscode-webview,vscode-file --cors-schemes=vscode-webview,vscode-file --fetch-schemes=vscode-webview,vscode-file --service-worker-schemes=vscode-webview --code-cache-schemes=vscode-webview,vscode-file --shared-files=v8_context_snapshot_data:100 --field-trial-handle=3,i,1318018656202683347,15837687739368114726,262144 --enable-features=DocumentPolicyIncludeJSCallStacksInCrashReports,EarlyEstablishGpuChannel,EstablishGpuChannelAsync,PdfUseShowSaveFilePicker --disable-features=CalculateNativeWinOcclusion,LocalNetworkAccessChecks,ScreenAIOCREnabled,SpareRendererForSitePerProcess,TraceSiteInstanceGetProcessCreation --variations-seed-version --trace-process-track-uuid=3190708990060038890
[34202:34202:0723/154410.481495:INFO:aha/components/perf/collector/perf_collector_base.cc:29] [perf collector][function=ShouldCollectProcess] AddProcess pid:34269 cmd:/proc/self/exe --type=utility --utility-sub-type=monitor.mojom.MonitorService --lang=zh-CN --service-sandbox-type=none --render-node-override=/dev/dri/renderD129 --crashpad-handler-pid=34204 --enable-crash-reporter=cf0573c6-7444-4116-be82-e562a048b8e6,no_channel --user-data-dir=/home/eternity/.config/Trae --standard-schemes=vscode-webview,vscode-file --enable-sandbox --secure-schemes=vscode-webview,vscode-file --cors-schemes=vscode-webview,vscode-file --fetch-schemes=vscode-webview,vscode-file --service-worker-schemes=vscode-webview --code-cache-schemes=vscode-webview,vscode-file --shared-files=v8_context_snapshot_data:100 --field-trial-handle=3,i,1318018656202683347,15837687739368114726,262144 --enable-features=DocumentPolicyIncludeJSCallStacksInCrashReports,EarlyEstablishGpuChannel,EstablishGpuChannelAsync,PdfUseShowSaveFilePicker --disable-features=CalculateNativeWinOcclusion,LocalNetworkAccessChecks,ScreenAIOCREnabled,SpareRendererForSitePerProcess,TraceSiteInstanceGetProcessCreation --variations-seed-version --trace-process-track-uuid=3190708990060038890
[34202:34202:0723/154410.481511:INFO:aha/components/perf/collector/perf_collector_base.cc:29] [perf collector][function=ShouldCollectProcess] AddProcess pid:34269 cmd:/proc/self/exe --type=utility --utility-sub-type=monitor.mojom.MonitorService --lang=zh-CN --service-sandbox-type=none --render-node-override=/dev/dri/renderD129 --crashpad-handler-pid=34204 --enable-crash-reporter=cf0573c6-7444-4116-be82-e562a048b8e6,no_channel --user-data-dir=/home/eternity/.config/Trae --standard-schemes=vscode-webview,vscode-file --enable-sandbox --secure-schemes=vscode-webview,vscode-file --cors-schemes=vscode-webview,vscode-file --fetch-schemes=vscode-webview,vscode-file --service-worker-schemes=vscode-webview --code-cache-schemes=vscode-webview,vscode-file --shared-files=v8_context_snapshot_data:100 --field-trial-handle=3,i,1318018656202683347,15837687739368114726,262144 --enable-features=DocumentPolicyIncludeJSCallStacksInCrashReports,EarlyEstablishGpuChannel,EstablishGpuChannelAsync,PdfUseShowSaveFilePicker --disable-features=CalculateNativeWinOcclusion,LocalNetworkAccessChecks,ScreenAIOCREnabled,SpareRendererForSitePerProcess,TraceSiteInstanceGetProcessCreation --variations-seed-version --trace-process-track-uuid=3190708990060038890
[34202:34202:0723/154410.481538:INFO:aha/components/perf/collector/perf_collector_system.cc:55] get manufacturer:MECHREVO
[34202:34202:0723/154410.481555:INFO:aha/components/perf/perf_manager_base.cc:418] [perf manager][function = RecordLaunchInner] [device info] , total_memory:31248, sys_uptime:239, cpu_count:16, cpu_model:AMD Ryzen 7 7745HX with Radeon Graphics, sys_version:7.1.4-zen1-1-zen, hardware_model:, manufacturer:MECHREVO, touch_screen_availability:0, app_arch:x86_64, chip_arch:x86_64
[34202:34225:0723/154410.481558:INFO:aha/components/towel/common/static_routing_ap.cc:135] [TOWEL][StaticRoutingAP::TryAddPendingRequest] provider not ready, store request and wait. method monitor::MONITOR_EVENT
[34202:34202:0723/154410.481572:INFO:aha/components/perf/perf_manager_base.cc:629] [perf manager][function = CollectDiskInfo]  PerfManagerBase::CollectDiskInfo 
[34202:34225:0723/154410.481574:INFO:aha/components/towel/common/static_routing_ap.cc:135] [TOWEL][StaticRoutingAP::TryAddPendingRequest] provider not ready, store request and wait. method monitor::MONITOR_EVENT
[34202:34250:0723/154410.481591:INFO:aha/components/perf/collector/perf_collector_disk.cc:14] [perf collector][function=Collect] PerfCollectorDisk::Collect: 1
[34202:34202:0723/154410.481634:INFO:aha/components/towel/common/ap_impl.cc:416] [TOWEL][APImpl::OnAddToMaster] real_id is RoutingId(34202, 881981691), fake_id is RoutingId(-1, 1499303093)
[34202:34202:0723/154410.481641:INFO:aha/components/towel/common/ap_impl.cc:594] [TOWEL][APImpl::ListensEvents] start, RoutingId(34202, 881981691)
[34202:34202:0723/154410.481646:INFO:aha/components/towel/common/ap_impl.cc:596] [TOWEL][APImpl::ListensEvents] no pending_listen_requests_, do nothing
[34202:34202:0723/154410.481658:INFO:aha/components/towel/common/master_impl.cc:193] [TOWEL][MasterImpl::GetAllProviders] provider size is 1 given size is 1
[34202:34202:0723/154410.481676:INFO:aha/components/towel/common/ap_impl.cc:416] [TOWEL][APImpl::OnAddToMaster] real_id is RoutingId(34202, 1317386977), fake_id is RoutingId(-1, 1347399912)
[34202:34202:0723/154410.481681:INFO:aha/components/towel/common/ap_impl.cc:594] [TOWEL][APImpl::ListensEvents] start, RoutingId(34202, 1317386977)
[34202:34202:0723/154410.481686:INFO:aha/components/towel/common/ap_impl.cc:596] [TOWEL][APImpl::ListensEvents] no pending_listen_requests_, do nothing
[34202:34202:0723/154410.481697:INFO:aha/components/towel/common/master_impl.cc:193] [TOWEL][MasterImpl::GetAllProviders] provider size is 1 given size is 1
[34202:34202:0723/154410.481709:INFO:aha/components/towel/common/ap_impl.cc:416] [TOWEL][APImpl::OnAddToMaster] real_id is RoutingId(34202, 104141124), fake_id is RoutingId(-1, 1347399912)
[34202:34202:0723/154410.481714:INFO:aha/components/towel/common/ap_impl.cc:594] [TOWEL][APImpl::ListensEvents] start, RoutingId(34202, 104141124)
[34202:34202:0723/154410.481719:INFO:aha/components/towel/common/ap_impl.cc:596] [TOWEL][APImpl::ListensEvents] no pending_listen_requests_, do nothing
[34202:34202:0723/154410.481728:INFO:aha/components/towel/common/master_impl.cc:193] [TOWEL][MasterImpl::GetAllProviders] provider size is 1 given size is 1
[34202:34202:0723/154410.481825:INFO:aha/components/towel/common/ap_impl.cc:406] [TOWEL][APImpl::OnProviderAdded] provider_name BlockDetectorProvider, RoutingId(34202, 104141124)
[34202:34202:0723/154410.481837:INFO:aha/components/towel/common/static_routing_ap.cc:181] [TOWEL][StaticRoutingAP::RunPendingRequestAndEvents] provider_name= BlockDetectorProvider
[34202:34202:0723/154410.481851:INFO:aha/components/towel/common/ap_impl.cc:406] [TOWEL][APImpl::OnProviderAdded] provider_name BlockDetectorProvider, RoutingId(34202, 881981691)
[34202:34202:0723/154410.481856:INFO:aha/components/ipc/ipc_client.cc:172] [AhaIpc] provider connected, name: BlockDetectorProvider
[34202:34202:0723/154410.481861:INFO:aha/components/towel/common/static_routing_ap.cc:181] [TOWEL][StaticRoutingAP::RunPendingRequestAndEvents] provider_name= BlockDetectorProvider
[34202:34202:0723/154410.481887:INFO:aha/components/towel/common/ap_impl.cc:406] [TOWEL][APImpl::OnProviderAdded] provider_name BlockDetectorProvider, RoutingId(34202, 1317386977)
[34202:34202:0723/154410.481895:INFO:aha/components/towel/common/static_routing_ap.cc:181] [TOWEL][StaticRoutingAP::RunPendingRequestAndEvents] provider_name= BlockDetectorProvider
[34202:34202:0723/154410.481904:INFO:aha/components/towel/embedder/master_binder.cc:52] [TOWEL]BindMasterInBrowser, ProcessType(2)
[34202:34202:0723/154410.481915:INFO:aha/components/towel/embedder/master_binder.cc:55] [TOWEL]BindMasterInBrowser, run in main thread, bind.
[34202:34251:0723/154410.486635:INFO:aha/components/perf/process/process_tree_provider.cc:255] [ProcessTreeProvider] UpdateInternal cost: 10ms
[34202:34202:0723/154410.486660:INFO:aha/components/perf/perf_logger.cc:36] [perf logger] [disk] free:142047MB total:372736MB
[34202:34225:0723/154410.486669:INFO:aha/components/towel/common/static_routing_ap.cc:135] [TOWEL][StaticRoutingAP::TryAddPendingRequest] provider not ready, store request and wait. method monitor::MONITOR_EVENT
[34202:34202:0723/154410.486689:INFO:aha/components/towel/common/ap_impl.cc:511] [TOWEL][APImpl::OnGetAllProviders]: RoutingId(34202, 881981691) provider size 1
[34202:34202:0723/154410.486704:INFO:aha/components/towel/common/ap_impl.cc:520] [TOWEL][APImpl::OnGetAllProviders] add provider BlockDetectorProvider
[34202:34202:0723/154410.486718:INFO:aha/components/towel/common/static_routing_ap.cc:181] [TOWEL][StaticRoutingAP::RunPendingRequestAndEvents] provider_name= BlockDetectorProvider
[34202:34202:0723/154410.486743:INFO:aha/components/towel/common/ap_impl.cc:511] [TOWEL][APImpl::OnGetAllProviders]: RoutingId(34202, 1317386977) provider size 1
[34202:34202:0723/154410.486751:INFO:aha/components/towel/common/ap_impl.cc:520] [TOWEL][APImpl::OnGetAllProviders] add provider BlockDetectorProvider
[34202:34202:0723/154410.486764:INFO:aha/components/towel/common/static_routing_ap.cc:181] [TOWEL][StaticRoutingAP::RunPendingRequestAndEvents] provider_name= BlockDetectorProvider
[34202:34202:0723/154410.486774:INFO:aha/components/towel/common/ap_impl.cc:511] [TOWEL][APImpl::OnGetAllProviders]: RoutingId(34202, 104141124) provider size 1
[34202:34202:0723/154410.486783:INFO:aha/components/towel/common/ap_impl.cc:520] [TOWEL][APImpl::OnGetAllProviders] add provider BlockDetectorProvider
[34202:34202:0723/154410.486798:INFO:aha/components/towel/common/static_routing_ap.cc:181] [TOWEL][StaticRoutingAP::RunPendingRequestAndEvents] provider_name= BlockDetectorProvider
[34202:34202:0723/154410.486890:INFO:aha/components/towel/public/provider.cc:196] [TOWEL][Provider::GetMetaInfo] provider BlockDetectorProvider, method_size is 1 method_list is BlockDetector::HEART_BEAT
[34202:34251:0723/154410.486910:INFO:aha/components/perf/process/process_collector_worker_thread.cc:85] [process collector] DoCollectProcessInfo cost: 11ms
[34202:34202:0723/154410.486913:INFO:aha/components/towel/common/master_impl.cc:39] [TOWEL][MasterImpl::AddAPWithId] add ap 388366797
[34202:34202:0723/154410.486940:INFO:aha/components/towel/common/master_impl.cc:55] [TOWEL][MasterImpl::AddAP] add ap 388366797
[34202:34225:0723/154410.486952:INFO:aha/components/towel/common/ap_impl.cc:416] [TOWEL][APImpl::OnAddToMaster] real_id is RoutingId(34202, 388366797), fake_id is RoutingId(-1, 2083040510)
[34202:34225:0723/154410.486961:INFO:aha/components/towel/common/ap_impl.cc:594] [TOWEL][APImpl::ListensEvents] start, RoutingId(34202, 388366797)
[34202:34225:0723/154410.486966:INFO:aha/components/towel/common/ap_impl.cc:596] [TOWEL][APImpl::ListensEvents] no pending_listen_requests_, do nothing
[34202:34202:0723/154410.490128:INFO:aha/components/towel/public/provider.cc:196] [TOWEL][Provider::GetMetaInfo] provider BlockDetectorProvider, method_size is 1 method_list is BlockDetector::HEART_BEAT
[34202:34202:0723/154410.490159:INFO:aha/components/towel/public/provider.cc:196] [TOWEL][Provider::GetMetaInfo] provider BlockDetectorProvider, method_size is 1 method_list is BlockDetector::HEART_BEAT
[34202:34202:0723/154410.490177:INFO:aha/components/towel/public/provider.cc:196] [TOWEL][Provider::GetMetaInfo] provider BlockDetectorProvider, method_size is 1 method_list is BlockDetector::HEART_BEAT
[34202:34202:0723/154410.490193:INFO:aha/components/towel/public/provider.cc:196] [TOWEL][Provider::GetMetaInfo] provider BlockDetectorProvider, method_size is 1 method_list is BlockDetector::HEART_BEAT
[34202:34202:0723/154410.490204:INFO:aha/components/towel/public/provider.cc:196] [TOWEL][Provider::GetMetaInfo] provider BlockDetectorProvider, method_size is 1 method_list is BlockDetector::HEART_BEAT
[34202:34202:0723/154410.490216:INFO:aha/components/towel/common/ap_impl.cc:530] [TOWEL][APImpl::OnGetProviderMetaInfo]: RoutingId(34202, 104141124) provider BlockDetectorProvider
[34202:34202:0723/154410.490221:INFO:aha/components/towel/common/ap_impl.cc:540] [TOWEL][APImpl::OnGetProviderMetaInfo] update meta info for BlockDetectorProvider method_list is BlockDetector::HEART_BEAT, event_list is 
[34202:34202:0723/154410.490226:INFO:aha/components/towel/common/static_routing_ap.cc:181] [TOWEL][StaticRoutingAP::RunPendingRequestAndEvents] provider_name= BlockDetectorProvider
[34202:34202:0723/154410.490245:INFO:aha/components/towel/common/master_impl.cc:193] [TOWEL][MasterImpl::GetAllProviders] provider size is 1 given size is 1
[34202:34225:0723/154410.490271:INFO:aha/components/towel/common/ap_impl.cc:511] [TOWEL][APImpl::OnGetAllProviders]: RoutingId(34202, 388366797) provider size 1
[34202:34225:0723/154410.490294:INFO:aha/components/towel/common/ap_impl.cc:520] [TOWEL][APImpl::OnGetAllProviders] add provider BlockDetectorProvider
[34202:34225:0723/154410.490301:INFO:aha/components/towel/common/static_routing_ap.cc:181] [TOWEL][StaticRoutingAP::RunPendingRequestAndEvents] provider_name= BlockDetectorProvider
[34202:34202:0723/154410.490339:INFO:aha/components/towel/common/ap_impl.cc:530] [TOWEL][APImpl::OnGetProviderMetaInfo]: RoutingId(34202, 881981691) provider BlockDetectorProvider
[34202:34202:0723/154410.490348:INFO:aha/components/towel/common/ap_impl.cc:540] [TOWEL][APImpl::OnGetProviderMetaInfo] update meta info for BlockDetectorProvider method_list is BlockDetector::HEART_BEAT, event_list is 
[34202:34202:0723/154410.490354:INFO:aha/components/towel/common/static_routing_ap.cc:181] [TOWEL][StaticRoutingAP::RunPendingRequestAndEvents] provider_name= BlockDetectorProvider
[34202:34202:0723/154410.490362:INFO:aha/components/towel/common/ap_impl.cc:530] [TOWEL][APImpl::OnGetProviderMetaInfo]: RoutingId(34202, 1317386977) provider BlockDetectorProvider
[34202:34202:0723/154410.490367:INFO:aha/components/towel/common/ap_impl.cc:540] [TOWEL][APImpl::OnGetProviderMetaInfo] update meta info for BlockDetectorProvider method_list is BlockDetector::HEART_BEAT, event_list is 
[34202:34202:0723/154410.490372:INFO:aha/components/towel/common/static_routing_ap.cc:181] [TOWEL][StaticRoutingAP::RunPendingRequestAndEvents] provider_name= BlockDetectorProvider
[34202:34202:0723/154410.490414:INFO:aha/components/towel/public/provider.cc:196] [TOWEL][Provider::GetMetaInfo] provider BlockDetectorProvider, method_size is 1 method_list is BlockDetector::HEART_BEAT
[34202:34225:0723/154410.490436:INFO:aha/components/towel/common/ap_impl.cc:530] [TOWEL][APImpl::OnGetProviderMetaInfo]: RoutingId(34202, 388366797) provider BlockDetectorProvider
[34202:34225:0723/154410.490448:INFO:aha/components/towel/common/ap_impl.cc:540] [TOWEL][APImpl::OnGetProviderMetaInfo] update meta info for BlockDetectorProvider method_list is BlockDetector::HEART_BEAT, event_list is 
[34202:34225:0723/154410.490454:INFO:aha/components/towel/common/static_routing_ap.cc:181] [TOWEL][StaticRoutingAP::RunPendingRequestAndEvents] provider_name= BlockDetectorProvider
[34202:34251:0723/154410.493549:INFO:aha/components/perf/process/process_collector_worker_thread.cc:85] [process collector] DoCollectProcessInfo cost: 6ms
[34202:34251:0723/154410.493570:INFO:aha/components/perf/process/process_type_provider.cc:105] [ProcessTypeProvider] AddProcessOnTaskRunner, pid 34260, type gpu-process
[34202:34251:0723/154410.493586:INFO:aha/components/perf/process/process_type_provider.cc:105] [ProcessTypeProvider] AddProcessOnTaskRunner, pid 34267, type NetworkService
[34202:34251:0723/154410.493597:INFO:aha/components/perf/process/process_type_provider.cc:105] [ProcessTypeProvider] AddProcessOnTaskRunner, pid 34269, type MonitorService
[34202:34202:0723/154410.547207:INFO:aha/components/tiny_storage/tiny_storage.cc:77] [TinyStorage] Save
[34202:34202:0723/154410.547259:INFO:aha/components/towel/common/static_routing_ap.cc:135] [TOWEL][StaticRoutingAP::TryAddPendingRequest] provider not ready, store request and wait. method AhaNet::UpdateAhaNetAccessPolicy
[34202:34202:0723/154410.547266:INFO:aha/components/towel/common/static_routing_ap.cc:144] [TOWEL][StaticRoutingAP] start timeout checker
[34202:34202:0723/154410.555530:ERROR:electron/shell/browser/electron_browser_client.cc:1997] bind receiver for utility
[34202:34202:0723/154410.555547:INFO:aha/components/towel/embedder/master_binder.cc:52] [TOWEL]BindMasterInBrowser, ProcessType(2)
[34202:34202:0723/154410.555557:INFO:aha/components/towel/embedder/master_binder.cc:55] [TOWEL]BindMasterInBrowser, run in main thread, bind.
[34202:34202:0723/154410.555636:ERROR:electron/shell/browser/electron_browser_client.cc:1997] bind receiver for utility
[34202:34202:0723/154410.555641:INFO:aha/components/towel/embedder/master_binder.cc:52] [TOWEL]BindMasterInBrowser, ProcessType(2)
[34202:34202:0723/154410.555650:INFO:aha/components/towel/embedder/master_binder.cc:55] [TOWEL]BindMasterInBrowser, run in main thread, bind.
[34202:34225:0723/154410.579069:INFO:aha/components/towel/common/static_routing_ap.cc:244] [TOWEL]run timeout checker
[34202:34202:0723/154410.591615:INFO:aha/components/towel/common/master_impl.cc:153] [TOWEL][MasterImpl::RegisterProvider] success AhaNet provider size now is 2
[34202:34225:0723/154410.591638:INFO:aha/components/towel/common/ap_impl.cc:406] [TOWEL][APImpl::OnProviderAdded] provider_name AhaNet, RoutingId(34202, 388366797)
[34202:34225:0723/154410.591655:INFO:aha/components/monitor/monitor.cc:173] [Monitor] OnProviderConnected: OnProviderConnected, name: AhaNet
[34202:34225:0723/154410.591665:INFO:aha/components/towel/common/static_routing_ap.cc:181] [TOWEL][StaticRoutingAP::RunPendingRequestAndEvents] provider_name= AhaNet
[34202:34202:0723/154410.591677:INFO:aha/components/towel/common/master_impl.cc:153] [TOWEL][MasterImpl::RegisterProvider] success monitor provider size now is 3
[34202:34225:0723/154410.591703:INFO:aha/components/towel/common/ap_impl.cc:406] [TOWEL][APImpl::OnProviderAdded] provider_name monitor, RoutingId(34202, 388366797)
[34202:34225:0723/154410.591712:INFO:aha/components/monitor/monitor.cc:173] [Monitor] OnProviderConnected: OnProviderConnected, name: monitor
[34202:34225:0723/154410.591719:INFO:aha/components/towel/common/static_routing_ap.cc:181] [TOWEL][StaticRoutingAP::RunPendingRequestAndEvents] provider_name= monitor
[34202:34225:0723/154410.591727:INFO:aha/components/towel/common/static_routing_ap.cc:217] [TOWEL][StaticRoutingAP::RunPendingRequestAndEvents] run pending requests, method= monitor::MONITOR_EVENT
[34202:34225:0723/154410.591743:INFO:aha/components/towel/common/static_routing_ap.cc:217] [TOWEL][StaticRoutingAP::RunPendingRequestAndEvents] run pending requests, method= monitor::MONITOR_EVENT
[34202:34225:0723/154410.591756:INFO:aha/components/towel/common/static_routing_ap.cc:217] [TOWEL][StaticRoutingAP::RunPendingRequestAndEvents] run pending requests, method= monitor::MONITOR_EVENT
[34202:34225:0723/154410.591768:INFO:aha/components/towel/common/static_routing_ap.cc:217] [TOWEL][StaticRoutingAP::RunPendingRequestAndEvents] run pending requests, method= monitor::MONITOR_EVENT
[34202:34225:0723/154410.591782:INFO:aha/components/towel/common/static_routing_ap.cc:217] [TOWEL][StaticRoutingAP::RunPendingRequestAndEvents] run pending requests, method= monitor::MONITOR_EVENT
[34202:34225:0723/154410.591810:INFO:aha/components/towel/common/static_routing_ap.cc:217] [TOWEL][StaticRoutingAP::RunPendingRequestAndEvents] run pending requests, method= monitor::MONITOR_EVENT
[34202:34225:0723/154410.591854:INFO:aha/components/towel/common/ap_impl.cc:530] [TOWEL][APImpl::OnGetProviderMetaInfo]: RoutingId(34202, 388366797) provider AhaNet
[34202:34225:0723/154410.591866:INFO:aha/components/towel/common/ap_impl.cc:540] [TOWEL][APImpl::OnGetProviderMetaInfo] update meta info for AhaNet method_list is AhaNet::UpdateAhaNetAccessPolicy|AhaNet::UpdateTNCConfig|AhaNet::SetProxy|AhaNet::WsCreate|AhaNet::WsConnect|AhaNet::WsSend|AhaNet::WsDisconnect|AhaNet::WsDestroy, event_list is AhaNet::WsMessage|AhaNet::WsStatusChanged|AhaNet::WsError|AhaNet::TNCConfigUpdated
[34202:34225:0723/154410.591874:INFO:aha/components/towel/common/static_routing_ap.cc:181] [TOWEL][StaticRoutingAP::RunPendingRequestAndEvents] provider_name= AhaNet
[34202:34225:0723/154410.591886:INFO:aha/components/towel/common/ap_impl.cc:530] [TOWEL][APImpl::OnGetProviderMetaInfo]: RoutingId(34202, 388366797) provider monitor
[34202:34225:0723/154410.591892:INFO:aha/components/towel/common/ap_impl.cc:540] [TOWEL][APImpl::OnGetProviderMetaInfo] update meta info for monitor method_list is monitor::MONITOR_EVENT|monitor::UPLOAD_LOGS|monitor::TOGGLE_LOGIFIER|monitor::REPORT_NETWORK_EVENT|monitor::REPORT_SLARDAR_WEB|monitor::REPORT_CPU_PROFILE|monitor::REPORT_SNAPSHOT|monitor::REPORT_CUSTOM_EXCEPTION, event_list is 
[34202:34225:0723/154410.591898:INFO:aha/components/towel/common/static_routing_ap.cc:181] [TOWEL][StaticRoutingAP::RunPendingRequestAndEvents] provider_name= monitor
[34202:34202:0723/154410.592011:INFO:aha/components/towel/common/ap_impl.cc:406] [TOWEL][APImpl::OnProviderAdded] provider_name AhaNet, RoutingId(34202, 104141124)
[34202:34202:0723/154410.592022:INFO:aha/services/aha_net/aha_net_client_impl.cc:80] AhaNet provider connected
[34202:34202:0723/154410.592027:INFO:aha/services/aha_net/aha_net_client_impl.cc:82] listen to provider
[34202:34202:0723/154410.592033:WARNING:aha/components/towel/common/ap_impl.cc:220] [TOWEL][APImpl::ListensEvents] no provider for event AhaNet::TNCConfigUpdated
[34202:34202:0723/154410.592039:INFO:aha/components/towel/common/ap_impl.cc:594] [TOWEL][APImpl::ListensEvents] start, RoutingId(34202, 104141124)
[34202:34202:0723/154410.592045:INFO:aha/components/towel/common/ap_impl.cc:596] [TOWEL][APImpl::ListensEvents] no pending_listen_requests_, do nothing
[34202:34202:0723/154410.592052:INFO:aha/components/towel/common/static_routing_ap.cc:171] [TOWEL][StaticRoutingAP::TryAddPendingEvents] provider not ready, store event and wait. event AhaNet::TNCConfigUpdated
[34202:34202:0723/154410.592059:INFO:aha/components/towel/common/static_routing_ap.cc:181] [TOWEL][StaticRoutingAP::RunPendingRequestAndEvents] provider_name= AhaNet
[34202:34202:0723/154410.592065:INFO:aha/components/towel/common/static_routing_ap.cc:195] [TOWEL][StaticRoutingAP::RunPendingEvents] run pending events, event_list is AhaNet::TNCConfigUpdated,AhaNet::TNCConfigUpdated
[34202:34202:0723/154410.592075:INFO:aha/components/towel/common/static_routing_ap.cc:217] [TOWEL][StaticRoutingAP::RunPendingRequestAndEvents] run pending requests, method= AhaNet::UpdateAhaNetAccessPolicy
[34202:34202:0723/154410.592101:INFO:aha/components/towel/common/ap_impl.cc:406] [TOWEL][APImpl::OnProviderAdded] provider_name AhaNet, RoutingId(34202, 881981691)
[34202:34202:0723/154410.592109:INFO:aha/components/ipc/ipc_client.cc:172] [AhaIpc] provider connected, name: AhaNet
[34202:34202:0723/154410.592115:INFO:aha/components/towel/common/static_routing_ap.cc:181] [TOWEL][StaticRoutingAP::RunPendingRequestAndEvents] provider_name= AhaNet
[34202:34202:0723/154410.592133:INFO:aha/components/towel/common/ap_impl.cc:406] [TOWEL][APImpl::OnProviderAdded] provider_name AhaNet, RoutingId(34202, 1317386977)
[34202:34202:0723/154410.592139:INFO:aha/components/towel/common/static_routing_ap.cc:181] [TOWEL][StaticRoutingAP::RunPendingRequestAndEvents] provider_name= AhaNet
[34202:34202:0723/154410.603473:INFO:aha/components/towel/common/ap_impl.cc:530] [TOWEL][APImpl::OnGetProviderMetaInfo]: RoutingId(34202, 104141124) provider AhaNet
[34202:34202:0723/154410.603490:INFO:aha/components/towel/common/ap_impl.cc:540] [TOWEL][APImpl::OnGetProviderMetaInfo] update meta info for AhaNet method_list is AhaNet::UpdateAhaNetAccessPolicy|AhaNet::UpdateTNCConfig|AhaNet::SetProxy|AhaNet::WsCreate|AhaNet::WsConnect|AhaNet::WsSend|AhaNet::WsDisconnect|AhaNet::WsDestroy, event_list is AhaNet::WsMessage|AhaNet::WsStatusChanged|AhaNet::WsError|AhaNet::TNCConfigUpdated
[34202:34202:0723/154410.603497:INFO:aha/components/towel/common/static_routing_ap.cc:181] [TOWEL][StaticRoutingAP::RunPendingRequestAndEvents] provider_name= AhaNet
[34202:34202:0723/154410.603520:INFO:aha/components/towel/common/ap_impl.cc:406] [TOWEL][APImpl::OnProviderAdded] provider_name monitor, RoutingId(34202, 104141124)
[34202:34202:0723/154410.603527:INFO:aha/components/towel/common/static_routing_ap.cc:181] [TOWEL][StaticRoutingAP::RunPendingRequestAndEvents] provider_name= monitor
[34202:34202:0723/154410.603552:INFO:aha/components/towel/common/ap_impl.cc:406] [TOWEL][APImpl::OnProviderAdded] provider_name monitor, RoutingId(34202, 881981691)
[34202:34202:0723/154410.603559:INFO:aha/components/ipc/ipc_client.cc:172] [AhaIpc] provider connected, name: monitor
[34202:34202:0723/154410.603565:INFO:aha/components/towel/common/static_routing_ap.cc:181] [TOWEL][StaticRoutingAP::RunPendingRequestAndEvents] provider_name= monitor
[34202:34202:0723/154410.603584:INFO:aha/components/towel/common/master_impl.cc:78] [TOWEL][MasterImpl::BindAP] success for 104141124
[34202:34202:0723/154410.603600:INFO:aha/components/towel/common/ap_impl.cc:406] [TOWEL][APImpl::OnProviderAdded] provider_name monitor, RoutingId(34202, 1317386977)
[34202:34202:0723/154410.603607:INFO:aha/components/towel/common/static_routing_ap.cc:181] [TOWEL][StaticRoutingAP::RunPendingRequestAndEvents] provider_name= monitor
[34202:34202:0723/154410.603621:INFO:aha/components/towel/common/ap_impl.cc:530] [TOWEL][APImpl::OnGetProviderMetaInfo]: RoutingId(34202, 881981691) provider AhaNet
[34202:34202:0723/154410.603626:INFO:aha/components/towel/common/ap_impl.cc:540] [TOWEL][APImpl::OnGetProviderMetaInfo] update meta info for AhaNet method_list is AhaNet::UpdateAhaNetAccessPolicy|AhaNet::UpdateTNCConfig|AhaNet::SetProxy|AhaNet::WsCreate|AhaNet::WsConnect|AhaNet::WsSend|AhaNet::WsDisconnect|AhaNet::WsDestroy, event_list is AhaNet::WsMessage|AhaNet::WsStatusChanged|AhaNet::WsError|AhaNet::TNCConfigUpdated
[34202:34202:0723/154410.603631:INFO:aha/components/towel/common/static_routing_ap.cc:181] [TOWEL][StaticRoutingAP::RunPendingRequestAndEvents] provider_name= AhaNet
[34202:34202:0723/154410.603639:INFO:aha/components/towel/common/ap_impl.cc:530] [TOWEL][APImpl::OnGetProviderMetaInfo]: RoutingId(34202, 1317386977) provider AhaNet
[34202:34202:0723/154410.603643:INFO:aha/components/towel/common/ap_impl.cc:540] [TOWEL][APImpl::OnGetProviderMetaInfo] update meta info for AhaNet method_list is AhaNet::UpdateAhaNetAccessPolicy|AhaNet::UpdateTNCConfig|AhaNet::SetProxy|AhaNet::WsCreate|AhaNet::WsConnect|AhaNet::WsSend|AhaNet::WsDisconnect|AhaNet::WsDestroy, event_list is AhaNet::WsMessage|AhaNet::WsStatusChanged|AhaNet::WsError|AhaNet::TNCConfigUpdated
[34202:34202:0723/154410.603648:INFO:aha/components/towel/common/static_routing_ap.cc:181] [TOWEL][StaticRoutingAP::RunPendingRequestAndEvents] provider_name= AhaNet
[34202:34202:0723/154410.605557:INFO:aha/components/towel/common/ap_impl.cc:530] [TOWEL][APImpl::OnGetProviderMetaInfo]: RoutingId(34202, 104141124) provider monitor
[34202:34202:0723/154410.605569:INFO:aha/components/towel/common/ap_impl.cc:540] [TOWEL][APImpl::OnGetProviderMetaInfo] update meta info for monitor method_list is monitor::MONITOR_EVENT|monitor::UPLOAD_LOGS|monitor::TOGGLE_LOGIFIER|monitor::REPORT_NETWORK_EVENT|monitor::REPORT_SLARDAR_WEB|monitor::REPORT_CPU_PROFILE|monitor::REPORT_SNAPSHOT|monitor::REPORT_CUSTOM_EXCEPTION, event_list is 
[34202:34202:0723/154410.605580:INFO:aha/components/towel/common/static_routing_ap.cc:181] [TOWEL][StaticRoutingAP::RunPendingRequestAndEvents] provider_name= monitor
[34202:34202:0723/154410.605593:INFO:aha/components/towel/common/ap_impl.cc:530] [TOWEL][APImpl::OnGetProviderMetaInfo]: RoutingId(34202, 881981691) provider monitor
[34202:34202:0723/154410.605597:INFO:aha/components/towel/common/ap_impl.cc:540] [TOWEL][APImpl::OnGetProviderMetaInfo] update meta info for monitor method_list is monitor::MONITOR_EVENT|monitor::UPLOAD_LOGS|monitor::TOGGLE_LOGIFIER|monitor::REPORT_NETWORK_EVENT|monitor::REPORT_SLARDAR_WEB|monitor::REPORT_CPU_PROFILE|monitor::REPORT_SNAPSHOT|monitor::REPORT_CUSTOM_EXCEPTION, event_list is 
[34202:34202:0723/154410.605602:INFO:aha/components/towel/common/static_routing_ap.cc:181] [TOWEL][StaticRoutingAP::RunPendingRequestAndEvents] provider_name= monitor
[34202:34202:0723/154410.605609:INFO:aha/components/towel/common/ap_impl.cc:530] [TOWEL][APImpl::OnGetProviderMetaInfo]: RoutingId(34202, 1317386977) provider monitor
[34202:34202:0723/154410.605613:INFO:aha/components/towel/common/ap_impl.cc:540] [TOWEL][APImpl::OnGetProviderMetaInfo] update meta info for monitor method_list is monitor::MONITOR_EVENT|monitor::UPLOAD_LOGS|monitor::TOGGLE_LOGIFIER|monitor::REPORT_NETWORK_EVENT|monitor::REPORT_SLARDAR_WEB|monitor::REPORT_CPU_PROFILE|monitor::REPORT_SNAPSHOT|monitor::REPORT_CUSTOM_EXCEPTION, event_list is 
[34202:34202:0723/154410.605618:INFO:aha/components/towel/common/static_routing_ap.cc:181] [TOWEL][StaticRoutingAP::RunPendingRequestAndEvents] provider_name= monitor
[34202:34202:0723/154410.612678:INFO:aha/components/monitor/monitor.cc:159] [Monitor] SetDisableReport: SetDisableReport, disable_report: 0
[34204:34204:0723/154410.612716:INFO:third_party/crashpad/crashpad/handler/linux/crash_report_exception_handler.cc:344] [Crashpad] Append global param key: device_id
[34202:34202:0723/154410.612750:INFO:aha/components/monitor/monitor_service_instance_impl.cc:185] [MonitorService] UpdateConfig: UpdateConfig, device_id: 7649334840105879056, user_id: , tenant_id: 
[34204:34207:0723/154410.612779:INFO:aha/third_party/parfait/aha/parfait_client.cc:176] [Parfait] update ParfaitClient with config
	pft_version=1.3.0.0
	user_id=
	device_id=7649334840105879056
	session_id=
	data_report_url=https://pcmon-boot.trae.ai/monitor_pc/collect/api/pc_log
	crash_report_url=https://pcmon-boot.trae.ai/monitor_pc/collect/api/pc_crash
	gwpasan_report_url=https://pcmon-boot.trae.ai/monitor_pc/collect/api/pc_gwpasan
	block_report_url=https://pcmon-boot.trae.ai/monitor_pc/collect/api/pc_jank
	matrix_report_url=https://pcmon-boot.trae.ai/monitor_pc/collect/api/pc_matrix
	cpu_profile_report_url=https://pcmon-boot.trae.ai/monitor_pc/collect/file/pc_cpu_profile
	custom_exception_report_url=https://pcmon-boot.trae.ai/monitor_pc/collect/file/pc_custom_exception
	snapshot_report_url=https://pcmon-boot.trae.ai/monitor_pc/collect/file/pc_snapshot
	settings_url=
	tenant_id=
[34204:34204:0723/154410.612810:INFO:third_party/crashpad/crashpad/handler/linux/crash_report_exception_handler.cc:344] [Crashpad] Append global param key: machineId
[34204:34204:0723/154410.612836:INFO:third_party/crashpad/crashpad/handler/linux/crash_report_exception_handler.cc:344] [Crashpad] Append global param key: release
[34204:34204:0723/154410.612871:INFO:third_party/crashpad/crashpad/handler/linux/crash_report_exception_handler.cc:344] [Crashpad] Append global param key: hostname
[34204:34204:0723/154410.612908:INFO:third_party/crashpad/crashpad/handler/linux/crash_report_exception_handler.cc:344] [Crashpad] Append global param key: memory
[34204:34204:0723/154410.612929:INFO:third_party/crashpad/crashpad/handler/linux/crash_report_exception_handler.cc:344] [Crashpad] Append global param key: cpu
[34204:34204:0723/154410.612948:INFO:third_party/crashpad/crashpad/handler/linux/crash_report_exception_handler.cc:344] [Crashpad] Append global param key: memoryUsagePercentage
[34204:34204:0723/154410.612967:INFO:third_party/crashpad/crashpad/handler/linux/crash_report_exception_handler.cc:344] [Crashpad] Append global param key: usage
[34204:34204:0723/154410.613071:INFO:third_party/crashpad/crashpad/handler/linux/crash_report_exception_handler.cc:344] [Crashpad] Append global param key: region
[34202:34202:0723/154410.613367:INFO:aha/components/towel/embedder/master_binder.cc:60] [TOWEL]BindMasterInAnyProcess, ProcessType(2)
[34202:34202:0723/154410.613378:INFO:aha/components/towel/embedder/master_binder.cc:52] [TOWEL]BindMasterInBrowser, ProcessType(2)
[34202:34202:0723/154410.613390:INFO:aha/components/towel/embedder/master_binder.cc:55] [TOWEL]BindMasterInBrowser, run in main thread, bind.
[34202:34202:0723/154410.613407:INFO:aha/components/towel/public/provider.cc:76] [TOWEL][Provider::Mount] mount provider, name= trae-config-channel, force_reset=0
[34202:34202:0723/154410.614496:INFO:aha/components/ipc/ipc_client.cc:36] [AhaIpc] create socket, server: ai-agent, channel_id: 76452943-6fb8-4f72-a94b-a93fb6f96fdb
[34202:34202:0723/154410.614507:INFO:aha/components/ipc/ipc_client.cc:41] [AhaIpc] listen to server first time, server=ai-agent
[34202:34202:0723/154410.614513:WARNING:aha/components/towel/common/ap_impl.cc:220] [TOWEL][APImpl::ListensEvents] no provider for event ai-agent::PUSH_PACKET
[34202:34202:0723/154410.614518:INFO:aha/components/towel/common/ap_impl.cc:594] [TOWEL][APImpl::ListensEvents] start, RoutingId(34202, 881981691)
[34202:34202:0723/154410.614522:INFO:aha/components/towel/common/ap_impl.cc:596] [TOWEL][APImpl::ListensEvents] no pending_listen_requests_, do nothing
[34202:34202:0723/154410.614527:INFO:aha/components/towel/common/static_routing_ap.cc:171] [TOWEL][StaticRoutingAP::TryAddPendingEvents] provider not ready, store event and wait. event ai-agent::PUSH_PACKET
[34202:34202:0723/154410.614536:INFO:aha/components/towel/common/static_routing_ap.cc:135] [TOWEL][StaticRoutingAP::TryAddPendingRequest] provider not ready, store request and wait. method ai-agent::SEND
[34202:34202:0723/154410.614541:INFO:aha/components/towel/common/static_routing_ap.cc:144] [TOWEL][StaticRoutingAP] start timeout checker
[34202:34202:0723/154410.618522:INFO:aha/components/perf/system_monitor/perf_system_monitor.cc:68] PerfSystemMonitor::Start 0xf440038f658, interval 15 s
[34202:34202:0723/154410.618549:INFO:aha/components/perf/perf_abnormal_observer.cc:545] [PerfAbnormal] GetInstance, 
[34202:34202:0723/154410.618557:INFO:aha/electron/shell/browser/api/electron_api_aha_system_monitor.cc:77] [AhaSystemMonitor] MonitorAbnormal
[34202:34202:0723/154410.635653:ERROR:aha/components/basil/core/native_extension_manager_impl.cc:51] [Basil][Basil] no extension found, name=ai
[34202:34202:0723/154410.635687:INFO:aha/components/basil/core/native_extension_impl.cc:105] [Basil]native_extension created, name=ai
[34202:34202:0723/154410.635699:INFO:aha/components/basil/core/native_extension_impl.cc:130] [Basil]launch native extension process start, name=ai
[34202:34202:0723/154410.635707:INFO:content/public/browser/service_process_host.cc:108] vscode_crash_reporter_process_type: is ai
[34202:34202:0723/154410.638119:ERROR:aha/components/basil/core/native_extension_manager_impl.cc:51] [Basil][Basil] no extension found, name=ckg
[34202:34202:0723/154410.638156:INFO:aha/components/basil/core/native_extension_impl.cc:105] [Basil]native_extension created, name=ckg
[34202:34202:0723/154410.638169:INFO:aha/components/basil/core/native_extension_impl.cc:130] [Basil]launch native extension process start, name=ckg
[34202:34202:0723/154410.638175:INFO:content/public/browser/service_process_host.cc:108] vscode_crash_reporter_process_type: is ckg
[34202:34202:0723/154410.640422:INFO:content/public/browser/service_process_host.cc:108] vscode_crash_reporter_process_type: is ai-server
[34202:34202:0723/154410.642325:INFO:aha/components/ipc/ipc_client.cc:36] [AhaIpc] create socket, server: cueServer, channel_id: cb44d63c-feb7-4fa4-8e24-64db3d045aec
[34202:34202:0723/154410.642339:INFO:aha/components/ipc/ipc_client.cc:41] [AhaIpc] listen to server first time, server=cueServer
[34202:34202:0723/154410.642347:WARNING:aha/components/towel/common/ap_impl.cc:220] [TOWEL][APImpl::ListensEvents] no provider for event cueServer::PUSH_PACKET
[34202:34202:0723/154410.642356:INFO:aha/components/towel/common/ap_impl.cc:594] [TOWEL][APImpl::ListensEvents] start, RoutingId(34202, 881981691)
[34202:34202:0723/154410.642365:INFO:aha/components/towel/common/ap_impl.cc:596] [TOWEL][APImpl::ListensEvents] no pending_listen_requests_, do nothing
[34202:34202:0723/154410.642369:INFO:aha/components/towel/common/static_routing_ap.cc:171] [TOWEL][StaticRoutingAP::TryAddPendingEvents] provider not ready, store event and wait. event cueServer::PUSH_PACKET
[34202:34202:0723/154410.642386:INFO:aha/components/towel/common/static_routing_ap.cc:135] [TOWEL][StaticRoutingAP::TryAddPendingRequest] provider not ready, store request and wait. method cueServer::SEND
[34202:34202:0723/154410.642647:INFO:aha/components/towel/common/static_routing_ap.cc:135] [TOWEL][StaticRoutingAP::TryAddPendingRequest] provider not ready, store request and wait. method ai-agent::SEND
[34202:34202:0723/154410.642803:INFO:aha/components/towel/common/static_routing_ap.cc:135] [TOWEL][StaticRoutingAP::TryAddPendingRequest] provider not ready, store request and wait. method cueServer::SEND
[34202:34202:0723/154410.644476:INFO:aha/components/towel/common/master_impl.cc:153] [TOWEL][MasterImpl::RegisterProvider] success trae-config-channel provider size now is 4
[34202:34225:0723/154410.644504:INFO:aha/components/towel/common/ap_impl.cc:406] [TOWEL][APImpl::OnProviderAdded] provider_name trae-config-channel, RoutingId(34202, 388366797)
[34202:34225:0723/154410.644518:INFO:aha/components/monitor/monitor.cc:173] [Monitor] OnProviderConnected: OnProviderConnected, name: trae-config-channel
[34202:34225:0723/154410.644525:INFO:aha/components/towel/common/static_routing_ap.cc:181] [TOWEL][StaticRoutingAP::RunPendingRequestAndEvents] provider_name= trae-config-channel
[34202:34202:0723/154410.644864:INFO:aha/components/basil/core/native_extension_impl.cc:212] [Basil]process launched, name=ai, pid=34323
[34202:34202:0723/154410.645040:INFO:aha/components/process_observer/aha_process_observer.cc:45] [process observer][process launched] type is:ai, pid is:34323
[34202:34225:0723/154410.645065:INFO:aha/components/perf/process/process_type_provider.cc:105] [ProcessTypeProvider] AddProcessOnTaskRunner, pid 34323, type ai
[34202:34202:0723/154410.645081:INFO:aha/components/perf/perf_manager_base.cc:448] [perf manager][function = AddProcess] add process:34323
[34202:34202:0723/154410.645113:INFO:aha/components/perf/collector/perf_collector_base.cc:29] [perf collector][function=ShouldCollectProcess] AddProcess pid:34323 cmd:/proc/self/exe --type=utility --utility-sub-type=basil.mojom.NativeExtensionService --lang=zh-CN --service-sandbox-type=none --render-node-override=/dev/dri/renderD129 --vscode-crash-reporter-process-type=ai --crashpad-handler-pid=34204 --enable-crash-reporter=cf0573c6-7444-4116-be82-e562a048b8e6,no_channel --user-data-dir=/home/eternity/.config/Trae --standard-schemes=vscode-webview,vscode-file --enable-sandbox --secure-schemes=vscode-webview,vscode-file --cors-schemes=vscode-webview,vscode-file --fetch-schemes=vscode-webview,vscode-file --service-worker-schemes=vscode-webview --code-cache-schemes=vscode-webview,vscode-file --shared-files=v8_context_snapshot_data:100 --field-trial-handle=3,i,1318018656202683347,15837687739368114726,262144 --enable-features=DocumentPolicyIncludeJSCallStacksInCrashReports,EarlyEstablishGpuChannel,EstablishGpuChannelAsync,PdfUseShowSaveFilePicker --disable-features=CalculateNativeWinOcclusion,LocalNetworkAccessChecks,ScreenAIOCREnabled,SpareRendererForSitePerProcess,TraceSiteInstanceGetProcessCreation --variations-seed-version --trace-process-track-uuid=3190708990997080739
[34202:34202:0723/154410.645135:INFO:aha/components/perf/collector/perf_collector_base.cc:29] [perf collector][function=ShouldCollectProcess] AddProcess pid:34323 cmd:/proc/self/exe --type=utility --utility-sub-type=basil.mojom.NativeExtensionService --lang=zh-CN --service-sandbox-type=none --render-node-override=/dev/dri/renderD129 --vscode-crash-reporter-process-type=ai --crashpad-handler-pid=34204 --enable-crash-reporter=cf0573c6-7444-4116-be82-e562a048b8e6,no_channel --user-data-dir=/home/eternity/.config/Trae --standard-schemes=vscode-webview,vscode-file --enable-sandbox --secure-schemes=vscode-webview,vscode-file --cors-schemes=vscode-webview,vscode-file --fetch-schemes=vscode-webview,vscode-file --service-worker-schemes=vscode-webview --code-cache-schemes=vscode-webview,vscode-file --shared-files=v8_context_snapshot_data:100 --field-trial-handle=3,i,1318018656202683347,15837687739368114726,262144 --enable-features=DocumentPolicyIncludeJSCallStacksInCrashReports,EarlyEstablishGpuChannel,EstablishGpuChannelAsync,PdfUseShowSaveFilePicker --disable-features=CalculateNativeWinOcclusion,LocalNetworkAccessChecks,ScreenAIOCREnabled,SpareRendererForSitePerProcess,TraceSiteInstanceGetProcessCreation --variations-seed-version --trace-process-track-uuid=3190708990997080739
[34202:34202:0723/154410.645156:INFO:aha/components/perf/collector/perf_collector_base.cc:29] [perf collector][function=ShouldCollectProcess] AddProcess pid:34323 cmd:/proc/self/exe --type=utility --utility-sub-type=basil.mojom.NativeExtensionService --lang=zh-CN --service-sandbox-type=none --render-node-override=/dev/dri/renderD129 --vscode-crash-reporter-process-type=ai --crashpad-handler-pid=34204 --enable-crash-reporter=cf0573c6-7444-4116-be82-e562a048b8e6,no_channel --user-data-dir=/home/eternity/.config/Trae --standard-schemes=vscode-webview,vscode-file --enable-sandbox --secure-schemes=vscode-webview,vscode-file --cors-schemes=vscode-webview,vscode-file --fetch-schemes=vscode-webview,vscode-file --service-worker-schemes=vscode-webview --code-cache-schemes=vscode-webview,vscode-file --shared-files=v8_context_snapshot_data:100 --field-trial-handle=3,i,1318018656202683347,15837687739368114726,262144 --enable-features=DocumentPolicyIncludeJSCallStacksInCrashReports,EarlyEstablishGpuChannel,EstablishGpuChannelAsync,PdfUseShowSaveFilePicker --disable-features=CalculateNativeWinOcclusion,LocalNetworkAccessChecks,ScreenAIOCREnabled,SpareRendererForSitePerProcess,TraceSiteInstanceGetProcessCreation --variations-seed-version --trace-process-track-uuid=3190708990997080739
[34202:34202:0723/154410.645191:INFO:aha/components/basil/core/native_extension_impl.cc:212] [Basil]process launched, name=ckg, pid=34324
[34202:34202:0723/154410.645267:INFO:aha/electron/shell/browser/api/electron_api_aha_reporter.cc:305] setPerfContextForProcess enableCkgAhaRequest true

[34202:34202:0723/154410.645278:INFO:aha/components/perf/perf_custom_param_manager.cc:25] Add custom category param enableCkgAhaRequest = true
 for process 34324
[34202:34202:0723/154410.645320:INFO:aha/components/process_observer/aha_process_observer.cc:45] [process observer][process launched] type is:ckg, pid is:34324
[34202:34225:0723/154410.645334:INFO:aha/components/perf/process/process_type_provider.cc:105] [ProcessTypeProvider] AddProcessOnTaskRunner, pid 34324, type ckg
[34202:34202:0723/154410.645338:INFO:aha/components/perf/perf_manager_base.cc:448] [perf manager][function = AddProcess] add process:34324
[34202:34202:0723/154410.645365:INFO:aha/components/perf/collector/perf_collector_base.cc:29] [perf collector][function=ShouldCollectProcess] AddProcess pid:34324 cmd:
[34202:34202:0723/154410.645374:INFO:aha/components/perf/collector/perf_collector_base.cc:29] [perf collector][function=ShouldCollectProcess] AddProcess pid:34324 cmd:
[34202:34202:0723/154410.645383:INFO:aha/components/perf/collector/perf_collector_base.cc:29] [perf collector][function=ShouldCollectProcess] AddProcess pid:34324 cmd:
[34202:34202:0723/154410.645698:INFO:aha/electron/shell/browser/api/electron_api_aha_reporter.cc:305] setPerfContextForProcess isSingletonCueServer true

[34202:34202:0723/154410.645708:INFO:aha/components/perf/perf_custom_param_manager.cc:25] Add custom category param isSingletonCueServer = true
 for process 34325
[34202:34202:0723/154410.645759:INFO:aha/components/process_observer/aha_process_observer.cc:45] [process observer][process launched] type is:ai-server, pid is:34325
[34202:34225:0723/154410.645786:INFO:aha/components/perf/process/process_type_provider.cc:105] [ProcessTypeProvider] AddProcessOnTaskRunner, pid 34325, type ai-server
[34202:34202:0723/154410.645787:INFO:aha/components/perf/perf_manager_base.cc:448] [perf manager][function = AddProcess] add process:34325
[34202:34202:0723/154410.645865:INFO:aha/components/perf/collector/perf_collector_base.cc:29] [perf collector][function=ShouldCollectProcess] AddProcess pid:34325 cmd:/proc/self/exe --type=utility --utility-sub-type=node.mojom.NodeService --lang=zh-CN --service-sandbox-type=none --render-node-override=/dev/dri/renderD129 --vscode-crash-reporter-process-type=ai-server --crashpad-handler-pid=34204 --enable-crash-reporter=cf0573c6-7444-4116-be82-e562a048b8e6,no_channel --user-data-dir=/home/eternity/.config/Trae --standard-schemes=vscode-webview,vscode-file --enable-sandbox --secure-schemes=vscode-webview,vscode-file --cors-schemes=vscode-webview,vscode-file --fetch-schemes=vscode-webview,vscode-file --service-worker-schemes=vscode-webview --code-cache-schemes=vscode-webview,vscode-file --shared-files=v8_context_snapshot_data:100 --field-trial-handle=3,i,1318018656202683347,15837687739368114726,262144 --enable-features=DocumentPolicyIncludeJSCallStacksInCrashReports,EarlyEstablishGpuChannel,EstablishGpuChannelAsync,PdfUseShowSaveFilePicker --disable-features=CalculateNativeWinOcclusion,LocalNetworkAccessChecks,ScreenAIOCREnabled,SpareRendererForSitePerProcess,TraceSiteInstanceGetProcessCreation --variations-seed-version --trace-process-track-uuid=3190708992871164437
[34202:34202:0723/154410.645883:INFO:aha/components/perf/collector/perf_collector_base.cc:29] [perf collector][function=ShouldCollectProcess] AddProcess pid:34325 cmd:/proc/self/exe --type=utility --utility-sub-type=node.mojom.NodeService --lang=zh-CN --service-sandbox-type=none --render-node-override=/dev/dri/renderD129 --vscode-crash-reporter-process-type=ai-server --crashpad-handler-pid=34204 --enable-crash-reporter=cf0573c6-7444-4116-be82-e562a048b8e6,no_channel --user-data-dir=/home/eternity/.config/Trae --standard-schemes=vscode-webview,vscode-file --enable-sandbox --secure-schemes=vscode-webview,vscode-file --cors-schemes=vscode-webview,vscode-file --fetch-schemes=vscode-webview,vscode-file --service-worker-schemes=vscode-webview --code-cache-schemes=vscode-webview,vscode-file --shared-files=v8_context_snapshot_data:100 --field-trial-handle=3,i,1318018656202683347,15837687739368114726,262144 --enable-features=DocumentPolicyIncludeJSCallStacksInCrashReports,EarlyEstablishGpuChannel,EstablishGpuChannelAsync,PdfUseShowSaveFilePicker --disable-features=CalculateNativeWinOcclusion,LocalNetworkAccessChecks,ScreenAIOCREnabled,SpareRendererForSitePerProcess,TraceSiteInstanceGetProcessCreation --variations-seed-version --trace-process-track-uuid=3190708992871164437
[34202:34202:0723/154410.645898:INFO:aha/components/perf/collector/perf_collector_base.cc:29] [perf collector][function=ShouldCollectProcess] AddProcess pid:34325 cmd:/proc/self/exe --type=utility --utility-sub-type=node.mojom.NodeService --lang=zh-CN --service-sandbox-type=none --render-node-override=/dev/dri/renderD129 --vscode-crash-reporter-process-type=ai-server --crashpad-handler-pid=34204 --enable-crash-reporter=cf0573c6-7444-4116-be82-e562a048b8e6,no_channel --user-data-dir=/home/eternity/.config/Trae --standard-schemes=vscode-webview,vscode-file --enable-sandbox --secure-schemes=vscode-webview,vscode-file --cors-schemes=vscode-webview,vscode-file --fetch-schemes=vscode-webview,vscode-file --service-worker-schemes=vscode-webview --code-cache-schemes=vscode-webview,vscode-file --shared-files=v8_context_snapshot_data:100 --field-trial-handle=3,i,1318018656202683347,15837687739368114726,262144 --enable-features=DocumentPolicyIncludeJSCallStacksInCrashReports,EarlyEstablishGpuChannel,EstablishGpuChannelAsync,PdfUseShowSaveFilePicker --disable-features=CalculateNativeWinOcclusion,LocalNetworkAccessChecks,ScreenAIOCREnabled,SpareRendererForSitePerProcess,TraceSiteInstanceGetProcessCreation --variations-seed-version --trace-process-track-uuid=3190708992871164437
[34202:34202:0723/154410.646069:ERROR:aha/components/basil/core/native_extension_impl.cc:259] [Basil]process crashed, name=ckg, code=256
[34202:34202:0723/154410.646079:INFO:aha/components/basil/core/native_extension_impl.cc:266] [Basil]HandleTermination, exit_code=256
[34202:34202:0723/154410.646483:INFO:aha/components/basil/core/native_extension_manager_impl.cc:96] [Basil]release native_extension, name=ckg
[34202:34202:0723/154410.646538:ERROR:aha/components/process_observer/aha_process_observer.cc:72] [process observer][process gone] type is: ckg, pid is: 34324, status is: 1, exit code is: 256, run time is: -1, is sandbox: 1
[34202:34225:0723/154410.646555:INFO:aha/components/perf/process/process_type_provider.cc:111] [ProcessTypeProvider] RemoveProcessOnTaskRunner, pid 34324
[34202:34202:0723/154410.646562:INFO:aha/components/perf/perf_manager_base.cc:509] [perf manager][function = RemoveProcess] remove exited process:34324
[34202:34202:0723/154410.655153:WARNING:ui/ozone/platform/wayland/host/wayland_surface.cc:170] Server doesn't support zcr_alpha_compositing_v1.
[34202:34202:0723/154410.655173:WARNING:ui/ozone/platform/wayland/host/wayland_surface.cc:185] Server doesn't support overlay_prioritizer.
[34202:34202:0723/154410.655178:WARNING:ui/ozone/platform/wayland/host/wayland_surface.cc:200] Server doesn't support wp_content_type_v1
[34202:34202:0723/154410.655182:WARNING:ui/ozone/platform/wayland/host/wayland_surface.cc:214] Server doesn't support wp_color_management_surface_v1.
[34202:34202:0723/154410.659995:INFO:aha/components/metrics/metrics_base.cc:52] [startup] metric: createBrowserWindow, start
[34202:34202:0723/154410.660059:INFO:electron/shell/browser/api/electron_api_web_contents.cc:795] Create WebContents, this: 0xf440034b080, uuid: 
[34202:34202:0723/154410.660503:INFO:aha/content/public/browser/renderer_jank/aha_infra_render_block_detector.cc:88] [renderer block] AhaInfraRenderBlockDetector is created and set up!
[34202:34202:0723/154410.668688:INFO:aha/components/metrics/metrics_base.cc:64] [startup] metric: createBrowserWindow, end, latency: 9ms
[34202:34202:0723/154410.672083:INFO:components/viz/client/frame_evictor.cc:49] blank paint: FrameEvictor::SetVisible 0 -> 0, has_surface=0
[34202:34202:0723/154410.672844:INFO:content/browser/renderer_host/render_widget_host_view_aura.cc:590] blank paint: ShowImpl called, is_hidden=1, disable_hidden=0, visibility=0
[34202:34202:0723/154410.672874:INFO:content/browser/renderer_host/render_widget_host_view_base.cc:890] blank paint: OnShowWithPageVisibility called, is_hidden=1, disable_hidden=0, web_contents_is_visible=1
[34202:34202:0723/154410.672880:INFO:content/browser/renderer_host/render_widget_host_view_aura.cc:635] blank paint: NotifyHostAndDelegateOnWasShown called, FrameEvictor will be set visible
[34202:34202:0723/154410.672892:INFO:content/browser/renderer_host/delegated_frame_host.cc:98] blank paint: WasShown
[34202:34202:0723/154410.672896:INFO:components/viz/client/frame_evictor.cc:49] blank paint: FrameEvictor::SetVisible 0 -> 1, has_surface=0
[34202:34202:0723/154410.673060:INFO:aha/components/page_load_metrics/observers/page_load_metrics_observer.cc:133] [page_load_metrics][traceId-] this:0xf440018ee00, AhaPageLoadMetricsObserver::ctor
[34202:34202:0723/154410.673070:INFO:aha/components/page_load_metrics/observers/page_load_metrics_observer.cc:187] [page_load_metrics][traceId-] this:0xf440018ee00, OnStart: is_same_document:0, started_in_foreground:1
[34202:34202:0723/154410.673079:INFO:aha/components/page_load_metrics/observers/page_load_metrics_observer.cc:224] [page_load_metrics][traceId-] this:0xf440018ee00, TryRegisterWidgetObserver: widget:0xf440018cd00, visible:1, minimized:0, web_contents_visible:1
[34202:34250:0723/154410.679678:INFO:aha/components/towel/common/static_routing_ap.cc:244] [TOWEL]run timeout checker
[34202:34250:0723/154410.679723:INFO:aha/components/towel/common/static_routing_ap.cc:267] [TOWEL]stop timeout checker
[34202:34202:0723/154410.686151:INFO:aha/components/towel/common/static_routing_ap.cc:135] [TOWEL][StaticRoutingAP::TryAddPendingRequest] provider not ready, store request and wait. method ai-agent::SEND
[34202:34202:0723/154410.686454:ERROR:aha/components/basil/core/native_extension_manager_impl.cc:51] [Basil][Basil] no extension found, name=ckg
[34202:34202:0723/154410.686477:INFO:aha/components/basil/core/native_extension_impl.cc:105] [Basil]native_extension created, name=ckg
[34202:34202:0723/154410.686486:INFO:aha/components/basil/core/native_extension_impl.cc:130] [Basil]launch native extension process start, name=ckg
[34202:34202:0723/154410.686493:INFO:content/public/browser/service_process_host.cc:108] vscode_crash_reporter_process_type: is ckg
[34202:34202:0723/154410.689983:INFO:aha/components/towel/common/ap_impl.cc:406] [TOWEL][APImpl::OnProviderAdded] provider_name trae-config-channel, RoutingId(34202, 104141124)
[34202:34202:0723/154410.689998:INFO:aha/components/towel/common/static_routing_ap.cc:181] [TOWEL][StaticRoutingAP::RunPendingRequestAndEvents] provider_name= trae-config-channel
[34202:34202:0723/154410.690036:INFO:aha/components/towel/common/ap_impl.cc:406] [TOWEL][APImpl::OnProviderAdded] provider_name trae-config-channel, RoutingId(34202, 881981691)
[34202:34202:0723/154410.690041:INFO:aha/components/ipc/ipc_client.cc:172] [AhaIpc] provider connected, name: trae-config-channel
[34202:34202:0723/154410.690046:INFO:aha/components/towel/common/static_routing_ap.cc:181] [TOWEL][StaticRoutingAP::RunPendingRequestAndEvents] provider_name= trae-config-channel
[34202:34202:0723/154410.690065:INFO:aha/components/towel/common/ap_impl.cc:406] [TOWEL][APImpl::OnProviderAdded] provider_name trae-config-channel, RoutingId(34202, 1317386977)
[34202:34202:0723/154410.690070:INFO:aha/components/towel/common/static_routing_ap.cc:181] [TOWEL][StaticRoutingAP::RunPendingRequestAndEvents] provider_name= trae-config-channel
[34202:34202:0723/154410.690234:INFO:aha/components/basil/core/native_extension_impl.cc:225] [Basil]start service success, name=ai
[34202:34202:0723/154410.690624:INFO:aha/components/process_observer/aha_child_process_observer.cc:56] [process observer]RenderProcess Launched, type = renderer, category = -1
[34202:34202:0723/154410.690635:INFO:aha/components/process_observer/aha_process_observer.cc:45] [process observer][process launched] type is:renderer, pid is:34368
[34202:34202:0723/154410.690667:INFO:aha/components/perf/perf_manager_base.cc:448] [perf manager][function = AddProcess] add process:34368
[34202:34250:0723/154410.690659:INFO:aha/components/perf/process/process_type_provider.cc:105] [ProcessTypeProvider] AddProcessOnTaskRunner, pid 34368, type renderer
[34202:34202:0723/154410.690704:INFO:aha/components/perf/collector/perf_collector_base.cc:29] [perf collector][function=ShouldCollectProcess] AddProcess pid:34368 cmd:/usr/share/trae/trae --type=zygote --crashpad-handler-pid=34204
[34202:34202:0723/154410.690716:INFO:aha/components/perf/collector/perf_collector_base.cc:29] [perf collector][function=ShouldCollectProcess] AddProcess pid:34368 cmd:/usr/share/trae/trae --type=zygote --crashpad-handler-pid=34204
[34202:34202:0723/154410.690728:INFO:aha/components/perf/collector/perf_collector_base.cc:29] [perf collector][function=ShouldCollectProcess] AddProcess pid:34368 cmd:/usr/share/trae/trae --type=zygote --crashpad-handler-pid=34204
[34202:34202:0723/154410.694240:INFO:aha/components/towel/common/static_routing_ap.cc:244] [TOWEL]run timeout checker
[34202:34202:0723/154410.694254:INFO:aha/components/towel/common/static_routing_ap.cc:267] [TOWEL]stop timeout checker
[34202:34202:0723/154410.694269:INFO:aha/components/basil/core/native_extension_impl.cc:212] [Basil]process launched, name=ckg, pid=34387
[34202:34202:0723/154410.694335:INFO:aha/electron/shell/browser/api/electron_api_aha_reporter.cc:305] setPerfContextForProcess enableCkgAhaRequest true

[34202:34202:0723/154410.694342:INFO:aha/components/perf/perf_custom_param_manager.cc:25] Add custom category param enableCkgAhaRequest = true
 for process 34387
[34202:34202:0723/154410.694405:INFO:aha/components/process_observer/aha_process_observer.cc:45] [process observer][process launched] type is:ckg, pid is:34387
[34202:34250:0723/154410.694430:INFO:aha/components/perf/process/process_type_provider.cc:105] [ProcessTypeProvider] AddProcessOnTaskRunner, pid 34387, type ckg
[34202:34202:0723/154410.694439:INFO:aha/components/perf/perf_manager_base.cc:448] [perf manager][function = AddProcess] add process:34387
[34202:34202:0723/154410.694465:INFO:aha/components/perf/collector/perf_collector_base.cc:29] [perf collector][function=ShouldCollectProcess] AddProcess pid:34387 cmd:
[34202:34202:0723/154410.694475:INFO:aha/components/perf/collector/perf_collector_base.cc:29] [perf collector][function=ShouldCollectProcess] AddProcess pid:34387 cmd:
[34202:34202:0723/154410.694484:INFO:aha/components/perf/collector/perf_collector_base.cc:29] [perf collector][function=ShouldCollectProcess] AddProcess pid:34387 cmd:
[34202:34202:0723/154410.694564:INFO:aha/components/towel/public/provider.cc:196] [TOWEL][Provider::GetMetaInfo] provider trae-config-channel, method_size is 1 method_list is trae-config-channel::SEND
[34202:34202:0723/154410.694706:ERROR:electron/shell/browser/electron_browser_client.cc:1997] bind receiver for utility
[34202:34202:0723/154410.694720:INFO:aha/components/towel/embedder/master_binder.cc:52] [TOWEL]BindMasterInBrowser, ProcessType(2)
[34202:34202:0723/154410.694738:INFO:aha/components/towel/embedder/master_binder.cc:55] [TOWEL]BindMasterInBrowser, run in main thread, bind.
[34202:34202:0723/154410.694753:ERROR:electron/shell/browser/electron_browser_client.cc:1997] bind receiver for utility
[34202:34202:0723/154410.694758:INFO:aha/components/towel/embedder/master_binder.cc:52] [TOWEL]BindMasterInBrowser, ProcessType(2)
[34202:34202:0723/154410.694766:INFO:aha/components/towel/embedder/master_binder.cc:55] [TOWEL]BindMasterInBrowser, run in main thread, bind.
[34202:34202:0723/154410.694778:ERROR:electron/shell/browser/electron_browser_client.cc:1997] bind receiver for utility
[34202:34202:0723/154410.694784:INFO:aha/components/towel/embedder/master_binder.cc:52] [TOWEL]BindMasterInBrowser, ProcessType(2)
[34202:34202:0723/154410.694806:INFO:aha/components/towel/embedder/master_binder.cc:55] [TOWEL]BindMasterInBrowser, run in main thread, bind.
[34202:34202:0723/154410.694815:ERROR:electron/shell/browser/electron_browser_client.cc:1997] bind receiver for utility
[34202:34202:0723/154410.694819:INFO:aha/components/towel/embedder/master_binder.cc:52] [TOWEL]BindMasterInBrowser, ProcessType(2)
[34202:34202:0723/154410.694826:INFO:aha/components/towel/embedder/master_binder.cc:55] [TOWEL]BindMasterInBrowser, run in main thread, bind.
[34202:34202:0723/154410.695430:ERROR:aha/components/basil/core/native_extension_impl.cc:259] [Basil]process crashed, name=ckg, code=256
[34202:34202:0723/154410.695440:INFO:aha/components/basil/core/native_extension_impl.cc:266] [Basil]HandleTermination, exit_code=256
[34202:34202:0723/154410.695594:INFO:aha/components/basil/core/native_extension_manager_impl.cc:96] [Basil]release native_extension, name=ckg
[34202:34202:0723/154410.695648:ERROR:aha/components/process_observer/aha_process_observer.cc:72] [process observer][process gone] type is: ckg, pid is: 34387, status is: 1, exit code is: 256, run time is: -1, is sandbox: 1
[34202:34250:0723/154410.695675:INFO:aha/components/perf/process/process_type_provider.cc:111] [ProcessTypeProvider] RemoveProcessOnTaskRunner, pid 34387
[34202:34202:0723/154410.695681:INFO:aha/components/perf/perf_manager_base.cc:509] [perf manager][function = RemoveProcess] remove exited process:34387
[34202:34202:0723/154410.696558:INFO:aha/components/towel/public/provider.cc:196] [TOWEL][Provider::GetMetaInfo] provider trae-config-channel, method_size is 1 method_list is trae-config-channel::SEND
[34202:34202:0723/154410.696586:INFO:aha/components/towel/public/provider.cc:196] [TOWEL][Provider::GetMetaInfo] provider trae-config-channel, method_size is 1 method_list is trae-config-channel::SEND
[34202:34225:0723/154410.696592:INFO:aha/components/towel/common/ap_impl.cc:530] [TOWEL][APImpl::OnGetProviderMetaInfo]: RoutingId(34202, 388366797) provider trae-config-channel
[34202:34225:0723/154410.696621:INFO:aha/components/towel/common/ap_impl.cc:540] [TOWEL][APImpl::OnGetProviderMetaInfo] update meta info for trae-config-channel method_list is trae-config-channel::SEND, event_list is trae-config-channel::PUSH_PACKET
[34202:34225:0723/154410.696629:INFO:aha/components/towel/common/static_routing_ap.cc:181] [TOWEL][StaticRoutingAP::RunPendingRequestAndEvents] provider_name= trae-config-channel
[34202:34202:0723/154410.696614:INFO:aha/components/towel/public/provider.cc:196] [TOWEL][Provider::GetMetaInfo] provider trae-config-channel, method_size is 1 method_list is trae-config-channel::SEND
[34202:34202:0723/154410.696647:INFO:aha/components/towel/common/ap_impl.cc:530] [TOWEL][APImpl::OnGetProviderMetaInfo]: RoutingId(34202, 104141124) provider trae-config-channel
[34202:34202:0723/154410.696653:INFO:aha/components/towel/common/ap_impl.cc:540] [TOWEL][APImpl::OnGetProviderMetaInfo] update meta info for trae-config-channel method_list is trae-config-channel::SEND, event_list is trae-config-channel::PUSH_PACKET
[34202:34202:0723/154410.696657:INFO:aha/components/towel/common/static_routing_ap.cc:181] [TOWEL][StaticRoutingAP::RunPendingRequestAndEvents] provider_name= trae-config-channel
[34202:34202:0723/154410.696709:INFO:aha/components/towel/common/master_impl.cc:39] [TOWEL][MasterImpl::AddAPWithId] add ap 399616524
[34202:34202:0723/154410.696725:INFO:aha/components/towel/common/master_impl.cc:55] [TOWEL][MasterImpl::AddAP] add ap 399616524
[34202:34202:0723/154410.696794:INFO:aha/components/towel/common/master_impl.cc:153] [TOWEL][MasterImpl::RegisterProvider] success ai-agent provider size now is 5
[34202:34225:0723/154410.696801:INFO:aha/components/towel/common/ap_impl.cc:406] [TOWEL][APImpl::OnProviderAdded] provider_name ai-agent, RoutingId(34202, 388366797)
[34202:34225:0723/154410.696820:INFO:aha/components/monitor/monitor.cc:173] [Monitor] OnProviderConnected: OnProviderConnected, name: ai-agent
[34202:34225:0723/154410.696827:INFO:aha/components/towel/common/static_routing_ap.cc:181] [TOWEL][StaticRoutingAP::RunPendingRequestAndEvents] provider_name= ai-agent
[34202:34202:0723/154410.696873:INFO:aha/components/towel/common/master_impl.cc:153] [TOWEL][MasterImpl::RegisterProvider] success ai provider size now is 6
[34202:34225:0723/154410.696879:INFO:aha/components/towel/common/ap_impl.cc:406] [TOWEL][APImpl::OnProviderAdded] provider_name ai, RoutingId(34202, 388366797)
[34202:34225:0723/154410.696891:INFO:aha/components/monitor/monitor.cc:173] [Monitor] OnProviderConnected: OnProviderConnected, name: ai
[34202:34225:0723/154410.696897:INFO:aha/components/towel/common/static_routing_ap.cc:181] [TOWEL][StaticRoutingAP::RunPendingRequestAndEvents] provider_name= ai
[34202:34202:0723/154410.696898:INFO:aha/components/towel/common/master_impl.cc:39] [TOWEL][MasterImpl::AddAPWithId] add ap 13254948
[34202:34202:0723/154410.696918:INFO:aha/components/towel/common/master_impl.cc:55] [TOWEL][MasterImpl::AddAP] add ap 13254948
[34202:34225:0723/154410.697001:INFO:aha/components/towel/common/ap_impl.cc:530] [TOWEL][APImpl::OnGetProviderMetaInfo]: RoutingId(34202, 388366797) provider ai-agent
[34202:34225:0723/154410.697009:INFO:aha/components/towel/common/ap_impl.cc:540] [TOWEL][APImpl::OnGetProviderMetaInfo] update meta info for ai-agent method_list is ai-agent::SEND, event_list is ai-agent::PUSH_PACKET
[34202:34225:0723/154410.697015:INFO:aha/components/towel/common/static_routing_ap.cc:181] [TOWEL][StaticRoutingAP::RunPendingRequestAndEvents] provider_name= ai-agent
[34202:34225:0723/154410.697154:INFO:aha/components/towel/common/ap_impl.cc:530] [TOWEL][APImpl::OnGetProviderMetaInfo]: RoutingId(34202, 388366797) provider ai
[34202:34225:0723/154410.697163:INFO:aha/components/towel/common/ap_impl.cc:540] [TOWEL][APImpl::OnGetProviderMetaInfo] update meta info for ai method_list is ai::SEND, event_list is ai::PUSH_PACKET
[34202:34225:0723/154410.697173:INFO:aha/components/towel/common/static_routing_ap.cc:181] [TOWEL][StaticRoutingAP::RunPendingRequestAndEvents] provider_name= ai
[34202:34202:0723/154410.698261:INFO:aha/components/towel/common/ap_impl.cc:530] [TOWEL][APImpl::OnGetProviderMetaInfo]: RoutingId(34202, 881981691) provider trae-config-channel
[34202:34202:0723/154410.698272:INFO:aha/components/towel/common/ap_impl.cc:540] [TOWEL][APImpl::OnGetProviderMetaInfo] update meta info for trae-config-channel method_list is trae-config-channel::SEND, event_list is trae-config-channel::PUSH_PACKET
[34202:34202:0723/154410.698280:INFO:aha/components/towel/common/static_routing_ap.cc:181] [TOWEL][StaticRoutingAP::RunPendingRequestAndEvents] provider_name= trae-config-channel
[34202:34202:0723/154410.698290:INFO:aha/components/towel/common/ap_impl.cc:530] [TOWEL][APImpl::OnGetProviderMetaInfo]: RoutingId(34202, 1317386977) provider trae-config-channel
[34202:34202:0723/154410.698294:INFO:aha/components/towel/common/ap_impl.cc:540] [TOWEL][APImpl::OnGetProviderMetaInfo] update meta info for trae-config-channel method_list is trae-config-channel::SEND, event_list is trae-config-channel::PUSH_PACKET
[34202:34202:0723/154410.698298:INFO:aha/components/towel/common/static_routing_ap.cc:181] [TOWEL][StaticRoutingAP::RunPendingRequestAndEvents] provider_name= trae-config-channel
[34202:34202:0723/154410.698379:INFO:aha/components/towel/common/master_impl.cc:193] [TOWEL][MasterImpl::GetAllProviders] provider size is 6 given size is 6
[34202:34202:0723/154410.698428:INFO:aha/components/towel/common/ap_impl.cc:406] [TOWEL][APImpl::OnProviderAdded] provider_name ai-agent, RoutingId(34202, 104141124)
[34202:34202:0723/154410.698438:INFO:aha/components/towel/common/static_routing_ap.cc:181] [TOWEL][StaticRoutingAP::RunPendingRequestAndEvents] provider_name= ai-agent
[34202:34202:0723/154410.698460:INFO:aha/components/towel/common/ap_impl.cc:406] [TOWEL][APImpl::OnProviderAdded] provider_name ai-agent, RoutingId(34202, 881981691)
[34202:34202:0723/154410.698468:INFO:aha/components/ipc/ipc_client.cc:172] [AhaIpc] provider connected, name: ai-agent
[34202:34202:0723/154410.698475:WARNING:aha/components/towel/common/ap_impl.cc:220] [TOWEL][APImpl::ListensEvents] no provider for event ai-agent::PUSH_PACKET
[34202:34202:0723/154410.698481:INFO:aha/components/towel/common/ap_impl.cc:594] [TOWEL][APImpl::ListensEvents] start, RoutingId(34202, 881981691)
[34202:34202:0723/154410.698486:INFO:aha/components/towel/common/ap_impl.cc:596] [TOWEL][APImpl::ListensEvents] no pending_listen_requests_, do nothing
[34202:34202:0723/154410.698490:INFO:aha/components/towel/common/static_routing_ap.cc:171] [TOWEL][StaticRoutingAP::TryAddPendingEvents] provider not ready, store event and wait. event ai-agent::PUSH_PACKET
[34202:34202:0723/154410.698495:INFO:aha/components/towel/common/static_routing_ap.cc:181] [TOWEL][StaticRoutingAP::RunPendingRequestAndEvents] provider_name= ai-agent
[34202:34202:0723/154410.698499:INFO:aha/components/towel/common/static_routing_ap.cc:195] [TOWEL][StaticRoutingAP::RunPendingEvents] run pending events, event_list is ai-agent::PUSH_PACKET,ai-agent::PUSH_PACKET
[34202:34202:0723/154410.698509:INFO:aha/components/towel/common/static_routing_ap.cc:217] [TOWEL][StaticRoutingAP::RunPendingRequestAndEvents] run pending requests, method= ai-agent::SEND
[34202:34202:0723/154410.698535:INFO:aha/components/towel/common/static_routing_ap.cc:217] [TOWEL][StaticRoutingAP::RunPendingRequestAndEvents] run pending requests, method= ai-agent::SEND
[34202:34202:0723/154410.698551:INFO:aha/components/towel/common/static_routing_ap.cc:217] [TOWEL][StaticRoutingAP::RunPendingRequestAndEvents] run pending requests, method= ai-agent::SEND
[34202:34202:0723/154410.698585:INFO:aha/components/towel/common/ap_impl.cc:406] [TOWEL][APImpl::OnProviderAdded] provider_name ai-agent, RoutingId(34202, 1317386977)
[34202:34202:0723/154410.698592:INFO:aha/components/towel/common/static_routing_ap.cc:181] [TOWEL][StaticRoutingAP::RunPendingRequestAndEvents] provider_name= ai-agent
[34202:34202:0723/154410.698646:INFO:aha/components/towel/common/master_impl.cc:193] [TOWEL][MasterImpl::GetAllProviders] provider size is 6 given size is 6
[34202:34202:0723/154410.699237:INFO:aha/components/towel/common/ap_impl.cc:406] [TOWEL][APImpl::OnProviderAdded] provider_name ai, RoutingId(34202, 104141124)
[34202:34202:0723/154410.699249:INFO:aha/components/towel/common/static_routing_ap.cc:181] [TOWEL][StaticRoutingAP::RunPendingRequestAndEvents] provider_name= ai
[34202:34202:0723/154410.699269:INFO:aha/components/towel/common/ap_impl.cc:406] [TOWEL][APImpl::OnProviderAdded] provider_name ai, RoutingId(34202, 881981691)
[34202:34202:0723/154410.699276:INFO:aha/components/ipc/ipc_client.cc:172] [AhaIpc] provider connected, name: ai
[34202:34202:0723/154410.699281:INFO:aha/components/towel/common/static_routing_ap.cc:181] [TOWEL][StaticRoutingAP::RunPendingRequestAndEvents] provider_name= ai
[34202:34202:0723/154410.699319:INFO:aha/components/towel/common/ap_impl.cc:406] [TOWEL][APImpl::OnProviderAdded] provider_name ai, RoutingId(34202, 1317386977)
[34202:34202:0723/154410.699334:INFO:aha/electron/shell/renderer/api/electron_api_towel.cc:131] [TOWEL]ai provider connected
[34202:34202:0723/154410.699341:INFO:aha/components/towel/common/static_routing_ap.cc:181] [TOWEL][StaticRoutingAP::RunPendingRequestAndEvents] provider_name= ai
[34202:34202:0723/154410.699345:INFO:aha/components/towel/common/static_routing_ap.cc:195] [TOWEL][StaticRoutingAP::RunPendingEvents] run pending events, event_list is ai::PUSH_PACKET
[34202:34202:0723/154410.699360:INFO:aha/components/towel/common/ap_impl.cc:530] [TOWEL][APImpl::OnGetProviderMetaInfo]: RoutingId(34202, 104141124) provider ai-agent
[34202:34202:0723/154410.699365:INFO:aha/components/towel/common/ap_impl.cc:540] [TOWEL][APImpl::OnGetProviderMetaInfo] update meta info for ai-agent method_list is ai-agent::SEND, event_list is ai-agent::PUSH_PACKET
[34202:34202:0723/154410.699370:INFO:aha/components/towel/common/static_routing_ap.cc:181] [TOWEL][StaticRoutingAP::RunPendingRequestAndEvents] provider_name= ai-agent
[34202:34202:0723/154410.699379:INFO:aha/components/towel/common/ap_impl.cc:530] [TOWEL][APImpl::OnGetProviderMetaInfo]: RoutingId(34202, 881981691) provider ai-agent
[34202:34202:0723/154410.699383:INFO:aha/components/towel/common/ap_impl.cc:540] [TOWEL][APImpl::OnGetProviderMetaInfo] update meta info for ai-agent method_list is ai-agent::SEND, event_list is ai-agent::PUSH_PACKET
[34202:34202:0723/154410.699386:INFO:aha/components/towel/common/static_routing_ap.cc:181] [TOWEL][StaticRoutingAP::RunPendingRequestAndEvents] provider_name= ai-agent
[34202:34202:0723/154410.699393:INFO:aha/components/towel/common/ap_impl.cc:530] [TOWEL][APImpl::OnGetProviderMetaInfo]: RoutingId(34202, 1317386977) provider ai-agent
[34202:34202:0723/154410.699397:INFO:aha/components/towel/common/ap_impl.cc:540] [TOWEL][APImpl::OnGetProviderMetaInfo] update meta info for ai-agent method_list is ai-agent::SEND, event_list is ai-agent::PUSH_PACKET
[34202:34202:0723/154410.699401:INFO:aha/components/towel/common/static_routing_ap.cc:181] [TOWEL][StaticRoutingAP::RunPendingRequestAndEvents] provider_name= ai-agent
[34202:34202:0723/154410.699456:INFO:aha/components/towel/common/master_impl.cc:78] [TOWEL][MasterImpl::BindAP] success for 881981691
[34202:34202:0723/154410.699704:INFO:aha/components/towel/common/master_impl.cc:78] [TOWEL][MasterImpl::BindAP] success for 13254948
[34202:34202:0723/154410.699769:INFO:aha/components/towel/public/provider.cc:196] [TOWEL][Provider::GetMetaInfo] provider BlockDetectorProvider, method_size is 1 method_list is BlockDetector::HEART_BEAT
[34202:34202:0723/154410.699822:INFO:aha/components/towel/public/provider.cc:196] [TOWEL][Provider::GetMetaInfo] provider trae-config-channel, method_size is 1 method_list is trae-config-channel::SEND
[34202:34202:0723/154410.699852:INFO:aha/components/towel/common/ap_impl.cc:530] [TOWEL][APImpl::OnGetProviderMetaInfo]: RoutingId(34202, 104141124) provider ai
[34202:34202:0723/154410.699864:INFO:aha/components/towel/common/ap_impl.cc:540] [TOWEL][APImpl::OnGetProviderMetaInfo] update meta info for ai method_list is ai::SEND, event_list is ai::PUSH_PACKET
[34202:34202:0723/154410.699873:INFO:aha/components/towel/common/static_routing_ap.cc:181] [TOWEL][StaticRoutingAP::RunPendingRequestAndEvents] provider_name= ai
[34202:34202:0723/154410.699883:INFO:aha/components/towel/common/ap_impl.cc:530] [TOWEL][APImpl::OnGetProviderMetaInfo]: RoutingId(34202, 881981691) provider ai
[34202:34202:0723/154410.699887:INFO:aha/components/towel/common/ap_impl.cc:540] [TOWEL][APImpl::OnGetProviderMetaInfo] update meta info for ai method_list is ai::SEND, event_list is ai::PUSH_PACKET
[34202:34202:0723/154410.699891:INFO:aha/components/towel/common/static_routing_ap.cc:181] [TOWEL][StaticRoutingAP::RunPendingRequestAndEvents] provider_name= ai
[34202:34202:0723/154410.699898:INFO:aha/components/towel/common/ap_impl.cc:530] [TOWEL][APImpl::OnGetProviderMetaInfo]: RoutingId(34202, 1317386977) provider ai
[34202:34202:0723/154410.699902:INFO:aha/components/towel/common/ap_impl.cc:540] [TOWEL][APImpl::OnGetProviderMetaInfo] update meta info for ai method_list is ai::SEND, event_list is ai::PUSH_PACKET
[34202:34202:0723/154410.699906:INFO:aha/components/towel/common/static_routing_ap.cc:181] [TOWEL][StaticRoutingAP::RunPendingRequestAndEvents] provider_name= ai
[34202:34202:0723/154410.699918:INFO:aha/components/towel/common/master_impl.cc:78] [TOWEL][MasterImpl::BindAP] success for 1317386977
[34202:34202:0723/154410.700973:INFO:aha/components/towel/public/provider.cc:196] [TOWEL][Provider::GetMetaInfo] provider BlockDetectorProvider, method_size is 1 method_list is BlockDetector::HEART_BEAT
[34202:34202:0723/154410.700998:INFO:aha/components/towel/public/provider.cc:310] [TOWEL][Provider::ListenEvent] start, from ap RoutingId(34202, 399616524), event_list is trae-config-channel::PUSH_PACKET
[34202:34202:0723/154410.701005:INFO:aha/components/towel/public/provider.cc:316] [TOWEL][Provider::ListenEvent] no APListenInfo, create one
[34202:34202:0723/154410.701011:INFO:aha/components/towel/public/provider.cc:325] [TOWEL][Provider::ListenEvent] no remote_ap for RoutingId(34202, 399616524), get it from master
[34202:34202:0723/154410.701706:INFO:aha/components/towel/public/provider.cc:196] [TOWEL][Provider::GetMetaInfo] provider trae-config-channel, method_size is 1 method_list is trae-config-channel::SEND
[34202:34202:0723/154410.702053:INFO:aha/components/towel/common/master_impl.cc:78] [TOWEL][MasterImpl::BindAP] success for 399616524
[34202:34202:0723/154410.702398:INFO:content/browser/renderer_host/render_widget_host_view_aura.cc:590] blank paint: ShowImpl called, is_hidden=0, disable_hidden=0, visibility=2
[34202:34202:0723/154410.702408:INFO:content/browser/renderer_host/render_widget_host_view_base.cc:890] blank paint: OnShowWithPageVisibility called, is_hidden=0, disable_hidden=0, web_contents_is_visible=1
[34202:34202:0723/154410.702891:INFO:aha/components/page_load_metrics/observers/page_load_metrics_observer.cc:400] [page_load_metrics][traceId-] this:0xf440018ee00, OnCommit: vscode-file://vscode-app/usr/share/trae/resources/app/out/vs/code/electron-browser/workbench/workbench.html
[34202:34202:0723/154410.702905:INFO:aha/components/page_load_metrics/observers/page_load_metrics_observer.cc:224] [page_load_metrics][traceId-] this:0xf440018ee00, TryRegisterWidgetObserver: widget:0xf440018cd00, visible:1, minimized:0, web_contents_visible:1
[34202:34202:0723/154410.703817:INFO:aha/components/device_service/device_service.cc:659] DeviceService, has cache, directly return cache: 7649334840105879056
[34202:34202:0723/154410.703832:INFO:aha/components/device_service/device_service.h:33] DeviceService GetDeviceId, cost time: 0 ms
[34202:34202:0723/154410.710946:ERROR:electron/shell/browser/electron_browser_client.cc:1749] bind receiver for render
[34202:34202:0723/154410.710958:INFO:aha/components/towel/embedder/master_binder.cc:52] [TOWEL]BindMasterInBrowser, ProcessType(2)
[34202:34202:0723/154410.710972:INFO:aha/components/towel/embedder/master_binder.cc:55] [TOWEL]BindMasterInBrowser, run in main thread, bind.
[34202:34202:0723/154410.710998:INFO:aha/components/towel/common/master_impl.cc:39] [TOWEL][MasterImpl::AddAPWithId] add ap 1478286753
[34202:34202:0723/154410.711011:INFO:aha/components/towel/common/master_impl.cc:55] [TOWEL][MasterImpl::AddAP] add ap 1478286753
[34202:34202:0723/154410.711071:INFO:aha/components/towel/common/master_impl.cc:193] [TOWEL][MasterImpl::GetAllProviders] provider size is 6 given size is 6
[34202:34202:0723/154410.713955:INFO:aha/components/page_load_metrics/observers/page_load_metrics_observer.cc:448] [page_load_metrics][traceId-] this:0xf440018ee00, OnLoadedResource: request_start: -14394842, response_start: -14394842, response_end: 42, main_body_bytes: 1956B (1.910KiB)
[34202:34202:0723/154410.714104:INFO:aha/components/towel/public/provider.cc:196] [TOWEL][Provider::GetMetaInfo] provider BlockDetectorProvider, method_size is 1 method_list is BlockDetector::HEART_BEAT
[34202:34202:0723/154410.714124:INFO:aha/components/towel/public/provider.cc:196] [TOWEL][Provider::GetMetaInfo] provider trae-config-channel, method_size is 1 method_list is trae-config-channel::SEND
[34202:34202:0723/154410.714551:INFO:aha/components/towel/common/static_routing_ap.cc:244] [TOWEL]run timeout checker
[34202:34202:0723/154410.814889:INFO:aha/components/towel/common/static_routing_ap.cc:244] [TOWEL]run timeout checker
[34202:34202:0723/154410.870203:ERROR:electron/shell/browser/electron_browser_client.cc:1997] bind receiver for utility
[34202:34202:0723/154410.870217:INFO:aha/components/towel/embedder/master_binder.cc:52] [TOWEL]BindMasterInBrowser, ProcessType(2)
[34202:34202:0723/154410.870227:INFO:aha/components/towel/embedder/master_binder.cc:55] [TOWEL]BindMasterInBrowser, run in main thread, bind.
[34202:34202:0723/154410.870314:INFO:aha/components/towel/common/master_impl.cc:39] [TOWEL][MasterImpl::AddAPWithId] add ap 852865030
[34202:34202:0723/154410.870329:INFO:aha/components/towel/common/master_impl.cc:55] [TOWEL][MasterImpl::AddAP] add ap 852865030
[34202:34202:0723/154410.870403:INFO:aha/components/towel/common/master_impl.cc:193] [TOWEL][MasterImpl::GetAllProviders] provider size is 6 given size is 6
[34202:34202:0723/154410.900190:INFO:aha/components/towel/public/provider.cc:196] [TOWEL][Provider::GetMetaInfo] provider BlockDetectorProvider, method_size is 1 method_list is BlockDetector::HEART_BEAT
[34202:34202:0723/154410.900235:INFO:aha/components/towel/public/provider.cc:196] [TOWEL][Provider::GetMetaInfo] provider trae-config-channel, method_size is 1 method_list is trae-config-channel::SEND
[34202:34202:0723/154410.900295:INFO:aha/components/towel/public/provider.cc:310] [TOWEL][Provider::ListenEvent] start, from ap RoutingId(34202, 852865030), event_list is trae-config-channel::PUSH_PACKET
[34202:34202:0723/154410.900302:INFO:aha/components/towel/public/provider.cc:316] [TOWEL][Provider::ListenEvent] no APListenInfo, create one
[34202:34202:0723/154410.900308:INFO:aha/components/towel/public/provider.cc:325] [TOWEL][Provider::ListenEvent] no remote_ap for RoutingId(34202, 852865030), get it from master
[34202:34202:0723/154410.900346:INFO:aha/components/towel/common/master_impl.cc:78] [TOWEL][MasterImpl::BindAP] success for 852865030
[34202:34202:0723/154410.915417:INFO:aha/components/towel/common/static_routing_ap.cc:244] [TOWEL]run timeout checker
[34202:34202:0723/154411.016852:INFO:aha/components/towel/common/static_routing_ap.cc:244] [TOWEL]run timeout checker
[34202:34202:0723/154411.076684:ERROR:electron/shell/browser/electron_browser_client.cc:1997] bind receiver for utility
[34202:34202:0723/154411.076700:INFO:aha/components/towel/embedder/master_binder.cc:52] [TOWEL]BindMasterInBrowser, ProcessType(2)
[34202:34202:0723/154411.076712:INFO:aha/components/towel/embedder/master_binder.cc:55] [TOWEL]BindMasterInBrowser, run in main thread, bind.
[34202:34202:0723/154411.076730:INFO:aha/components/towel/common/master_impl.cc:39] [TOWEL][MasterImpl::AddAPWithId] add ap 1252733476
[34202:34202:0723/154411.076747:INFO:aha/components/towel/common/master_impl.cc:55] [TOWEL][MasterImpl::AddAP] add ap 1252733476
[34202:34202:0723/154411.076808:INFO:aha/components/towel/common/master_impl.cc:193] [TOWEL][MasterImpl::GetAllProviders] provider size is 6 given size is 6
[34202:34202:0723/154411.077005:INFO:aha/components/towel/public/provider.cc:196] [TOWEL][Provider::GetMetaInfo] provider BlockDetectorProvider, method_size is 1 method_list is BlockDetector::HEART_BEAT
[34202:34202:0723/154411.077019:INFO:aha/components/towel/public/provider.cc:196] [TOWEL][Provider::GetMetaInfo] provider trae-config-channel, method_size is 1 method_list is trae-config-channel::SEND
[34202:34202:0723/154411.117065:INFO:aha/components/towel/common/static_routing_ap.cc:244] [TOWEL]run timeout checker
[34202:34225:0723/154411.129688:INFO:aha/electron/shell/browser/aha_feature_list/aha_remote_state.cc:178] [RemoteState] SerializeValueToFile, Writing to /home/eternity/.config/Trae/aha/Remote_State, success 1
[34202:34202:0723/154411.204507:ERROR:aha/components/page_load_metrics/observers/page_load_metrics_observer.cc:764] [page_load_metrics][traceId-] this:0xf440018ee00, OnDidAddMessageToConsole: src:workbench.desktop.main.js:38, message:%c  ERR color: #f33 [IcubeWorktreeService] isUnderConfigWorktreePath: worktreeDir is not initialized
[34202:34202:0723/154411.206663:ERROR:aha/components/page_load_metrics/observers/page_load_metrics_observer.cc:764] [page_load_metrics][traceId-] this:0xf440018ee00, OnDidAddMessageToConsole: src:workbench.desktop.main.js:38, message:%c  ERR color: #f33 [IcubeWorktreeService] isUnderConfigWorktreePath: worktreeDir is not initialized
[34202:34202:0723/154411.217320:INFO:aha/components/towel/common/static_routing_ap.cc:244] [TOWEL]run timeout checker
[34202:34250:0723/154411.258787:ERROR:base/nix/mime_util_xdg.cc:139] Invalid mime.cache file does not contain null prior to ALIAS_LIST_OFFSET=44
[34202:34202:0723/154411.311754:INFO:aha/components/perf/perf_custom_param_manager.cc:25] Add custom category param isSoloMode = false
 for process 34368
[34202:34202:0723/154411.311849:INFO:aha/components/perf/perf_custom_param_manager.cc:25] Add custom category param isAIChatting = false
 for process 34368
[34202:34202:0723/154411.311865:INFO:aha/components/perf/perf_custom_param_manager.cc:25] Add custom category param isStreaming = false
 for process 34368
[34202:34202:0723/154411.313765:INFO:aha/components/towel/common/master_impl.cc:78] [TOWEL][MasterImpl::BindAP] success for 1478286753
[34202:34202:0723/154411.317735:INFO:aha/components/towel/common/static_routing_ap.cc:244] [TOWEL]run timeout checker
[34202:34202:0723/154411.417923:INFO:aha/components/towel/common/static_routing_ap.cc:244] [TOWEL]run timeout checker
[34202:34202:0723/154411.446600:ERROR:aha/components/page_load_metrics/observers/page_load_metrics_observer.cc:764] [page_load_metrics][traceId-] this:0xf440018ee00, OnDidAddMessageToConsole: src:workbench.desktop.main.js:38, message:%c  ERR color: #f33 not login: Error: not login
    at E9e.setup (vscode-file://vscode-app/usr/share/trae/resources/app/out/vs/workbench/workbench.desktop.main.js:3847:9167)
[34202:34202:0723/154411.503425:INFO:content/public/browser/service_process_host.cc:108] vscode_crash_reporter_process_type: is extensionHost
[34202:34202:0723/154411.507182:INFO:aha/components/process_observer/aha_process_observer.cc:45] [process observer][process launched] type is:extensionHost, pid is:34448
[34202:34225:0723/154411.507229:INFO:aha/components/perf/process/process_type_provider.cc:105] [ProcessTypeProvider] AddProcessOnTaskRunner, pid 34448, type extensionHost
[34202:34202:0723/154411.507241:INFO:aha/components/perf/perf_manager_base.cc:448] [perf manager][function = AddProcess] add process:34448
[34202:34202:0723/154411.507280:INFO:aha/components/perf/collector/perf_collector_base.cc:29] [perf collector][function=ShouldCollectProcess] AddProcess pid:34448 cmd:
[34202:34202:0723/154411.507291:INFO:aha/components/perf/collector/perf_collector_base.cc:29] [perf collector][function=ShouldCollectProcess] AddProcess pid:34448 cmd:
[34202:34202:0723/154411.507307:INFO:aha/components/perf/collector/perf_collector_base.cc:29] [perf collector][function=ShouldCollectProcess] AddProcess pid:34448 cmd:
[34202:34202:0723/154411.518077:INFO:aha/components/towel/common/static_routing_ap.cc:244] [TOWEL]run timeout checker
[34202:34202:0723/154411.563741:INFO:content/public/browser/service_process_host.cc:108] vscode_crash_reporter_process_type: is shared-process
[34202:34202:0723/154411.566926:INFO:content/public/browser/service_process_host.cc:108] vscode_crash_reporter_process_type: is fileWatcher
[34202:34202:0723/154411.569004:INFO:aha/components/process_observer/aha_process_observer.cc:45] [process observer][process launched] type is:shared-process, pid is:34463
[34202:34225:0723/154411.569055:INFO:aha/components/perf/process/process_type_provider.cc:105] [ProcessTypeProvider] AddProcessOnTaskRunner, pid 34463, type shared-process
[34202:34202:0723/154411.569084:INFO:aha/components/perf/perf_manager_base.cc:448] [perf manager][function = AddProcess] add process:34463
[34202:34202:0723/154411.569141:INFO:aha/components/perf/collector/perf_collector_base.cc:29] [perf collector][function=ShouldCollectProcess] AddProcess pid:34463 cmd:/proc/self/exe --type=utility --utility-sub-type=node.mojom.NodeService --lang=zh-CN --service-sandbox-type=none --render-node-override=/dev/dri/renderD129 --vscode-crash-reporter-process-type=shared-process --crashpad-handler-pid=34204 --enable-crash-reporter=cf0573c6-7444-4116-be82-e562a048b8e6,no_channel --user-data-dir=/home/eternity/.config/Trae --standard-schemes=vscode-webview,vscode-file --enable-sandbox --secure-schemes=vscode-webview,vscode-file --cors-schemes=vscode-webview,vscode-file --fetch-schemes=vscode-webview,vscode-file --service-worker-schemes=vscode-webview --code-cache-schemes=vscode-webview,vscode-file --shared-files=v8_context_snapshot_data:100 --field-trial-handle=3,i,1318018656202683347,15837687739368114726,262144 --enable-features=DocumentPolicyIncludeJSCallStacksInCrashReports,EarlyEstablishGpuChannel,EstablishGpuChannelAsync,PdfUseShowSaveFilePicker --disable-features=CalculateNativeWinOcclusion,LocalNetworkAccessChecks,ScreenAIOCREnabled,SpareRendererForSitePerProcess,TraceSiteInstanceGetProcessCreation --variations-seed-version --trace-process-track-uuid=3190708996619331833
[34202:34202:0723/154411.569169:INFO:aha/components/perf/collector/perf_collector_base.cc:29] [perf collector][function=ShouldCollectProcess] AddProcess pid:34463 cmd:/proc/self/exe --type=utility --utility-sub-type=node.mojom.NodeService --lang=zh-CN --service-sandbox-type=none --render-node-override=/dev/dri/renderD129 --vscode-crash-reporter-process-type=shared-process --crashpad-handler-pid=34204 --enable-crash-reporter=cf0573c6-7444-4116-be82-e562a048b8e6,no_channel --user-data-dir=/home/eternity/.config/Trae --standard-schemes=vscode-webview,vscode-file --enable-sandbox --secure-schemes=vscode-webview,vscode-file --cors-schemes=vscode-webview,vscode-file --fetch-schemes=vscode-webview,vscode-file --service-worker-schemes=vscode-webview --code-cache-schemes=vscode-webview,vscode-file --shared-files=v8_context_snapshot_data:100 --field-trial-handle=3,i,1318018656202683347,15837687739368114726,262144 --enable-features=DocumentPolicyIncludeJSCallStacksInCrashReports,EarlyEstablishGpuChannel,EstablishGpuChannelAsync,PdfUseShowSaveFilePicker --disable-features=CalculateNativeWinOcclusion,LocalNetworkAccessChecks,ScreenAIOCREnabled,SpareRendererForSitePerProcess,TraceSiteInstanceGetProcessCreation --variations-seed-version --trace-process-track-uuid=3190708996619331833
[34202:34202:0723/154411.569211:INFO:aha/components/perf/collector/perf_collector_base.cc:29] [perf collector][function=ShouldCollectProcess] AddProcess pid:34463 cmd:/proc/self/exe --type=utility --utility-sub-type=node.mojom.NodeService --lang=zh-CN --service-sandbox-type=none --render-node-override=/dev/dri/renderD129 --vscode-crash-reporter-process-type=shared-process --crashpad-handler-pid=34204 --enable-crash-reporter=cf0573c6-7444-4116-be82-e562a048b8e6,no_channel --user-data-dir=/home/eternity/.config/Trae --standard-schemes=vscode-webview,vscode-file --enable-sandbox --secure-schemes=vscode-webview,vscode-file --cors-schemes=vscode-webview,vscode-file --fetch-schemes=vscode-webview,vscode-file --service-worker-schemes=vscode-webview --code-cache-schemes=vscode-webview,vscode-file --shared-files=v8_context_snapshot_data:100 --field-trial-handle=3,i,1318018656202683347,15837687739368114726,262144 --enable-features=DocumentPolicyIncludeJSCallStacksInCrashReports,EarlyEstablishGpuChannel,EstablishGpuChannelAsync,PdfUseShowSaveFilePicker --disable-features=CalculateNativeWinOcclusion,LocalNetworkAccessChecks,ScreenAIOCREnabled,SpareRendererForSitePerProcess,TraceSiteInstanceGetProcessCreation --variations-seed-version --trace-process-track-uuid=3190708996619331833
[34202:34202:0723/154411.569472:INFO:aha/components/process_observer/aha_process_observer.cc:45] [process observer][process launched] type is:fileWatcher, pid is:34464
[34202:34225:0723/154411.569500:INFO:aha/components/perf/process/process_type_provider.cc:105] [ProcessTypeProvider] AddProcessOnTaskRunner, pid 34464, type fileWatcher
[34202:34202:0723/154411.569505:INFO:aha/components/perf/perf_manager_base.cc:448] [perf manager][function = AddProcess] add process:34464
[34202:34202:0723/154411.569534:INFO:aha/components/perf/collector/perf_collector_base.cc:29] [perf collector][function=ShouldCollectProcess] AddProcess pid:34464 cmd:
[34202:34202:0723/154411.569554:INFO:aha/components/perf/collector/perf_collector_base.cc:29] [perf collector][function=ShouldCollectProcess] AddProcess pid:34464 cmd:
[34202:34202:0723/154411.569563:INFO:aha/components/perf/collector/perf_collector_base.cc:29] [perf collector][function=ShouldCollectProcess] AddProcess pid:34464 cmd:
[34202:34202:0723/154411.618264:INFO:aha/components/towel/common/static_routing_ap.cc:244] [TOWEL]run timeout checker
[34202:34202:0723/154411.621592:ERROR:aha/components/page_load_metrics/observers/page_load_metrics_observer.cc:764] [page_load_metrics][traceId-] this:0xf440018ee00, OnDidAddMessageToConsole: src:workbench.desktop.main.js:3845, message:[SANDBOX_TO_MAIN_GET_SETUP_PAGE_LOGIN_FAILED_STATUS] reason: 
[34202:34202:0723/154411.706889:ERROR:aha/components/basil/core/native_extension_manager_impl.cc:51] [Basil][Basil] no extension found, name=ckg
[34202:34202:0723/154411.706914:INFO:aha/components/basil/core/native_extension_impl.cc:105] [Basil]native_extension created, name=ckg
[34202:34202:0723/154411.706924:INFO:aha/components/basil/core/native_extension_impl.cc:130] [Basil]launch native extension process start, name=ckg
[34202:34202:0723/154411.706931:INFO:content/public/browser/service_process_host.cc:108] vscode_crash_reporter_process_type: is ckg
[34202:34202:0723/154411.710201:ERROR:electron/shell/browser/electron_browser_client.cc:1997] bind receiver for utility
[34202:34202:0723/154411.710225:INFO:aha/components/towel/embedder/master_binder.cc:52] [TOWEL]BindMasterInBrowser, ProcessType(2)
[34202:34202:0723/154411.710258:INFO:aha/components/towel/embedder/master_binder.cc:55] [TOWEL]BindMasterInBrowser, run in main thread, bind.
[34202:34202:0723/154411.710870:INFO:aha/components/basil/core/native_extension_impl.cc:212] [Basil]process launched, name=ckg, pid=34512
[34202:34202:0723/154411.710950:INFO:aha/electron/shell/browser/api/electron_api_aha_reporter.cc:305] setPerfContextForProcess enableCkgAhaRequest true

[34202:34202:0723/154411.710960:INFO:aha/components/perf/perf_custom_param_manager.cc:25] Add custom category param enableCkgAhaRequest = true
 for process 34512
[34202:34202:0723/154411.711080:INFO:aha/components/process_observer/aha_process_observer.cc:45] [process observer][process launched] type is:ckg, pid is:34512
[34202:34225:0723/154411.711125:INFO:aha/components/perf/process/process_type_provider.cc:105] [ProcessTypeProvider] AddProcessOnTaskRunner, pid 34512, type ckg
[34202:34202:0723/154411.711149:INFO:aha/components/perf/perf_manager_base.cc:448] [perf manager][function = AddProcess] add process:34512
[34202:34202:0723/154411.711189:INFO:aha/components/perf/collector/perf_collector_base.cc:29] [perf collector][function=ShouldCollectProcess] AddProcess pid:34512 cmd:
[34202:34202:0723/154411.711207:INFO:aha/components/perf/collector/perf_collector_base.cc:29] [perf collector][function=ShouldCollectProcess] AddProcess pid:34512 cmd:
[34202:34202:0723/154411.711223:INFO:aha/components/perf/collector/perf_collector_base.cc:29] [perf collector][function=ShouldCollectProcess] AddProcess pid:34512 cmd:
[34202:34202:0723/154411.711317:ERROR:aha/components/page_load_metrics/observers/page_load_metrics_observer.cc:764] [page_load_metrics][traceId-] this:0xf440018ee00, OnDidAddMessageToConsole: src:index.mjs:1, message:This document requires 'TrustedScript' assignment. The action has been blocked.
[34202:34202:0723/154411.711854:INFO:aha/components/towel/common/master_impl.cc:153] [TOWEL][MasterImpl::RegisterProvider] success cueServer provider size now is 7
[34202:34225:0723/154411.712091:INFO:aha/components/towel/common/ap_impl.cc:406] [TOWEL][APImpl::OnProviderAdded] provider_name cueServer, RoutingId(34202, 388366797)
[34202:34225:0723/154411.712103:INFO:aha/components/monitor/monitor.cc:173] [Monitor] OnProviderConnected: OnProviderConnected, name: cueServer
[34202:34225:0723/154411.712110:INFO:aha/components/towel/common/static_routing_ap.cc:181] [TOWEL][StaticRoutingAP::RunPendingRequestAndEvents] provider_name= cueServer
[34202:34202:0723/154411.712229:INFO:aha/components/towel/common/ap_impl.cc:406] [TOWEL][APImpl::OnProviderAdded] provider_name cueServer, RoutingId(34202, 104141124)
[34202:34202:0723/154411.712240:INFO:aha/components/towel/common/static_routing_ap.cc:181] [TOWEL][StaticRoutingAP::RunPendingRequestAndEvents] provider_name= cueServer
[34202:34202:0723/154411.712268:INFO:aha/components/towel/common/ap_impl.cc:406] [TOWEL][APImpl::OnProviderAdded] provider_name cueServer, RoutingId(34202, 881981691)
[34202:34202:0723/154411.712274:INFO:aha/components/ipc/ipc_client.cc:172] [AhaIpc] provider connected, name: cueServer
[34202:34202:0723/154411.712281:WARNING:aha/components/towel/common/ap_impl.cc:220] [TOWEL][APImpl::ListensEvents] no provider for event cueServer::PUSH_PACKET
[34202:34202:0723/154411.712287:INFO:aha/components/towel/common/ap_impl.cc:594] [TOWEL][APImpl::ListensEvents] start, RoutingId(34202, 881981691)
[34202:34202:0723/154411.712292:INFO:aha/components/towel/common/ap_impl.cc:596] [TOWEL][APImpl::ListensEvents] no pending_listen_requests_, do nothing
[34202:34202:0723/154411.712298:INFO:aha/components/towel/common/static_routing_ap.cc:171] [TOWEL][StaticRoutingAP::TryAddPendingEvents] provider not ready, store event and wait. event cueServer::PUSH_PACKET
[34202:34202:0723/154411.712306:INFO:aha/components/towel/common/static_routing_ap.cc:181] [TOWEL][StaticRoutingAP::RunPendingRequestAndEvents] provider_name= cueServer
[34202:34202:0723/154411.712312:INFO:aha/components/towel/common/static_routing_ap.cc:195] [TOWEL][StaticRoutingAP::RunPendingEvents] run pending events, event_list is cueServer::PUSH_PACKET,cueServer::PUSH_PACKET
[34202:34202:0723/154411.712322:INFO:aha/components/towel/common/static_routing_ap.cc:217] [TOWEL][StaticRoutingAP::RunPendingRequestAndEvents] run pending requests, method= cueServer::SEND
[34202:34202:0723/154411.712334:INFO:aha/components/towel/common/static_routing_ap.cc:217] [TOWEL][StaticRoutingAP::RunPendingRequestAndEvents] run pending requests, method= cueServer::SEND
[34202:34202:0723/154411.712363:INFO:aha/components/towel/common/ap_impl.cc:406] [TOWEL][APImpl::OnProviderAdded] provider_name cueServer, RoutingId(34202, 1317386977)
[34202:34202:0723/154411.712371:INFO:aha/components/towel/common/static_routing_ap.cc:181] [TOWEL][StaticRoutingAP::RunPendingRequestAndEvents] provider_name= cueServer
[34202:34202:0723/154411.715628:INFO:aha/components/towel/common/ap_impl.cc:530] [TOWEL][APImpl::OnGetProviderMetaInfo]: RoutingId(34202, 104141124) provider cueServer
[34202:34225:0723/154411.715642:INFO:aha/components/towel/common/ap_impl.cc:530] [TOWEL][APImpl::OnGetProviderMetaInfo]: RoutingId(34202, 388366797) provider cueServer
[34202:34202:0723/154411.715647:INFO:aha/components/towel/common/ap_impl.cc:540] [TOWEL][APImpl::OnGetProviderMetaInfo] update meta info for cueServer method_list is cueServer::SEND, event_list is cueServer::PUSH_PACKET
[34202:34202:0723/154411.715678:INFO:aha/components/towel/common/static_routing_ap.cc:181] [TOWEL][StaticRoutingAP::RunPendingRequestAndEvents] provider_name= cueServer
[34202:34225:0723/154411.715663:INFO:aha/components/towel/common/ap_impl.cc:540] [TOWEL][APImpl::OnGetProviderMetaInfo] update meta info for cueServer method_list is cueServer::SEND, event_list is cueServer::PUSH_PACKET
[34202:34225:0723/154411.715714:INFO:aha/components/towel/common/static_routing_ap.cc:181] [TOWEL][StaticRoutingAP::RunPendingRequestAndEvents] provider_name= cueServer
[34202:34202:0723/154411.716892:INFO:aha/components/towel/common/ap_impl.cc:530] [TOWEL][APImpl::OnGetProviderMetaInfo]: RoutingId(34202, 881981691) provider cueServer
[34202:34202:0723/154411.716905:INFO:aha/components/towel/common/ap_impl.cc:540] [TOWEL][APImpl::OnGetProviderMetaInfo] update meta info for cueServer method_list is cueServer::SEND, event_list is cueServer::PUSH_PACKET
[34202:34202:0723/154411.716912:INFO:aha/components/towel/common/static_routing_ap.cc:181] [TOWEL][StaticRoutingAP::RunPendingRequestAndEvents] provider_name= cueServer
[34202:34202:0723/154411.716927:INFO:aha/components/towel/common/ap_impl.cc:530] [TOWEL][APImpl::OnGetProviderMetaInfo]: RoutingId(34202, 1317386977) provider cueServer
[34202:34202:0723/154411.716934:INFO:aha/components/towel/common/ap_impl.cc:540] [TOWEL][APImpl::OnGetProviderMetaInfo] update meta info for cueServer method_list is cueServer::SEND, event_list is cueServer::PUSH_PACKET
[34202:34202:0723/154411.716940:INFO:aha/components/towel/common/static_routing_ap.cc:181] [TOWEL][StaticRoutingAP::RunPendingRequestAndEvents] provider_name= cueServer
[34202:34202:0723/154411.716998:INFO:aha/components/towel/common/master_impl.cc:78] [TOWEL][MasterImpl::BindAP] success for 881981691
[34202:34202:0723/154411.717565:ERROR:aha/components/basil/core/native_extension_impl.cc:259] [Basil]process crashed, name=ckg, code=256
[34202:34202:0723/154411.717577:INFO:aha/components/basil/core/native_extension_impl.cc:266] [Basil]HandleTermination, exit_code=256
[34202:34202:0723/154411.717846:INFO:aha/components/basil/core/native_extension_manager_impl.cc:96] [Basil]release native_extension, name=ckg
[34202:34202:0723/154411.717996:ERROR:aha/components/process_observer/aha_process_observer.cc:72] [process observer][process gone] type is: ckg, pid is: 34512, status is: 1, exit code is: 256, run time is: -1, is sandbox: 1
[34202:34225:0723/154411.718024:INFO:aha/components/perf/process/process_type_provider.cc:111] [ProcessTypeProvider] RemoveProcessOnTaskRunner, pid 34512
[34202:34202:0723/154411.718072:INFO:aha/components/perf/perf_manager_base.cc:509] [perf manager][function = RemoveProcess] remove exited process:34512
[34202:34202:0723/154411.718330:INFO:aha/components/towel/common/static_routing_ap.cc:244] [TOWEL]run timeout checker
[34202:34202:0723/154411.718341:INFO:aha/components/towel/common/static_routing_ap.cc:267] [TOWEL]stop timeout checker
[34202:34202:0723/154411.722208:INFO:aha/components/page_load_metrics/observers/page_load_metrics_observer.cc:591] [page_load_metrics][traceId-] this:0xf440018ee00, LCP event triggered: LCP: 832, index: 2
[34202:34202:0723/154411.722265:INFO:aha/components/metrics/metrics_base.cc:112] [startup]  category: , metrics: basicStartupComplete=1;basicStartupComplete_end=1;basicStartupComplete_start=0;commitNavigation=0;commitNavigation_end=681;commitNavigation_start=681;crashReporterStartup=4;crashReporterStartup_end=5;crashReporterStartup_start=1;createBrowserWindow=9;createBrowserWindow_end=649;createBrowserWindow_start=640;createNodeEnv=32;createNodeEnv_end=91;createNodeEnv_start=59;dcl=69;dcl_end=721;dcl_start=652;emitReadyEvent=0;emitReadyEvent_end=449;emitReadyEvent_start=449;fcp=826;fcp_end=1478;fcp_start=652;fmp=0;fmp_end=652;fmp_start=652;fp=212;fp_end=864;fp_start=652;initNodeEnv=26;initNodeEnv_end=117;initNodeEnv_start=91;initRunBrowser=1;initRunBrowser_end=34;initRunBrowser_start=33;initializeICU=0;initializeICU_end=1;initializeICU_start=1;joinAppCode=0;joinAppCode_end=385;joinAppCode_start=385;l=69;l_end=721;l_start=652;lcp=832;lcp_end=1484;lcp_start=652;loadAppCode=268;loadAppCode_end=385;loadAppCode_start=117;loadV8Snapshot=0;loadV8Snapshot_end=1;loadV8Snapshot_start=1;parse=39;parse_end=721;parse_start=682;rendererReady=12;rendererReady_end=664;rendererReady_start=652;response=40;response_end=694;response_start=654;startup=1703;startup_end=1703;startup_start=0;
[34202:34202:0723/154411.737444:INFO:aha/components/ipc/ipc_client.cc:75] [AhaIpc] disconnect, channel_id: cb44d63c-feb7-4fa4-8e24-64db3d045aec
[34202:34202:0723/154411.737486:INFO:aha/components/ipc/ipc_socket.cc:22] [AhaIpc] destruct, channel_id: cb44d63c-feb7-4fa4-8e24-64db3d045aec
[34202:34202:0723/154411.737491:INFO:aha/components/ipc/ipc_socket.cc:69] [AhaIpc] socket on_disconnect, server: cueServer,  channel_id: cb44d63c-feb7-4fa4-8e24-64db3d045aec
[34202:34202:0723/154411.741762:ERROR:aha/components/page_load_metrics/observers/page_load_metrics_observer.cc:764] [page_load_metrics][traceId-] this:0xf440018ee00, OnDidAddMessageToConsole: src:index.mjs:11009, message:This document requires 'TrustedScript' assignment. The action has been blocked.
[34202:34202:0723/154411.788399:ERROR:aha/components/page_load_metrics/observers/page_load_metrics_observer.cc:764] [page_load_metrics][traceId-] this:0xf440018ee00, OnDidAddMessageToConsole: src:index.mjs:1, message:This document requires 'TrustedScript' assignment and no 'default' policy for 'TrustedScript' has been defined. The action has been blocked.
[34202:34202:0723/154411.808386:ERROR:electron/shell/browser/electron_browser_client.cc:1997] bind receiver for utility
[34202:34202:0723/154411.808401:INFO:aha/components/towel/embedder/master_binder.cc:52] [TOWEL]BindMasterInBrowser, ProcessType(2)
[34202:34202:0723/154411.808414:INFO:aha/components/towel/embedder/master_binder.cc:55] [TOWEL]BindMasterInBrowser, run in main thread, bind.
[34202:34202:0723/154411.808433:INFO:aha/components/towel/common/master_impl.cc:39] [TOWEL][MasterImpl::AddAPWithId] add ap 576240728
[34202:34202:0723/154411.808447:INFO:aha/components/towel/common/master_impl.cc:55] [TOWEL][MasterImpl::AddAP] add ap 576240728
[34202:34202:0723/154411.808526:INFO:aha/components/towel/common/master_impl.cc:193] [TOWEL][MasterImpl::GetAllProviders] provider size is 7 given size is 7
[34202:34202:0723/154411.853575:INFO:aha/components/towel/public/provider.cc:196] [TOWEL][Provider::GetMetaInfo] provider BlockDetectorProvider, method_size is 1 method_list is BlockDetector::HEART_BEAT
[34202:34202:0723/154411.853603:INFO:aha/components/towel/public/provider.cc:196] [TOWEL][Provider::GetMetaInfo] provider trae-config-channel, method_size is 1 method_list is trae-config-channel::SEND
[34202:34202:0723/154412.177408:ERROR:aha/components/page_load_metrics/observers/page_load_metrics_observer.cc:764] [page_load_metrics][traceId-] this:0xf440018ee00, OnDidAddMessageToConsole: src:workbench.desktop.main.js:38, message:%c  ERR color: #f33 出现未知错误。有关详细信息，请参阅日志。
[34202:34202:0723/154412.309577:INFO:aha/components/page_load_metrics/observers/page_load_metrics_observer.cc:591] [page_load_metrics][traceId-] this:0xf440018ee00, LCP event triggered: LCP: 1315, index: 3
[34202:34202:0723/154412.450930:INFO:aha/electron/shell/browser/api/electron_api_aha_process_monitor.cc:155] [AhaProcessMonitor] OnExtensionChildProcessLaunched, pid: 34606, name: trae, version: 1.0.0, caller_chain size: 1
[34202:34202:0723/154412.581488:ERROR:aha/components/page_load_metrics/observers/page_load_metrics_observer.cc:764] [page_load_metrics][traceId-] this:0xf440018ee00, OnDidAddMessageToConsole: src:workbench.desktop.main.js:38, message:%c  ERR color: #f33 [Extension Host] (node:34448) [DEP0040] DeprecationWarning: The `punycode` module is deprecated. Please use a userland alternative instead.
(Use `exe --trace-deprecation ...` to show where the warning was created)
[34202:34202:0723/154412.581647:ERROR:aha/components/page_load_metrics/observers/page_load_metrics_observer.cc:764] [page_load_metrics][traceId-] this:0xf440018ee00, OnDidAddMessageToConsole: src:workbench.desktop.main.js:549, message:%c[Extension Host] %c(node:34448) [DEP0040] DeprecationWarning: The `punycode` module is deprecated. Please use a userland alternative instead.
(Use `exe --trace-deprecation ...` to show where the warning was created) color: blue color: 
[34202:34202:0723/154412.627871:INFO:aha/electron/shell/browser/api/electron_api_aha_process_monitor.cc:155] [AhaProcessMonitor] OnExtensionChildProcessLaunched, pid: 34675, name: zsh, version: 0.0.1, caller_chain size: 1
[34204:34204:0723/154412.925700:ERROR:third_party/crashpad/crashpad/snapshot/elf/elf_dynamic_array_reader.h:64] tag not found
[34204:34204:0723/154412.926078:ERROR:third_party/crashpad/crashpad/snapshot/elf/elf_dynamic_array_reader.h:64] tag not found
[34204:34204:0723/154412.931576:INFO:aha/components/crash_monitor/exception_handler_impl.cc:497] OnCrashDumpEvent begin
[34204:34204:0723/154412.931648:INFO:aha/components/crash_monitor/exception_handler_impl.cc:527] OnCrashDumpEvent LookUpCrashReport Succ
[34204:34204:0723/154412.931653:INFO:aha/components/crash_monitor/exception_handler_impl.cc:572] Report: /home/eternity/.config/Electron/Crashpad/pending/a4a6bd84-3250-4094-9a33-f05c7a8c6eaa.dmp
[34204:34204:0723/154412.931759:INFO:aha/components/crash_monitor/exception_handler_impl.cc:311] CalculateProcessType use process_type from annotation, process_type: browser
[34204:34204:0723/154412.931776:INFO:aha/components/crash_monitor/crash_monitor.cc:761] [CrashMonitor] CrashedCallback: crash report task post to main
[34204:34207:0723/154412.931809:INFO:aha/components/crash_monitor/crash_monitor.cc:827] [CrashMonitor] CrashedCallbackImpl: CrashMonitor::CrashedCallbackImpl. has_gwpasan = 0
[34204:34207:0723/154412.931911:INFO:aha/components/crash_monitor/crash_monitor.cc:979] [CrashMonitor] CrashedCallbackImpl: Start crash report
[34204:34206:0723/154412.931940:INFO:aha/third_party/parfait/aha/parfait_core_aha.cc:739] [Parfait] Record crash {"aid":"682161","app_version":"3.5.62","build_version":"2.3.33256","channel":"stable","client_timestamp":"1784792652000","context":{"aha_electron_version":"39.2.7-release.1.37.3","annotation_detail":"{\"arch\":\"x64\",\"chrome-trace-id\":\"17729871765785330373\",\"lsb-release\":\"Arch Linux\",\"osarch\":\"x86_64\",\"pid\":\"34202\",\"plat\":\"Linux\",\"platform\":\"linux\",\"process_type\":\"browser\",\"prod\":\"Electron\",\"ptype\":\"browser\",\"system_params\":\"{\\\"release\\\":\\\"7.1.4-zen1-1-zen\\\",\\\"hostname\\\":\\\"QuantumArch\\\",\\\"memory\\\":32766918656,\\\"cpu\\\":[\\\"AMD Ryzen 7 7745HX with Radeon Graphics\\\",\\\"AMD Ryzen 7 7745HX with Radeon Graphics\\\",\\\"AMD Ryzen 7 7745HX with Radeon Graphics\\\",\\\"AMD Ryzen 7 7745HX with Radeon Graphics\\\",\\\"AMD Ryzen 7 7745HX with Radeon Graphics\\\",\\\"AMD Ryzen 7 7745HX with Radeon Graphics\\\",\\\"AMD Ryzen 7 7745HX with Radeon Graphics\\\",\\\"AMD Ryzen 7 7745HX with Radeon Graphics\\\",\\\"AMD Ryzen 7 7745HX with Radeon Graphics\\\",\\\"AMD Ryzen 7 7745HX with Radeon Graphics\\\",\\\"AMD Ryzen 7 7745HX with Radeon Graphics\\\",\\\"AMD Ryzen 7 7745HX with Radeon Graphics\\\",\\\"AMD Ryzen 7 7745HX with Radeon Graphics\\\",\\\"AMD Ryzen 7 7745HX with Radeon Graphics\\\",\\\"AMD Ryzen 7 7745HX with Radeon Graphics\\\",\\\"AMD Ryzen 7 7745HX with Radeon Graphics\\\"],\\\"memoryUsagePercentage\\\":\\\"24.366916608248072%\\\",\\\"usage\\\":\\\"2.5807180773080862%\\\"}\",\"total-discardable-memory-allocated\":\"4194304\",\"user_id\":\"e09f981585ab064aa9b0f2a3e11cf39fd8a3d112420c0e852c14494078daaf4c\",\"ver\":\"39.2.7\",\"�O5KfU\":\"6\"}","app_name":"Trae","buildVersion":"2.3.33256","cpu":"AMD Ryzen 7 7745HX with Radeon Graphics","exception_thread_id":"34225","exception_thread_name":"ThreadPoolForeg","hostname":"QuantumArch","is_non_crash":"0","is_shutdown_stage":"0","is_vscode_window_crash":"false","is_wer_crash":"0","last_login_device_id":"","last_login_user_id":"","lifecycle_stage":"MainRunLoopEnter","local_device_id":"b38695be47dc4b34b4945c7a809d8051","machineId":"e09f981585ab064aa9b0f2a3e11cf39fd8a3d112420c0e852c14494078daaf4c","main_thread_name":"trae","memory":"32766918656","memoryUsagePercentage":"24.366916608248072%","region":"SG","release":"7.1.4-zen1-1-zen","usage":"2.5807180773080862%"},"cpu_model":"AMD Ryzen 7 7745HX with Radeon Graphics","delete_file":true,"device_id":"7649334840105879056","device_model":"","file_path":"/home/eternity/.config/Electron/Crashpad/pending/a4a6bd84-3250-4094-9a33-f05c7a8c6eaa.dmp","gpu_model":"","guid":"5cd4c5aa-4619-438e-bbf7-5da6f19f6d51","log_type":"pc_crash","os":"linux","os_version":"7.1.4-zen1-1-zen(Linux)","process_name":"Unknown(pid=34202)","process_type":"browser","report_url":"https://pcmon-boot.trae.ai/monitor_pc/collect/api/pc_crash","resource_monitor":{"memory_commit":0.0,"memory_commit_limit":0.0,"process_cpu_usage":0.0,"system_cpu_usage":0.0,"system_memory":13075.0,"system_total_memory":31248.0},"signature":"","user_id":""}
[34204:34206:0723/154412.932118:INFO:aha/third_party/parfait/aha/parfait_core_aha.cc:470] [Parfait] Try to upload crash report
[34204:34206:0723/154413.832601:INFO:aha/third_party/parfait/aha/parfait_core_aha.cc:767] [Parfait] Received crash report's network code 204
[34204:34206:0723/154413.832623:INFO:aha/third_party/parfait/aha/parfait_core_aha.cc:790] [Parfait] Finish one crash info
[34204:34206:0723/154413.832725:INFO:aha/third_party/parfait/core_common/file_manager.cc:238] [Parfait] Delete cache file /home/eternity/.config/Electron/Crashpad/parfait/crash/682161/dump_0_34204_1784792652931
[34204:34206:0723/154413.832889:INFO:aha/third_party/parfait/core_common/file_manager.cc:246] [Parfait] Delete file /home/eternity/.config/Electron/Crashpad/pending/a4a6bd84-3250-4094-9a33-f05c7a8c6eaa.dmp
[34204:34204:0723/154413.832913:INFO:aha/components/crash_monitor/crash_monitor.cc:795] [CrashMonitor] CrashedCallback: crash report wait completed
[34204:34204:0723/154413.832921:INFO:aha/components/crash_monitor/crash_monitor.cc:798] [CrashMonitor] CrashedCallback: end ReportCrashEvent
[34204:34204:0723/154413.832928:INFO:aha/components/crash_monitor/exception_handler_impl.cc:690] OnCrashDumpEvent end
[34204:34206:0723/154510.051539:INFO:aha/third_party/parfait/core_common/record_manager.cc:251] [Parfait] Read full data in /home/eternity/.config/Electron/Crashpad/parfait/ready/682161/2/2_1783181090_0_39205_0
[34204:34206:0723/154510.051678:INFO:aha/third_party/parfait/core_common/record_manager.cc:261] [Parfait] Try to upload record: 2, size: 318 bytes.
[34204:34206:0723/154510.907364:INFO:aha/third_party/parfait/core_common/parfait_core.cc:270] [Parfait] Received metrics network code 204
[34204:34206:0723/154510.907566:INFO:aha/third_party/parfait/core_common/record_manager.cc:296] [Parfait] Deleted uploaded file /home/eternity/.config/Electron/Crashpad/parfait/ready/682161/2/2_1783181090_0_39205_0
[34204:34206:0723/154510.907639:INFO:aha/third_party/parfait/core_common/record_manager.cc:251] [Parfait] Read full data in /home/eternity/.config/Electron/Crashpad/parfait/ready/682161/2/2_1784792615_0_33766_0
[34204:34206:0723/154510.907665:INFO:aha/third_party/parfait/core_common/record_manager.cc:251] [Parfait] Read full data in /home/eternity/.config/Electron/Crashpad/parfait/ready/682161/2/2_1784792650_0_34204_0
[34204:34206:0723/154510.907676:INFO:aha/third_party/parfait/core_common/record_manager.cc:261] [Parfait] Try to upload record: 4, size: 636 bytes.
[34204:34206:0723/154511.491268:INFO:aha/third_party/parfait/core_common/parfait_core.cc:270] [Parfait] Received metrics network code 204
[34204:34206:0723/154511.491460:INFO:aha/third_party/parfait/core_common/record_manager.cc:296] [Parfait] Deleted uploaded file /home/eternity/.config/Electron/Crashpad/parfait/ready/682161/2/2_1784792615_0_33766_0
[34204:34206:0723/154511.491504:INFO:aha/third_party/parfait/core_common/record_manager.cc:296] [Parfait] Deleted uploaded file /home/eternity/.config/Electron/Crashpad/parfait/ready/682161/2/2_1784792650_0_34204_0
[34204:34204:0723/154518.759970:INFO:aha/third_party/crashpad/crashpad/handler/aha_handler_main.cc:111] #### AhaElectron (Crashpad) Shutdown
