[39202:39202:0705/000450.645491:INFO:aha/components/metrics/metrics_base.cc:52] [startup] metric: crashReporterStartup, start
[39205:39205:0705/000450.652661:INFO:aha/third_party/crashpad/crashpad/handler/aha_handler_main.cc:43] #### AhaElectron (Crashpad) Startup
[39205:39205:0705/000450.652939:INFO:aha/components/manifest/manifest.cc:91] GetManifestContent exe_dir: /usr/share/trae
[39205:39205:0705/000450.652964:INFO:aha/components/manifest/manifest.cc:106] AppManifest manifest_content={"appId":"682161","appVersion":"3.5.62","buildVersion":"2.3.33256","activeUrl":"https://did-boot.trae.ai/service/2/app_alert_check/","channel":"stable","language":"en","logifierDomain":"icube-normal.trae.ai","settingsDomain":"icube-normal.trae.ai","name":"Trae","package":"com.marscode","packageType":"stable_i18n","region":"US","registryUrl":"https://did-boot.trae.ai/service/2/desktop/device_register/","slardarDomain":"pcmon-boot.trae.ai","slardarAid":682161,"oversea":true,"ahaNet":{"ttnet_params":{"domain_httpdns":"34.102.215.99","domain_netlog":"ttnet-sg.byteoversea.com","app_id":"677332","tnc_host_first":"tnc-boot.trae.ai","app_name":"trae","tnc_host_second":"tnc-normal.trae.ai","tnc_host_third":"","domain_boe":".boe-gateway.byted.org","update_version_code":"","version_code":"3562","bypass_proxy":false,"is_drop_first_tnc":false,"use_domestic_store_region":false,"get_domain_default_json":"{\"data\":{\"tnc_update_interval\":300,\"chromium_open\":1,\"http_dns_enabled\":1,\"ttnet_http_dns_enabled\":1,\"ttnet_tt_http_dns\":1,\"ttnet_http_dns_timeout\":5,\"opaque_data_enabled\":0,\"wpad_enabled\":0,\"pac_enabled\":1,\"clear_pool_enabled\":1,\"get_domain_default_json\":1,\"md5_check\":0},\"message\":\"success\"}"},"params":{"user_agent":"","experimental_options":"","enable_http2":true,"enable_brotli":true,"enable_quic":true,"enable_network_quality_estimator":false,"enable_verbose_log":false,"enable_ca_store":true,"store_idc_rule_json":"","ttnet_inner_log_switch":255,"bypass_mssdk":false},"access_policy":"{\"domain_white_list\":{\"*.trae.ai\":[\"*\"],\"*.traeapi.us\":[\"*\"],\"*.mchost.guru\":[\"*\"],\"*.bytedance.net\":[\"*\"],\"*.tiktok-row.net\":[\"*\"],\"*.byteintl.net\":[\"*\"],\"*.byted.org\":[\"*\"],\"*.trae.com.cn\":[\"*\"],\"*.trae.cn\":[\"*\"]},\"enable_detail_log\":false}"}}
[39205:39205:0705/000450.653059:WARNING:aha/components/crash_monitor/report_config/report_config.cc:48] config_path not exists, path: /home/eternity/.config/Electron/ReportConfig
[39205:39205:0705/000450.653071:ERROR:aha/components/crash_monitor/report_config/report_config.cc:64] content is empty
[39205:39205:0705/000450.653076:INFO:aha/components/crash_monitor/crash_monitor.cc:308] [CrashMonitor] Initialized: disable_report: 0
[39205:39205:0705/000450.653412:INFO:aha/components/crash_monitor/crash_monitor.cc:457] [CrashMonitor] CalcLocalDeviceId: local_device_id use device_info, device_id: b38695be47dc4b34b4945c7a809d8051
[39205:39205:0705/000450.654514:INFO:third_party/crashpad/crashpad/handler/linux/crash_report_exception_handler.cc:344] [Crashpad] Append global param key: init_device_id
[39202:39202:0705/000450.654536:INFO:aha/components/metrics/metrics_base.cc:64] [startup] metric: crashReporterStartup, end, latency: 9ms
[39205:39208:0705/000450.654546:INFO:aha/components/crash_monitor/crash_monitor.cc:469] [CrashMonitor] InitDeviceId: init_device_id use device_id, device_id: 7649334840105879056
[39202:39202:0705/000450.654549:INFO:electron/shell/app/electron_main_delegate.cc:618] #### AhaElectron ()  Startup #### cmd: 
[39205:39208:0705/000450.654858:INFO:aha/third_party/parfait/core_common/parfait_core.cc:209] [Parfait] Enable upload with interval 60
[39205:39208:0705/000450.654866:INFO:aha/third_party/parfait/aha/parfait_client.cc:133] [Parfait] Init ParfaitClient with config
	pft_version=1.3.0.0
	aid=682161
	user_id=anonymous
	device_id=7649334840105879056
	version=3.5.62
	root_path=/home/eternity/.config/Electron/Crashpad
	session_id=
	data_report_url=https://pcmon-boot.trae.ai/monitor_pc/collect/api/pc_log
	crash_report_url=https://pcmon-boot.trae.ai/monitor_pc/collect/api/pc_crash
	gwpasan_report_url=https://pcmon-boot.trae.ai/monitor_pc/collect/api/pc_gwpasan
	block_report_url=https://pcmon-boot.trae.ai/monitor_pc/collect/api/pc_jank
	matrix_report_url=https://pcmon-boot.trae.ai/monitor_pc/collect/api/pc_matrix
	cpu_profile_report_url=https://pcmon-boot.trae.ai/monitor_pc/collect/file/pc_cpu_profile
	snapshot_report_url=https://pcmon-boot.trae.ai/monitor_pc/collect/file/pc_snapshot
	custom_exception_report_url=https://pcmon-boot.trae.ai/monitor_pc/collect/file/pc_custom_exception
	settings_enabled=0
	settings_url=
	tenant_id=
[39205:39208:0705/000450.654881:INFO:aha/components/crash_monitor/crash_monitor.cc:349] [CrashMonitor] InitParfait: InitParfait success, aid:682161, did:7649334840105879056
[39205:39211:0705/000450.654867:INFO:aha/third_party/parfait/core_common/parfait_core.cc:217] [Parfait] Set upload interval 60
[39202:39202:0705/000450.695538:INFO:aha/components/metrics/metrics_base.cc:52] [startup] metric: initRunBrowser, start
[39202:39202:0705/000450.696321:INFO:aha/electron/shell/browser/aha_feature_list/aha_feature_override.cc:135] [AhaFeatureOverride] InitFeaturesWithAhaOverrides, enable_features ,PdfUseShowSaveFilePicker, disable_features ,SpareRendererForSitePerProcess,ScreenAIOCREnabled, TraceSiteInstanceGetProcessCreation,LocalNetworkAccessChecks
[39202:39202:0705/000450.699267:INFO:aha/components/metrics/metrics_base.cc:64] [startup] metric: initRunBrowser, end, latency: 4ms
[39202:39202:0705/000450.724771:INFO:electron/shell/browser/electron_browser_main_parts.cc:357] init towel master_binder in browser
[39202:39202:0705/000450.724787:INFO:aha/components/towel/embedder/interface_binder.cc:17] [TOWEL]InterfaceBinder Intialized. ProcessType(2)
[39202:39202:0705/000450.724799:INFO:aha/components/metrics/metrics_base.cc:52] [startup] metric: createNodeEnv, start
[39202:39202:0705/000450.735288:INFO:gin/isolate_holder.cc:165] SetPartitionAllocOomCallback and RegisterIsolateHolder
[39202:39202:0705/000450.768629:INFO:aha/components/metrics/metrics_base.cc:64] [startup] metric: createNodeEnv, end, latency: 44ms
[39202:39202:0705/000450.768645:INFO:aha/components/metrics/metrics_base.cc:52] [startup] metric: initNodeEnv, start
[39202:39202:0705/000450.798777:INFO:aha/components/metrics/metrics_base.cc:64] [startup] metric: initNodeEnv, end, latency: 30ms
[39202:39202:0705/000450.798791:INFO:aha/components/metrics/metrics_base.cc:52] [startup] metric: loadAppCode, start
[39202:39202:0705/000450.938394:INFO:aha/components/ipc/ipc_client.cc:13] [AhaIpc] set request_timeout_ms: 1000
[39202:39202:0705/000450.938423:INFO:aha/components/towel/embedder/master_binder.cc:60] [TOWEL]BindMasterInAnyProcess, ProcessType(2)
[39202:39202:0705/000450.938430:INFO:aha/components/towel/embedder/master_binder.cc:52] [TOWEL]BindMasterInBrowser, ProcessType(2)
[39202:39202:0705/000450.938750:INFO:aha/components/towel/embedder/master_binder.cc:55] [TOWEL]BindMasterInBrowser, run in main thread, bind.
[39202:39202:0705/000450.938761:INFO:aha/components/towel/common/ap_impl.cc:26] [TOWEL][APImpl::APImpl] create ap, id is RoutingId(-1, 137260728)
[39202:39202:0705/000450.938767:INFO:aha/components/towel/common/ap_impl.cc:31] [TOWEL][APImpl] register to master, current id is RoutingId(-1, 137260728)
[39202:39202:0705/000450.941826:INFO:aha/components/towel/embedder/master_binder.cc:60] [TOWEL]BindMasterInAnyProcess, ProcessType(2)
[39202:39202:0705/000450.941840:INFO:aha/components/towel/embedder/master_binder.cc:52] [TOWEL]BindMasterInBrowser, ProcessType(2)
[39202:39202:0705/000450.941851:INFO:aha/components/towel/embedder/master_binder.cc:55] [TOWEL]BindMasterInBrowser, run in main thread, bind.
[39202:39202:0705/000450.941860:INFO:aha/components/towel/common/ap_impl.cc:26] [TOWEL][APImpl::APImpl] create ap, id is RoutingId(-1, 314091529)
[39202:39202:0705/000450.941865:INFO:aha/components/towel/common/ap_impl.cc:31] [TOWEL][APImpl] register to master, current id is RoutingId(-1, 314091529)
[39202:39202:0705/000450.941936:WARNING:aha/components/towel/common/ap_impl.cc:220] [TOWEL][APImpl::ListensEvents] no provider for event ai::PUSH_PACKET
[39202:39202:0705/000450.941946:INFO:aha/components/towel/common/ap_impl.cc:594] [TOWEL][APImpl::ListensEvents] start, RoutingId(-1, 314091529)
[39202:39202:0705/000450.941953:INFO:aha/components/towel/common/ap_impl.cc:596] [TOWEL][APImpl::ListensEvents] no pending_listen_requests_, do nothing
[39202:39202:0705/000450.941961:INFO:aha/components/towel/common/static_routing_ap.cc:171] [TOWEL][StaticRoutingAP::TryAddPendingEvents] provider not ready, store event and wait. event ai::PUSH_PACKET
[39202:39202:0705/000450.942171:INFO:aha/components/towel/embedder/master_binder.cc:60] [TOWEL]BindMasterInAnyProcess, ProcessType(2)
[39202:39202:0705/000450.942182:INFO:aha/components/towel/embedder/master_binder.cc:52] [TOWEL]BindMasterInBrowser, ProcessType(2)
[39202:39202:0705/000450.942195:INFO:aha/components/towel/embedder/master_binder.cc:55] [TOWEL]BindMasterInBrowser, run in main thread, bind.
[39202:39202:0705/000450.942203:INFO:aha/components/towel/common/ap_impl.cc:26] [TOWEL][APImpl::APImpl] create ap, id is RoutingId(-1, 1913731)
[39202:39202:0705/000450.942208:INFO:aha/components/towel/common/ap_impl.cc:31] [TOWEL][APImpl] register to master, current id is RoutingId(-1, 1913731)
[39202:39202:0705/000450.942223:WARNING:aha/components/towel/common/ap_impl.cc:220] [TOWEL][APImpl::ListensEvents] no provider for event AhaNet::TNCConfigUpdated
[39202:39202:0705/000450.942228:INFO:aha/components/towel/common/ap_impl.cc:594] [TOWEL][APImpl::ListensEvents] start, RoutingId(-1, 1913731)
[39202:39202:0705/000450.942233:INFO:aha/components/towel/common/ap_impl.cc:596] [TOWEL][APImpl::ListensEvents] no pending_listen_requests_, do nothing
[39202:39202:0705/000450.942238:INFO:aha/components/towel/common/static_routing_ap.cc:171] [TOWEL][StaticRoutingAP::TryAddPendingEvents] provider not ready, store event and wait. event AhaNet::TNCConfigUpdated
[39202:39202:0705/000451.118768:INFO:aha/components/metrics/metrics_base.cc:64] [startup] metric: loadAppCode, end, latency: 320ms
[39202:39202:0705/000451.118787:INFO:aha/components/metrics/metrics_base.cc:52] [startup] metric: joinAppCode, start
[39202:39202:0705/000451.118794:INFO:aha/components/metrics/metrics_base.cc:64] [startup] metric: joinAppCode, end, latency: 0ms
[39202:39202:0705/000451.118802:INFO:aha/electron/shell/browser/aha_feature_list/aha_feature_override.cc:135] [AhaFeatureOverride] InitFeaturesWithAhaOverrides, enable_features NetAdapterMaxBufSizeFeature:NetAdapterMaxBufSize/8192,DocumentPolicyIncludeJSCallStacksInCrashReports,EarlyEstablishGpuChannel,EstablishGpuChannelAsync,,PdfUseShowSaveFilePicker, disable_features CalculateNativeWinOcclusion,,SpareRendererForSitePerProcess,ScreenAIOCREnabled, TraceSiteInstanceGetProcessCreation,LocalNetworkAccessChecks
[39202:39202:0705/000451.118847:INFO:aha/electron/shell/browser/aha_feature_list/aha_remote_state.cc:359] [RemoteState] PreparePaths, remote_state_path_ /home/eternity/.config/Trae/aha/Remote_State
[39202:39202:0705/000451.118852:INFO:aha/electron/shell/browser/aha_feature_list/aha_remote_state.cc:323] [RemoteState] DeserializeFromFile, Reading from /home/eternity/.config/Trae/aha/Remote_State
[39202:39202:0705/000451.119048:INFO:aha/electron/shell/browser/aha_feature_list/aha_feature_override.cc:89] [AhaFeatureOverride] RemoteStateDataOverride, dict size 6
[39202:39202:0705/000451.119058:INFO:aha/electron/shell/browser/aha_feature_list/aha_feature_override.cc:82] [AhaFeatureOverride] EnableParamFeatureOverride, EnableParamFeatureOverride, feature AhaCloseAutoDetectSystemAccessibility, trial StudyAhaCloseAutoDetectSystemAccessibility, group GroupAhaCloseAutoDetectSystemAccessibility, state 0
[39202:39202:0705/000451.119065:ERROR:aha/electron/shell/browser/aha_feature_list/aha_feature_override.cc:118] [AhaFeatureOverride] RemoteStateDataOverride, data format error, feature AhaEnableDelayedDestroyWebsocket, param DelayedDestroyTimeSeconds
[39202:39202:0705/000451.119071:INFO:aha/electron/shell/browser/aha_feature_list/aha_feature_override.cc:82] [AhaFeatureOverride] EnableParamFeatureOverride, EnableParamFeatureOverride, feature AhaEnableDelayedDestroyWebsocket, trial StudyAhaEnableDelayedDestroyWebsocket, group GroupAhaEnableDelayedDestroyWebsocket, state 1
[39202:39202:0705/000451.119080:INFO:aha/electron/shell/browser/aha_feature_list/aha_feature_override.cc:82] [AhaFeatureOverride] EnableParamFeatureOverride, EnableParamFeatureOverride, feature AhaEnableGwpAsan, trial StudyAhaEnableGwpAsan, group GroupAhaEnableGwpAsan, state 1
[39202:39202:0705/000451.119089:INFO:aha/electron/shell/browser/aha_feature_list/aha_feature_override.cc:82] [AhaFeatureOverride] EnableParamFeatureOverride, EnableParamFeatureOverride, feature AhaFrameEvictionBugFix, trial StudyAhaFrameEvictionBugFix, group GroupAhaFrameEvictionBugFix, state 0
[39202:39202:0705/000451.119094:INFO:aha/electron/shell/browser/aha_feature_list/aha_feature_override.cc:82] [AhaFeatureOverride] EnableParamFeatureOverride, EnableParamFeatureOverride, feature EarlyEstablishGpuChannel, trial StudyEarlyEstablishGpuChannel, group GroupEarlyEstablishGpuChannel, state 1
[39202:39202:0705/000451.119100:INFO:aha/electron/shell/browser/aha_feature_list/aha_feature_override.cc:82] [AhaFeatureOverride] EnableParamFeatureOverride, EnableParamFeatureOverride, feature EstablishGpuChannelAsync, trial StudyEstablishGpuChannelAsync, group GroupEstablishGpuChannelAsync, state 1
[39202:39202:0705/000451.119462:WARNING:ui/ozone/platform/wayland/common/wayland_object.cc:119] Binding to wl_shm version 1 but version 2 is available.
[39202:39202:0705/000451.119489:WARNING:ui/ozone/platform/wayland/common/wayland_object.cc:119] Binding to zwp_pointer_gestures_v1 version 1 but version 3 is available.
[39202:39202:0705/000451.119542:WARNING:ui/ozone/platform/wayland/common/wayland_object.cc:119] Binding to wl_seat version 8 but version 9 is available.
[39202:39202:0705/000451.119554:WARNING:ui/ozone/platform/wayland/common/wayland_object.cc:119] Binding to wp_cursor_shape_manager_v1 version 1 but version 2 is available.
[39202:39202:0705/000451.119568:WARNING:ui/ozone/platform/wayland/common/wayland_object.cc:119] Binding to zwp_linux_dmabuf_v1 version 4 but version 5 is available.
[39202:39202:0705/000451.119971:WARNING:ui/ozone/platform/wayland/host/wayland_drm.cc:114] Drm prime capability is not supported
[39202:39202:0705/000451.176287:INFO:aha/components/detector/gpu_block_detector.cc:47] [GpuBlockDetector] GetGpuHangDetectValue: GPU jank config key: detect_interval value:5
[39202:39202:0705/000451.176305:INFO:aha/components/detector/gpu_block_detector.cc:47] [GpuBlockDetector] GetGpuHangDetectValue: GPU jank config key: terminate_process_threshold value:10
[39202:39202:0705/000451.176983:INFO:electron/shell/browser/electron_browser_main_parts.cc:597] [ElectronBrowserMainParts] PreMainMessageLoopRun
[39205:39205:0705/000451.177041:INFO:third_party/crashpad/crashpad/handler/linux/crash_report_exception_handler.cc:344] [Crashpad] Append global param key: lifecycle_stage
[39205:39205:0705/000451.177121:INFO:third_party/crashpad/crashpad/handler/linux/crash_report_exception_handler.cc:344] [Crashpad] Append global param key: country_code
[39202:39202:0705/000451.177141:INFO:aha/components/detector/block_detector.cc:92] BlockDetectorManager::Init,this:0x23ac021ca5c0
[39202:39202:0705/000451.177152:INFO:aha/components/detector/block_detector.cc:133] Initializing Towel provider with name: BlockDetectorProvider
[39202:39202:0705/000451.177159:INFO:aha/components/towel/embedder/master_binder.cc:60] [TOWEL]BindMasterInAnyProcess, ProcessType(2)
[39202:39202:0705/000451.177166:INFO:aha/components/towel/embedder/master_binder.cc:52] [TOWEL]BindMasterInBrowser, ProcessType(2)
[39202:39202:0705/000451.177175:INFO:aha/components/towel/embedder/master_binder.cc:55] [TOWEL]BindMasterInBrowser, run in main thread, bind.
[39202:39202:0705/000451.177194:INFO:aha/components/towel/public/provider.cc:76] [TOWEL][Provider::Mount] mount provider, name= BlockDetectorProvider, force_reset=0
[39202:39202:0705/000451.177203:INFO:aha/components/detector/block_detector.cc:143] Towel provider mounted successfully.
[39202:39202:0705/000451.177251:INFO:aha/components/perf/system_monitor/perf_system_monitor.cc:68] PerfSystemMonitor::Start 0x56545a22b8e0, interval 5 s
[39202:39225:0705/000451.177743:WARNING:aha/electron/cache_file/cache_file_manager.cc:105] not log file, continue: /home/eternity/.config/Trae/logs/aha_log/networkservice-0-2026-6-9.alaudalog
[39202:39225:0705/000451.177754:WARNING:aha/electron/cache_file/cache_file_manager.cc:105] not log file, continue: /home/eternity/.config/Trae/logs/aha_log/networkservice-1-2026-6-9.alaudalog
[39202:39225:0705/000451.177760:WARNING:aha/electron/cache_file/cache_file_manager.cc:105] not log file, continue: /home/eternity/.config/Trae/logs/aha_log/networkservice-2-2026-6-9.alaudalog
[39202:39225:0705/000451.177841:INFO:aha/electron/cache_file/cache_file_manager.cc:109] DeleteFile success: /home/eternity/.config/Trae/logs/aha_log/aha_electron_2026.0620.log
[39202:39225:0705/000451.177847:WARNING:aha/electron/cache_file/cache_file_manager.cc:105] not log file, continue: /home/eternity/.config/Trae/logs/aha_log/networkservice-0-2026-6-20.alaudalog
[39202:39202:0705/000451.180588:INFO:aha/components/metrics/metrics_base.cc:52] [startup] metric: emitReadyEvent, start
[39202:39202:0705/000451.180920:INFO:aha/components/metrics/metrics_base.cc:64] [startup] metric: emitReadyEvent, end, latency: 0ms
[39202:39202:0705/000451.183543:INFO:content/browser/network_service_instance_impl.cc:451] NetworkService, CreateNetworkServiceParams device_id: 7649334840105879056
[39202:39202:0705/000451.183621:INFO:content/browser/network_service_instance_impl.cc:457] NetworkService, CreateNetworkServiceParams access_policy: {"should_use_ttnet":true,"domain_white_list":{"*.trae.ai":["*"],"*.traeapi.us":["*"],"*.mchost.guru":["*"],"*.bytedance.net":["*"],"*.tiktok-row.net":["*"],"*.byteintl.net":["*"],"*.byted.org":["*"],"*.trae.com.cn":["*"],"*.trae.cn":["*"],"*.volces.com":["*"],"*.snssdk.com":["*"],"*.bytedance.com":["*"]},"domain_black_list":{"127.0.0.1":["*"],"::1":["*"],"*.trae.volces.com":["*"]},"enable_detail_log":false}
[39202:39202:0705/000451.183654:INFO:content/browser/network_service_instance_impl.cc:476] NetworkService, CreateNetworkServiceParams country_code: sg, country_code_src: uid
[39202:39202:0705/000451.187608:INFO:aha/components/tiny_storage/tiny_storage.cc:88] [TinyStorage] FlushIfNeed
[39202:39202:0705/000451.187684:INFO:aha/components/monitor/monitor_service_instance_impl.cc:106] [MonitorService] CalculateLocalDeviceId: use init_device_id, device_id: 7649334840105879056
[39202:39202:0705/000451.187692:WARNING:aha/components/monitor/monitor_service_instance_impl.cc:141] [MonitorService] Restart: launch monitor service
[39202:39202:0705/000451.187787:INFO:aha/components/monitor/monitor_service_instance_impl.cc:48] [MonitorService] ShouldUseLogifier: update use_logifier=1 country_code=sg
[39202:39202:0705/000451.187804:INFO:aha/components/device_service/device_service.cc:659] DeviceService, has cache, directly return cache: 7649334840105879056
[39202:39202:0705/000451.187822:INFO:aha/electron/shell/browser/aha_feature_list/aha_remote_state.cc:221] [RemoteState] PullSettings, query with url https://icube-normal.trae.ai/service/settings/v3/?os=linux&aid=1006732&aha_electron_version=39.2.7-release.1.37.3&device_id=7649334840105879056&app_aid=682161&app_version=3.5.62&app_region=us
[39202:39202:0705/000451.189751:INFO:aha/components/perf/collector/perf_collector_cpu.cc:117] PerfCollectorCPU created
[39202:39202:0705/000451.189812:INFO:aha/components/perf/electron/app_process_collector.cc:63] [perf]AppProcessCollector::AppProcessCollector, collect_cpu_interval: 5 s, collect_memory_interval: 60 s, update_process_interval: 60 s
[39202:39202:0705/000451.189826:INFO:aha/components/perf/process/process_collector.cc:43] [process collector debug] Start schedule cpu_interval=5000ms, memory_interval=60000ms, process_update_interval=60000ms
[39202:39202:0705/000451.189837:INFO:aha/components/perf/process/process_collector.cc:77] [process collector debug] use_shared_timer=0, has_cpu=1, has_memory=1
[39202:39202:0705/000451.189870:INFO:aha/components/perf/perf_abnormal_observer.cc:551] [PerfAbnormal] CreateInstance, 
[39202:39202:0705/000451.189902:INFO:aha/components/perf/perf_abnormal_observer.cc:516] [PerfAbnormal] PerfAbnormalObserver, 
[39202:39202:0705/000451.189921:INFO:aha/components/perf/process/process_type_provider.cc:26] [ProcessTypeProvider] ProcessTypeProvider, initialized
[39202:39202:0705/000451.189932:INFO:aha/components/perf/collector/perf_collector_base.cc:81] [perf collector][function=Start]  delay 300 seconds
[39202:39202:0705/000451.189946:INFO:aha/components/perf/collector/perf_collector_base.cc:81] [perf collector][function=Start]  delay 5 seconds
[39202:39202:0705/000451.189953:INFO:aha/components/perf/perf_manager_base.cc:448] [perf manager][function = AddProcess] add process:39202
[39202:39202:0705/000451.189992:INFO:aha/components/perf/collector/perf_collector_base.cc:29] [perf collector][function=ShouldCollectProcess] AddProcess pid:39202 cmd:/usr/share/trae/trae
[39202:39202:0705/000451.190021:INFO:aha/components/perf/collector/perf_collector_base.cc:29] [perf collector][function=ShouldCollectProcess] AddProcess pid:39202 cmd:/usr/share/trae/trae
[39202:39202:0705/000451.190036:INFO:aha/components/perf/collector/perf_collector_base.cc:29] [perf collector][function=ShouldCollectProcess] AddProcess pid:39202 cmd:/usr/share/trae/trae
[39202:39202:0705/000451.190043:INFO:aha/components/perf/collector/perf_collector_disk.cc:30] [perf collector][function=SetPath] PerfCollectorDisk::SetPath: 0
[39202:39202:0705/000451.190216:INFO:aha/components/memory_system/memory_system_manager.cc:43] MemorySystemManager::InitializeMemorySystem. process_gwp_asan_enable_list: NetworkService
[39202:39202:0705/000451.190222:INFO:aha/components/memory_system/memory_system_manager.cc:47] MemorySystemManager::InitializeMemorySystem. process: browser not enable for Gwp-Asan
[39202:39202:0705/000451.191860:INFO:aha/components/towel/common/master_impl.cc:39] [TOWEL][MasterImpl::AddAPWithId] add ap 1696485260
[39202:39202:0705/000451.191877:INFO:aha/components/towel/common/master_impl.cc:55] [TOWEL][MasterImpl::AddAP] add ap 1696485260
[39202:39202:0705/000451.191893:INFO:aha/components/towel/common/master_impl.cc:39] [TOWEL][MasterImpl::AddAPWithId] add ap 758987640
[39202:39202:0705/000451.191900:INFO:aha/components/towel/common/master_impl.cc:55] [TOWEL][MasterImpl::AddAP] add ap 758987640
[39202:39202:0705/000451.191915:INFO:aha/components/towel/common/master_impl.cc:39] [TOWEL][MasterImpl::AddAPWithId] add ap 1728920383
[39202:39202:0705/000451.191921:INFO:aha/components/towel/common/master_impl.cc:55] [TOWEL][MasterImpl::AddAP] add ap 1728920383
[39202:39202:0705/000451.192630:INFO:aha/components/towel/common/master_impl.cc:153] [TOWEL][MasterImpl::RegisterProvider] success BlockDetectorProvider provider size now is 1
[39202:39202:0705/000451.192662:INFO:aha/components/process_observer/aha_process_observer.cc:45] [process observer][process launched] type is:gpu-process, pid is:39259
[39202:39225:0705/000451.192693:INFO:aha/components/towel/embedder/master_binder.cc:60] [TOWEL]BindMasterInAnyProcess, ProcessType(2)
[39202:39202:0705/000451.192694:INFO:aha/components/perf/perf_manager_base.cc:448] [perf manager][function = AddProcess] add process:39259
[39202:39225:0705/000451.192711:INFO:aha/components/towel/embedder/master_binder.cc:44] [TOWEL]BindMasterInBrowser, not in main thread, post.
[39202:39225:0705/000451.192737:INFO:aha/components/towel/common/ap_impl.cc:26] [TOWEL][APImpl::APImpl] create ap, id is RoutingId(-1, 211047172)
[39202:39202:0705/000451.192738:INFO:aha/components/perf/collector/perf_collector_base.cc:29] [perf collector][function=ShouldCollectProcess] AddProcess pid:39259 cmd:/usr/share/trae/trae --type=zygote --no-zygote-sandbox --crashpad-handler-pid=39205
[39202:39225:0705/000451.192743:INFO:aha/components/towel/common/ap_impl.cc:31] [TOWEL][APImpl] register to master, current id is RoutingId(-1, 211047172)
[39202:39202:0705/000451.192760:INFO:aha/components/perf/collector/perf_collector_base.cc:29] [perf collector][function=ShouldCollectProcess] AddProcess pid:39259 cmd:/usr/share/trae/trae --type=zygote --no-zygote-sandbox --crashpad-handler-pid=39205
[39202:39225:0705/000451.192780:INFO:aha/components/towel/common/static_routing_ap.cc:135] [TOWEL][StaticRoutingAP::TryAddPendingRequest] provider not ready, store request and wait. method monitor::MONITOR_EVENT
[39202:39202:0705/000451.192789:INFO:aha/components/perf/collector/perf_collector_base.cc:29] [perf collector][function=ShouldCollectProcess] AddProcess pid:39259 cmd:/usr/share/trae/trae --type=zygote --no-zygote-sandbox --crashpad-handler-pid=39205
[39202:39225:0705/000451.192791:INFO:aha/components/towel/common/static_routing_ap.cc:144] [TOWEL][StaticRoutingAP] start timeout checker
[39202:39202:0705/000451.193136:INFO:aha/components/process_observer/aha_process_observer.cc:45] [process observer][process launched] type is:NetworkService, pid is:39268
[39202:39202:0705/000451.193160:INFO:aha/components/perf/perf_manager_base.cc:448] [perf manager][function = AddProcess] add process:39268
[39202:39225:0705/000451.193166:INFO:aha/components/towel/common/static_routing_ap.cc:135] [TOWEL][StaticRoutingAP::TryAddPendingRequest] provider not ready, store request and wait. method monitor::MONITOR_EVENT
[39202:39202:0705/000451.193188:INFO:aha/components/perf/collector/perf_collector_base.cc:29] [perf collector][function=ShouldCollectProcess] AddProcess pid:39268 cmd:/proc/self/exe --type=utility --utility-sub-type=network.mojom.NetworkService --lang=zh-CN --service-sandbox-type=none --render-node-override=/dev/dri/renderD129 --crashpad-handler-pid=39205 --enable-crash-reporter=cf0573c6-7444-4116-be82-e562a048b8e6,no_channel --user-data-dir=/home/eternity/.config/Trae --standard-schemes=vscode-webview,vscode-file --enable-sandbox --secure-schemes=vscode-webview,vscode-file --cors-schemes=vscode-webview,vscode-file --fetch-schemes=vscode-webview,vscode-file --service-worker-schemes=vscode-webview --code-cache-schemes=vscode-webview,vscode-file --shared-files=v8_context_snapshot_data:100 --field-trial-handle=3,i,2370827577125691552,7058806249113729252,262144 --enable-features=DocumentPolicyIncludeJSCallStacksInCrashReports,EarlyEstablishGpuChannel,EstablishGpuChannelAsync,PdfUseShowSaveFilePicker --disable-features=CalculateNativeWinOcclusion,LocalNetworkAccessChecks,ScreenAIOCREnabled,SpareRendererForSitePerProcess,TraceSiteInstanceGetProcessCreation --variations-seed-version --trace-process-track-uuid=3190708989122997041
[39202:39202:0705/000451.193217:INFO:aha/components/perf/collector/perf_collector_base.cc:29] [perf collector][function=ShouldCollectProcess] AddProcess pid:39268 cmd:/proc/self/exe --type=utility --utility-sub-type=network.mojom.NetworkService --lang=zh-CN --service-sandbox-type=none --render-node-override=/dev/dri/renderD129 --crashpad-handler-pid=39205 --enable-crash-reporter=cf0573c6-7444-4116-be82-e562a048b8e6,no_channel --user-data-dir=/home/eternity/.config/Trae --standard-schemes=vscode-webview,vscode-file --enable-sandbox --secure-schemes=vscode-webview,vscode-file --cors-schemes=vscode-webview,vscode-file --fetch-schemes=vscode-webview,vscode-file --service-worker-schemes=vscode-webview --code-cache-schemes=vscode-webview,vscode-file --shared-files=v8_context_snapshot_data:100 --field-trial-handle=3,i,2370827577125691552,7058806249113729252,262144 --enable-features=DocumentPolicyIncludeJSCallStacksInCrashReports,EarlyEstablishGpuChannel,EstablishGpuChannelAsync,PdfUseShowSaveFilePicker --disable-features=CalculateNativeWinOcclusion,LocalNetworkAccessChecks,ScreenAIOCREnabled,SpareRendererForSitePerProcess,TraceSiteInstanceGetProcessCreation --variations-seed-version --trace-process-track-uuid=3190708989122997041
[39202:39202:0705/000451.193232:INFO:aha/components/perf/collector/perf_collector_base.cc:29] [perf collector][function=ShouldCollectProcess] AddProcess pid:39268 cmd:/proc/self/exe --type=utility --utility-sub-type=network.mojom.NetworkService --lang=zh-CN --service-sandbox-type=none --render-node-override=/dev/dri/renderD129 --crashpad-handler-pid=39205 --enable-crash-reporter=cf0573c6-7444-4116-be82-e562a048b8e6,no_channel --user-data-dir=/home/eternity/.config/Trae --standard-schemes=vscode-webview,vscode-file --enable-sandbox --secure-schemes=vscode-webview,vscode-file --cors-schemes=vscode-webview,vscode-file --fetch-schemes=vscode-webview,vscode-file --service-worker-schemes=vscode-webview --code-cache-schemes=vscode-webview,vscode-file --shared-files=v8_context_snapshot_data:100 --field-trial-handle=3,i,2370827577125691552,7058806249113729252,262144 --enable-features=DocumentPolicyIncludeJSCallStacksInCrashReports,EarlyEstablishGpuChannel,EstablishGpuChannelAsync,PdfUseShowSaveFilePicker --disable-features=CalculateNativeWinOcclusion,LocalNetworkAccessChecks,ScreenAIOCREnabled,SpareRendererForSitePerProcess,TraceSiteInstanceGetProcessCreation --variations-seed-version --trace-process-track-uuid=3190708989122997041
[39202:39202:0705/000451.194965:INFO:aha/components/process_observer/aha_process_observer.cc:45] [process observer][process launched] type is:MonitorService, pid is:39270
[39202:39202:0705/000451.194995:INFO:aha/components/perf/perf_manager_base.cc:448] [perf manager][function = AddProcess] add process:39270
[39202:39225:0705/000451.194999:INFO:aha/components/towel/common/static_routing_ap.cc:135] [TOWEL][StaticRoutingAP::TryAddPendingRequest] provider not ready, store request and wait. method monitor::MONITOR_EVENT
[39202:39202:0705/000451.195021:INFO:aha/components/perf/collector/perf_collector_base.cc:29] [perf collector][function=ShouldCollectProcess] AddProcess pid:39270 cmd:/proc/self/exe --type=utility --utility-sub-type=monitor.mojom.MonitorService --lang=zh-CN --service-sandbox-type=none --render-node-override=/dev/dri/renderD129 --crashpad-handler-pid=39205 --enable-crash-reporter=cf0573c6-7444-4116-be82-e562a048b8e6,no_channel --user-data-dir=/home/eternity/.config/Trae --standard-schemes=vscode-webview,vscode-file --enable-sandbox --secure-schemes=vscode-webview,vscode-file --cors-schemes=vscode-webview,vscode-file --fetch-schemes=vscode-webview,vscode-file --service-worker-schemes=vscode-webview --code-cache-schemes=vscode-webview,vscode-file --shared-files=v8_context_snapshot_data:100 --field-trial-handle=3,i,2370827577125691552,7058806249113729252,262144 --enable-features=DocumentPolicyIncludeJSCallStacksInCrashReports,EarlyEstablishGpuChannel,EstablishGpuChannelAsync,PdfUseShowSaveFilePicker --disable-features=CalculateNativeWinOcclusion,LocalNetworkAccessChecks,ScreenAIOCREnabled,SpareRendererForSitePerProcess,TraceSiteInstanceGetProcessCreation --variations-seed-version --trace-process-track-uuid=3190708990060038890
[39202:39202:0705/000451.195038:INFO:aha/components/perf/collector/perf_collector_base.cc:29] [perf collector][function=ShouldCollectProcess] AddProcess pid:39270 cmd:/proc/self/exe --type=utility --utility-sub-type=monitor.mojom.MonitorService --lang=zh-CN --service-sandbox-type=none --render-node-override=/dev/dri/renderD129 --crashpad-handler-pid=39205 --enable-crash-reporter=cf0573c6-7444-4116-be82-e562a048b8e6,no_channel --user-data-dir=/home/eternity/.config/Trae --standard-schemes=vscode-webview,vscode-file --enable-sandbox --secure-schemes=vscode-webview,vscode-file --cors-schemes=vscode-webview,vscode-file --fetch-schemes=vscode-webview,vscode-file --service-worker-schemes=vscode-webview --code-cache-schemes=vscode-webview,vscode-file --shared-files=v8_context_snapshot_data:100 --field-trial-handle=3,i,2370827577125691552,7058806249113729252,262144 --enable-features=DocumentPolicyIncludeJSCallStacksInCrashReports,EarlyEstablishGpuChannel,EstablishGpuChannelAsync,PdfUseShowSaveFilePicker --disable-features=CalculateNativeWinOcclusion,LocalNetworkAccessChecks,ScreenAIOCREnabled,SpareRendererForSitePerProcess,TraceSiteInstanceGetProcessCreation --variations-seed-version --trace-process-track-uuid=3190708990060038890
[39202:39202:0705/000451.195052:INFO:aha/components/perf/collector/perf_collector_base.cc:29] [perf collector][function=ShouldCollectProcess] AddProcess pid:39270 cmd:/proc/self/exe --type=utility --utility-sub-type=monitor.mojom.MonitorService --lang=zh-CN --service-sandbox-type=none --render-node-override=/dev/dri/renderD129 --crashpad-handler-pid=39205 --enable-crash-reporter=cf0573c6-7444-4116-be82-e562a048b8e6,no_channel --user-data-dir=/home/eternity/.config/Trae --standard-schemes=vscode-webview,vscode-file --enable-sandbox --secure-schemes=vscode-webview,vscode-file --cors-schemes=vscode-webview,vscode-file --fetch-schemes=vscode-webview,vscode-file --service-worker-schemes=vscode-webview --code-cache-schemes=vscode-webview,vscode-file --shared-files=v8_context_snapshot_data:100 --field-trial-handle=3,i,2370827577125691552,7058806249113729252,262144 --enable-features=DocumentPolicyIncludeJSCallStacksInCrashReports,EarlyEstablishGpuChannel,EstablishGpuChannelAsync,PdfUseShowSaveFilePicker --disable-features=CalculateNativeWinOcclusion,LocalNetworkAccessChecks,ScreenAIOCREnabled,SpareRendererForSitePerProcess,TraceSiteInstanceGetProcessCreation --variations-seed-version --trace-process-track-uuid=3190708990060038890
[39202:39202:0705/000451.195077:INFO:aha/components/perf/collector/perf_collector_system.cc:55] get manufacturer:MECHREVO
[39202:39202:0705/000451.195093:INFO:aha/components/perf/perf_manager_base.cc:418] [perf manager][function = RecordLaunchInner] [device info] , total_memory:31249, sys_uptime:180, cpu_count:16, cpu_model:AMD Ryzen 7 7745HX with Radeon Graphics, sys_version:7.0.14-zen1-1-zen, hardware_model:, manufacturer:MECHREVO, touch_screen_availability:0, app_arch:x86_64, chip_arch:x86_64
[39202:39225:0705/000451.195097:INFO:aha/components/towel/common/static_routing_ap.cc:135] [TOWEL][StaticRoutingAP::TryAddPendingRequest] provider not ready, store request and wait. method monitor::MONITOR_EVENT
[39202:39202:0705/000451.195108:INFO:aha/components/perf/perf_manager_base.cc:629] [perf manager][function = CollectDiskInfo]  PerfManagerBase::CollectDiskInfo 
[39202:39225:0705/000451.195112:INFO:aha/components/towel/common/static_routing_ap.cc:135] [TOWEL][StaticRoutingAP::TryAddPendingRequest] provider not ready, store request and wait. method monitor::MONITOR_EVENT
[39202:39225:0705/000451.195132:INFO:aha/components/perf/collector/perf_collector_disk.cc:14] [perf collector][function=Collect] PerfCollectorDisk::Collect: 1
[39202:39202:0705/000451.195199:INFO:aha/components/towel/common/ap_impl.cc:416] [TOWEL][APImpl::OnAddToMaster] real_id is RoutingId(39202, 1696485260), fake_id is RoutingId(-1, 137260728)
[39202:39202:0705/000451.195208:INFO:aha/components/towel/common/ap_impl.cc:594] [TOWEL][APImpl::ListensEvents] start, RoutingId(39202, 1696485260)
[39202:39202:0705/000451.195213:INFO:aha/components/towel/common/ap_impl.cc:596] [TOWEL][APImpl::ListensEvents] no pending_listen_requests_, do nothing
[39202:39202:0705/000451.195233:INFO:aha/components/towel/common/master_impl.cc:193] [TOWEL][MasterImpl::GetAllProviders] provider size is 1 given size is 1
[39202:39202:0705/000451.195246:INFO:aha/components/towel/common/ap_impl.cc:416] [TOWEL][APImpl::OnAddToMaster] real_id is RoutingId(39202, 758987640), fake_id is RoutingId(-1, 314091529)
[39202:39202:0705/000451.195250:INFO:aha/components/towel/common/ap_impl.cc:594] [TOWEL][APImpl::ListensEvents] start, RoutingId(39202, 758987640)
[39202:39202:0705/000451.195255:INFO:aha/components/towel/common/ap_impl.cc:596] [TOWEL][APImpl::ListensEvents] no pending_listen_requests_, do nothing
[39202:39202:0705/000451.195266:INFO:aha/components/towel/common/master_impl.cc:193] [TOWEL][MasterImpl::GetAllProviders] provider size is 1 given size is 1
[39202:39202:0705/000451.195277:INFO:aha/components/towel/common/ap_impl.cc:416] [TOWEL][APImpl::OnAddToMaster] real_id is RoutingId(39202, 1728920383), fake_id is RoutingId(-1, 1913731)
[39202:39202:0705/000451.195285:INFO:aha/components/towel/common/ap_impl.cc:594] [TOWEL][APImpl::ListensEvents] start, RoutingId(39202, 1728920383)
[39202:39202:0705/000451.195289:INFO:aha/components/towel/common/ap_impl.cc:596] [TOWEL][APImpl::ListensEvents] no pending_listen_requests_, do nothing
[39202:39202:0705/000451.195304:INFO:aha/components/towel/common/master_impl.cc:193] [TOWEL][MasterImpl::GetAllProviders] provider size is 1 given size is 1
[39202:39202:0705/000451.195370:INFO:aha/components/towel/common/ap_impl.cc:406] [TOWEL][APImpl::OnProviderAdded] provider_name BlockDetectorProvider, RoutingId(39202, 758987640)
[39202:39202:0705/000451.195377:INFO:aha/components/towel/common/static_routing_ap.cc:181] [TOWEL][StaticRoutingAP::RunPendingRequestAndEvents] provider_name= BlockDetectorProvider
[39202:39202:0705/000451.195392:INFO:aha/components/towel/common/ap_impl.cc:406] [TOWEL][APImpl::OnProviderAdded] provider_name BlockDetectorProvider, RoutingId(39202, 1696485260)
[39202:39202:0705/000451.195397:INFO:aha/components/ipc/ipc_client.cc:172] [AhaIpc] provider connected, name: BlockDetectorProvider
[39202:39202:0705/000451.195402:INFO:aha/components/towel/common/static_routing_ap.cc:181] [TOWEL][StaticRoutingAP::RunPendingRequestAndEvents] provider_name= BlockDetectorProvider
[39202:39202:0705/000451.195413:INFO:aha/components/towel/common/ap_impl.cc:406] [TOWEL][APImpl::OnProviderAdded] provider_name BlockDetectorProvider, RoutingId(39202, 1728920383)
[39202:39202:0705/000451.195418:INFO:aha/components/towel/common/static_routing_ap.cc:181] [TOWEL][StaticRoutingAP::RunPendingRequestAndEvents] provider_name= BlockDetectorProvider
[39202:39202:0705/000451.195426:INFO:aha/components/towel/embedder/master_binder.cc:52] [TOWEL]BindMasterInBrowser, ProcessType(2)
[39202:39202:0705/000451.195434:INFO:aha/components/towel/embedder/master_binder.cc:55] [TOWEL]BindMasterInBrowser, run in main thread, bind.
[39202:39202:0705/000451.199388:INFO:aha/components/perf/perf_logger.cc:36] [perf logger] [disk] free:164193MB total:372736MB
[39202:39225:0705/000451.199398:INFO:aha/components/towel/common/static_routing_ap.cc:135] [TOWEL][StaticRoutingAP::TryAddPendingRequest] provider not ready, store request and wait. method monitor::MONITOR_EVENT
[39202:39202:0705/000451.199417:INFO:aha/components/towel/common/ap_impl.cc:511] [TOWEL][APImpl::OnGetAllProviders]: RoutingId(39202, 1696485260) provider size 1
[39202:39202:0705/000451.199429:INFO:aha/components/towel/common/ap_impl.cc:520] [TOWEL][APImpl::OnGetAllProviders] add provider BlockDetectorProvider
[39202:39202:0705/000451.199442:INFO:aha/components/towel/common/static_routing_ap.cc:181] [TOWEL][StaticRoutingAP::RunPendingRequestAndEvents] provider_name= BlockDetectorProvider
[39202:39202:0705/000451.199453:INFO:aha/components/towel/common/ap_impl.cc:511] [TOWEL][APImpl::OnGetAllProviders]: RoutingId(39202, 758987640) provider size 1
[39202:39202:0705/000451.199461:INFO:aha/components/towel/common/ap_impl.cc:520] [TOWEL][APImpl::OnGetAllProviders] add provider BlockDetectorProvider
[39202:39202:0705/000451.199470:INFO:aha/components/towel/common/static_routing_ap.cc:181] [TOWEL][StaticRoutingAP::RunPendingRequestAndEvents] provider_name= BlockDetectorProvider
[39202:39202:0705/000451.199479:INFO:aha/components/towel/common/ap_impl.cc:511] [TOWEL][APImpl::OnGetAllProviders]: RoutingId(39202, 1728920383) provider size 1
[39202:39202:0705/000451.199486:INFO:aha/components/towel/common/ap_impl.cc:520] [TOWEL][APImpl::OnGetAllProviders] add provider BlockDetectorProvider
[39202:39202:0705/000451.199492:INFO:aha/components/towel/common/static_routing_ap.cc:181] [TOWEL][StaticRoutingAP::RunPendingRequestAndEvents] provider_name= BlockDetectorProvider
[39202:39202:0705/000451.199552:INFO:aha/components/towel/public/provider.cc:196] [TOWEL][Provider::GetMetaInfo] provider BlockDetectorProvider, method_size is 1 method_list is BlockDetector::HEART_BEAT
[39202:39202:0705/000451.199568:INFO:aha/components/towel/common/master_impl.cc:39] [TOWEL][MasterImpl::AddAPWithId] add ap 1599031798
[39202:39202:0705/000451.199580:INFO:aha/components/towel/common/master_impl.cc:55] [TOWEL][MasterImpl::AddAP] add ap 1599031798
[39202:39225:0705/000451.199592:INFO:aha/components/towel/common/ap_impl.cc:416] [TOWEL][APImpl::OnAddToMaster] real_id is RoutingId(39202, 1599031798), fake_id is RoutingId(-1, 211047172)
[39202:39225:0705/000451.199608:INFO:aha/components/towel/common/ap_impl.cc:594] [TOWEL][APImpl::ListensEvents] start, RoutingId(39202, 1599031798)
[39202:39225:0705/000451.199619:INFO:aha/components/towel/common/ap_impl.cc:596] [TOWEL][APImpl::ListensEvents] no pending_listen_requests_, do nothing
[39202:39202:0705/000451.199919:INFO:aha/components/towel/public/provider.cc:196] [TOWEL][Provider::GetMetaInfo] provider BlockDetectorProvider, method_size is 1 method_list is BlockDetector::HEART_BEAT
[39202:39202:0705/000451.199938:INFO:aha/components/towel/public/provider.cc:196] [TOWEL][Provider::GetMetaInfo] provider BlockDetectorProvider, method_size is 1 method_list is BlockDetector::HEART_BEAT
[39202:39202:0705/000451.199950:INFO:aha/components/towel/public/provider.cc:196] [TOWEL][Provider::GetMetaInfo] provider BlockDetectorProvider, method_size is 1 method_list is BlockDetector::HEART_BEAT
[39202:39202:0705/000451.199958:INFO:aha/components/towel/public/provider.cc:196] [TOWEL][Provider::GetMetaInfo] provider BlockDetectorProvider, method_size is 1 method_list is BlockDetector::HEART_BEAT
[39202:39202:0705/000451.199968:INFO:aha/components/towel/public/provider.cc:196] [TOWEL][Provider::GetMetaInfo] provider BlockDetectorProvider, method_size is 1 method_list is BlockDetector::HEART_BEAT
[39202:39202:0705/000451.199977:INFO:aha/components/towel/common/ap_impl.cc:530] [TOWEL][APImpl::OnGetProviderMetaInfo]: RoutingId(39202, 758987640) provider BlockDetectorProvider
[39202:39202:0705/000451.199982:INFO:aha/components/towel/common/ap_impl.cc:540] [TOWEL][APImpl::OnGetProviderMetaInfo] update meta info for BlockDetectorProvider method_list is BlockDetector::HEART_BEAT, event_list is 
[39202:39202:0705/000451.199994:INFO:aha/components/towel/common/static_routing_ap.cc:181] [TOWEL][StaticRoutingAP::RunPendingRequestAndEvents] provider_name= BlockDetectorProvider
[39202:39202:0705/000451.200008:INFO:aha/components/towel/common/master_impl.cc:193] [TOWEL][MasterImpl::GetAllProviders] provider size is 1 given size is 1
[39202:39225:0705/000451.200028:INFO:aha/components/towel/common/ap_impl.cc:511] [TOWEL][APImpl::OnGetAllProviders]: RoutingId(39202, 1599031798) provider size 1
[39202:39225:0705/000451.200051:INFO:aha/components/towel/common/ap_impl.cc:520] [TOWEL][APImpl::OnGetAllProviders] add provider BlockDetectorProvider
[39202:39225:0705/000451.200058:INFO:aha/components/towel/common/static_routing_ap.cc:181] [TOWEL][StaticRoutingAP::RunPendingRequestAndEvents] provider_name= BlockDetectorProvider
[39202:39202:0705/000451.200068:INFO:aha/components/towel/common/ap_impl.cc:530] [TOWEL][APImpl::OnGetProviderMetaInfo]: RoutingId(39202, 1696485260) provider BlockDetectorProvider
[39202:39202:0705/000451.200074:INFO:aha/components/towel/common/ap_impl.cc:540] [TOWEL][APImpl::OnGetProviderMetaInfo] update meta info for BlockDetectorProvider method_list is BlockDetector::HEART_BEAT, event_list is 
[39202:39202:0705/000451.200079:INFO:aha/components/towel/common/static_routing_ap.cc:181] [TOWEL][StaticRoutingAP::RunPendingRequestAndEvents] provider_name= BlockDetectorProvider
[39202:39202:0705/000451.200087:INFO:aha/components/towel/common/ap_impl.cc:530] [TOWEL][APImpl::OnGetProviderMetaInfo]: RoutingId(39202, 1728920383) provider BlockDetectorProvider
[39202:39202:0705/000451.200092:INFO:aha/components/towel/common/ap_impl.cc:540] [TOWEL][APImpl::OnGetProviderMetaInfo] update meta info for BlockDetectorProvider method_list is BlockDetector::HEART_BEAT, event_list is 
[39202:39202:0705/000451.200096:INFO:aha/components/towel/common/static_routing_ap.cc:181] [TOWEL][StaticRoutingAP::RunPendingRequestAndEvents] provider_name= BlockDetectorProvider
[39202:39202:0705/000451.200153:INFO:aha/components/towel/public/provider.cc:196] [TOWEL][Provider::GetMetaInfo] provider BlockDetectorProvider, method_size is 1 method_list is BlockDetector::HEART_BEAT
[39202:39225:0705/000451.200173:INFO:aha/components/towel/common/ap_impl.cc:530] [TOWEL][APImpl::OnGetProviderMetaInfo]: RoutingId(39202, 1599031798) provider BlockDetectorProvider
[39202:39225:0705/000451.200185:INFO:aha/components/towel/common/ap_impl.cc:540] [TOWEL][APImpl::OnGetProviderMetaInfo] update meta info for BlockDetectorProvider method_list is BlockDetector::HEART_BEAT, event_list is 
[39202:39225:0705/000451.200196:INFO:aha/components/towel/common/static_routing_ap.cc:181] [TOWEL][StaticRoutingAP::RunPendingRequestAndEvents] provider_name= BlockDetectorProvider
[39202:39252:0705/000451.200349:INFO:aha/components/perf/process/process_tree_provider.cc:255] [ProcessTreeProvider] UpdateInternal cost: 10ms
[39202:39252:0705/000451.200515:INFO:aha/components/perf/process/process_collector_worker_thread.cc:85] [process collector] DoCollectProcessInfo cost: 10ms
[39202:39252:0705/000451.208964:INFO:aha/components/perf/process/process_collector_worker_thread.cc:85] [process collector] DoCollectProcessInfo cost: 8ms
[39202:39252:0705/000451.209008:INFO:aha/components/perf/process/process_type_provider.cc:105] [ProcessTypeProvider] AddProcessOnTaskRunner, pid 39259, type gpu-process
[39202:39252:0705/000451.209022:INFO:aha/components/perf/process/process_type_provider.cc:105] [ProcessTypeProvider] AddProcessOnTaskRunner, pid 39268, type NetworkService
[39202:39252:0705/000451.209027:INFO:aha/components/perf/process/process_type_provider.cc:105] [ProcessTypeProvider] AddProcessOnTaskRunner, pid 39270, type MonitorService
[39202:39202:0705/000451.253285:INFO:aha/components/tiny_storage/tiny_storage.cc:77] [TinyStorage] Save
[39202:39202:0705/000451.253330:INFO:aha/components/towel/common/static_routing_ap.cc:135] [TOWEL][StaticRoutingAP::TryAddPendingRequest] provider not ready, store request and wait. method AhaNet::UpdateAhaNetAccessPolicy
[39202:39202:0705/000451.253336:INFO:aha/components/towel/common/static_routing_ap.cc:144] [TOWEL][StaticRoutingAP] start timeout checker
[39202:39202:0705/000451.260292:ERROR:electron/shell/browser/electron_browser_client.cc:1997] bind receiver for utility
[39202:39202:0705/000451.260304:INFO:aha/components/towel/embedder/master_binder.cc:52] [TOWEL]BindMasterInBrowser, ProcessType(2)
[39202:39202:0705/000451.260318:INFO:aha/components/towel/embedder/master_binder.cc:55] [TOWEL]BindMasterInBrowser, run in main thread, bind.
[39202:39202:0705/000451.260364:ERROR:electron/shell/browser/electron_browser_client.cc:1997] bind receiver for utility
[39202:39202:0705/000451.260369:INFO:aha/components/towel/embedder/master_binder.cc:52] [TOWEL]BindMasterInBrowser, ProcessType(2)
[39202:39202:0705/000451.260381:INFO:aha/components/towel/embedder/master_binder.cc:55] [TOWEL]BindMasterInBrowser, run in main thread, bind.
[39202:39202:0705/000451.261534:INFO:aha/components/towel/common/master_impl.cc:153] [TOWEL][MasterImpl::RegisterProvider] success AhaNet provider size now is 2
[39202:39225:0705/000451.261551:INFO:aha/components/towel/common/ap_impl.cc:406] [TOWEL][APImpl::OnProviderAdded] provider_name AhaNet, RoutingId(39202, 1599031798)
[39202:39225:0705/000451.261564:INFO:aha/components/monitor/monitor.cc:173] [Monitor] OnProviderConnected: OnProviderConnected, name: AhaNet
[39202:39225:0705/000451.261571:INFO:aha/components/towel/common/static_routing_ap.cc:181] [TOWEL][StaticRoutingAP::RunPendingRequestAndEvents] provider_name= AhaNet
[39202:39202:0705/000451.261584:INFO:aha/components/towel/common/master_impl.cc:153] [TOWEL][MasterImpl::RegisterProvider] success monitor provider size now is 3
[39202:39225:0705/000451.261590:INFO:aha/components/towel/common/ap_impl.cc:406] [TOWEL][APImpl::OnProviderAdded] provider_name monitor, RoutingId(39202, 1599031798)
[39202:39225:0705/000451.261597:INFO:aha/components/monitor/monitor.cc:173] [Monitor] OnProviderConnected: OnProviderConnected, name: monitor
[39202:39225:0705/000451.261603:INFO:aha/components/towel/common/static_routing_ap.cc:181] [TOWEL][StaticRoutingAP::RunPendingRequestAndEvents] provider_name= monitor
[39202:39225:0705/000451.261608:INFO:aha/components/towel/common/static_routing_ap.cc:217] [TOWEL][StaticRoutingAP::RunPendingRequestAndEvents] run pending requests, method= monitor::MONITOR_EVENT
[39202:39225:0705/000451.261625:INFO:aha/components/towel/common/static_routing_ap.cc:217] [TOWEL][StaticRoutingAP::RunPendingRequestAndEvents] run pending requests, method= monitor::MONITOR_EVENT
[39202:39225:0705/000451.261638:INFO:aha/components/towel/common/static_routing_ap.cc:217] [TOWEL][StaticRoutingAP::RunPendingRequestAndEvents] run pending requests, method= monitor::MONITOR_EVENT
[39202:39225:0705/000451.261647:INFO:aha/components/towel/common/static_routing_ap.cc:217] [TOWEL][StaticRoutingAP::RunPendingRequestAndEvents] run pending requests, method= monitor::MONITOR_EVENT
[39202:39225:0705/000451.261656:INFO:aha/components/towel/common/static_routing_ap.cc:217] [TOWEL][StaticRoutingAP::RunPendingRequestAndEvents] run pending requests, method= monitor::MONITOR_EVENT
[39202:39225:0705/000451.261666:INFO:aha/components/towel/common/static_routing_ap.cc:217] [TOWEL][StaticRoutingAP::RunPendingRequestAndEvents] run pending requests, method= monitor::MONITOR_EVENT
[39202:39225:0705/000451.261681:INFO:aha/components/towel/common/ap_impl.cc:530] [TOWEL][APImpl::OnGetProviderMetaInfo]: RoutingId(39202, 1599031798) provider AhaNet
[39202:39225:0705/000451.261687:INFO:aha/components/towel/common/ap_impl.cc:540] [TOWEL][APImpl::OnGetProviderMetaInfo] update meta info for AhaNet method_list is AhaNet::UpdateAhaNetAccessPolicy|AhaNet::UpdateTNCConfig|AhaNet::SetProxy|AhaNet::WsCreate|AhaNet::WsConnect|AhaNet::WsSend|AhaNet::WsDisconnect|AhaNet::WsDestroy, event_list is AhaNet::WsMessage|AhaNet::WsStatusChanged|AhaNet::WsError|AhaNet::TNCConfigUpdated
[39202:39225:0705/000451.261694:INFO:aha/components/towel/common/static_routing_ap.cc:181] [TOWEL][StaticRoutingAP::RunPendingRequestAndEvents] provider_name= AhaNet
[39202:39225:0705/000451.261704:INFO:aha/components/towel/common/ap_impl.cc:530] [TOWEL][APImpl::OnGetProviderMetaInfo]: RoutingId(39202, 1599031798) provider monitor
[39202:39225:0705/000451.261710:INFO:aha/components/towel/common/ap_impl.cc:540] [TOWEL][APImpl::OnGetProviderMetaInfo] update meta info for monitor method_list is monitor::MONITOR_EVENT|monitor::UPLOAD_LOGS|monitor::TOGGLE_LOGIFIER|monitor::REPORT_NETWORK_EVENT|monitor::REPORT_SLARDAR_WEB|monitor::REPORT_CPU_PROFILE|monitor::REPORT_SNAPSHOT|monitor::REPORT_CUSTOM_EXCEPTION, event_list is 
[39202:39225:0705/000451.261716:INFO:aha/components/towel/common/static_routing_ap.cc:181] [TOWEL][StaticRoutingAP::RunPendingRequestAndEvents] provider_name= monitor
[39202:39202:0705/000451.291104:INFO:aha/components/towel/common/ap_impl.cc:406] [TOWEL][APImpl::OnProviderAdded] provider_name AhaNet, RoutingId(39202, 758987640)
[39202:39202:0705/000451.291120:INFO:aha/components/towel/common/static_routing_ap.cc:181] [TOWEL][StaticRoutingAP::RunPendingRequestAndEvents] provider_name= AhaNet
[39202:39202:0705/000451.291137:INFO:aha/components/towel/common/ap_impl.cc:406] [TOWEL][APImpl::OnProviderAdded] provider_name AhaNet, RoutingId(39202, 1696485260)
[39202:39202:0705/000451.291143:INFO:aha/components/ipc/ipc_client.cc:172] [AhaIpc] provider connected, name: AhaNet
[39202:39202:0705/000451.291147:INFO:aha/components/towel/common/static_routing_ap.cc:181] [TOWEL][StaticRoutingAP::RunPendingRequestAndEvents] provider_name= AhaNet
[39202:39202:0705/000451.291159:INFO:aha/components/towel/common/ap_impl.cc:406] [TOWEL][APImpl::OnProviderAdded] provider_name AhaNet, RoutingId(39202, 1728920383)
[39202:39202:0705/000451.291164:INFO:aha/services/aha_net/aha_net_client_impl.cc:80] AhaNet provider connected
[39202:39202:0705/000451.291168:INFO:aha/services/aha_net/aha_net_client_impl.cc:82] listen to provider
[39202:39202:0705/000451.291173:WARNING:aha/components/towel/common/ap_impl.cc:220] [TOWEL][APImpl::ListensEvents] no provider for event AhaNet::TNCConfigUpdated
[39202:39202:0705/000451.291177:INFO:aha/components/towel/common/ap_impl.cc:594] [TOWEL][APImpl::ListensEvents] start, RoutingId(39202, 1728920383)
[39202:39202:0705/000451.291181:INFO:aha/components/towel/common/ap_impl.cc:596] [TOWEL][APImpl::ListensEvents] no pending_listen_requests_, do nothing
[39202:39202:0705/000451.291189:INFO:aha/components/towel/common/static_routing_ap.cc:171] [TOWEL][StaticRoutingAP::TryAddPendingEvents] provider not ready, store event and wait. event AhaNet::TNCConfigUpdated
[39202:39202:0705/000451.291197:INFO:aha/components/towel/common/static_routing_ap.cc:181] [TOWEL][StaticRoutingAP::RunPendingRequestAndEvents] provider_name= AhaNet
[39202:39202:0705/000451.291201:INFO:aha/components/towel/common/static_routing_ap.cc:195] [TOWEL][StaticRoutingAP::RunPendingEvents] run pending events, event_list is AhaNet::TNCConfigUpdated,AhaNet::TNCConfigUpdated
[39202:39202:0705/000451.291210:INFO:aha/components/towel/common/static_routing_ap.cc:217] [TOWEL][StaticRoutingAP::RunPendingRequestAndEvents] run pending requests, method= AhaNet::UpdateAhaNetAccessPolicy
[39202:39225:0705/000451.293328:INFO:aha/components/towel/common/static_routing_ap.cc:244] [TOWEL]run timeout checker
[39202:39225:0705/000451.293341:INFO:aha/components/towel/common/static_routing_ap.cc:267] [TOWEL]stop timeout checker
[39202:39202:0705/000451.301591:INFO:aha/components/towel/common/ap_impl.cc:406] [TOWEL][APImpl::OnProviderAdded] provider_name monitor, RoutingId(39202, 758987640)
[39202:39202:0705/000451.301603:INFO:aha/components/towel/common/static_routing_ap.cc:181] [TOWEL][StaticRoutingAP::RunPendingRequestAndEvents] provider_name= monitor
[39202:39202:0705/000451.301619:INFO:aha/components/towel/common/ap_impl.cc:406] [TOWEL][APImpl::OnProviderAdded] provider_name monitor, RoutingId(39202, 1696485260)
[39202:39202:0705/000451.301624:INFO:aha/components/ipc/ipc_client.cc:172] [AhaIpc] provider connected, name: monitor
[39202:39202:0705/000451.301628:INFO:aha/components/towel/common/static_routing_ap.cc:181] [TOWEL][StaticRoutingAP::RunPendingRequestAndEvents] provider_name= monitor
[39202:39202:0705/000451.301639:INFO:aha/components/towel/common/ap_impl.cc:530] [TOWEL][APImpl::OnGetProviderMetaInfo]: RoutingId(39202, 758987640) provider AhaNet
[39202:39202:0705/000451.301643:INFO:aha/components/towel/common/ap_impl.cc:540] [TOWEL][APImpl::OnGetProviderMetaInfo] update meta info for AhaNet method_list is AhaNet::UpdateAhaNetAccessPolicy|AhaNet::UpdateTNCConfig|AhaNet::SetProxy|AhaNet::WsCreate|AhaNet::WsConnect|AhaNet::WsSend|AhaNet::WsDisconnect|AhaNet::WsDestroy, event_list is AhaNet::WsMessage|AhaNet::WsStatusChanged|AhaNet::WsError|AhaNet::TNCConfigUpdated
[39202:39202:0705/000451.301659:INFO:aha/components/towel/common/static_routing_ap.cc:181] [TOWEL][StaticRoutingAP::RunPendingRequestAndEvents] provider_name= AhaNet
[39202:39202:0705/000451.301667:INFO:aha/components/towel/common/ap_impl.cc:530] [TOWEL][APImpl::OnGetProviderMetaInfo]: RoutingId(39202, 1696485260) provider AhaNet
[39202:39202:0705/000451.301671:INFO:aha/components/towel/common/ap_impl.cc:540] [TOWEL][APImpl::OnGetProviderMetaInfo] update meta info for AhaNet method_list is AhaNet::UpdateAhaNetAccessPolicy|AhaNet::UpdateTNCConfig|AhaNet::SetProxy|AhaNet::WsCreate|AhaNet::WsConnect|AhaNet::WsSend|AhaNet::WsDisconnect|AhaNet::WsDestroy, event_list is AhaNet::WsMessage|AhaNet::WsStatusChanged|AhaNet::WsError|AhaNet::TNCConfigUpdated
[39202:39202:0705/000451.301676:INFO:aha/components/towel/common/static_routing_ap.cc:181] [TOWEL][StaticRoutingAP::RunPendingRequestAndEvents] provider_name= AhaNet
[39202:39202:0705/000451.301684:INFO:aha/components/towel/common/ap_impl.cc:530] [TOWEL][APImpl::OnGetProviderMetaInfo]: RoutingId(39202, 1728920383) provider AhaNet
[39202:39202:0705/000451.301689:INFO:aha/components/towel/common/ap_impl.cc:540] [TOWEL][APImpl::OnGetProviderMetaInfo] update meta info for AhaNet method_list is AhaNet::UpdateAhaNetAccessPolicy|AhaNet::UpdateTNCConfig|AhaNet::SetProxy|AhaNet::WsCreate|AhaNet::WsConnect|AhaNet::WsSend|AhaNet::WsDisconnect|AhaNet::WsDestroy, event_list is AhaNet::WsMessage|AhaNet::WsStatusChanged|AhaNet::WsError|AhaNet::TNCConfigUpdated
[39202:39202:0705/000451.301693:INFO:aha/components/towel/common/static_routing_ap.cc:181] [TOWEL][StaticRoutingAP::RunPendingRequestAndEvents] provider_name= AhaNet
[39202:39202:0705/000451.301711:INFO:aha/components/towel/common/ap_impl.cc:406] [TOWEL][APImpl::OnProviderAdded] provider_name monitor, RoutingId(39202, 1728920383)
[39202:39202:0705/000451.301718:INFO:aha/components/towel/common/static_routing_ap.cc:181] [TOWEL][StaticRoutingAP::RunPendingRequestAndEvents] provider_name= monitor
[39202:39202:0705/000451.301732:INFO:aha/components/towel/common/master_impl.cc:78] [TOWEL][MasterImpl::BindAP] success for 1728920383
[39202:39202:0705/000451.305360:INFO:aha/components/towel/common/ap_impl.cc:530] [TOWEL][APImpl::OnGetProviderMetaInfo]: RoutingId(39202, 758987640) provider monitor
[39202:39202:0705/000451.305371:INFO:aha/components/towel/common/ap_impl.cc:540] [TOWEL][APImpl::OnGetProviderMetaInfo] update meta info for monitor method_list is monitor::MONITOR_EVENT|monitor::UPLOAD_LOGS|monitor::TOGGLE_LOGIFIER|monitor::REPORT_NETWORK_EVENT|monitor::REPORT_SLARDAR_WEB|monitor::REPORT_CPU_PROFILE|monitor::REPORT_SNAPSHOT|monitor::REPORT_CUSTOM_EXCEPTION, event_list is 
[39202:39202:0705/000451.305377:INFO:aha/components/towel/common/static_routing_ap.cc:181] [TOWEL][StaticRoutingAP::RunPendingRequestAndEvents] provider_name= monitor
[39202:39202:0705/000451.305384:INFO:aha/components/towel/common/ap_impl.cc:530] [TOWEL][APImpl::OnGetProviderMetaInfo]: RoutingId(39202, 1696485260) provider monitor
[39202:39202:0705/000451.305388:INFO:aha/components/towel/common/ap_impl.cc:540] [TOWEL][APImpl::OnGetProviderMetaInfo] update meta info for monitor method_list is monitor::MONITOR_EVENT|monitor::UPLOAD_LOGS|monitor::TOGGLE_LOGIFIER|monitor::REPORT_NETWORK_EVENT|monitor::REPORT_SLARDAR_WEB|monitor::REPORT_CPU_PROFILE|monitor::REPORT_SNAPSHOT|monitor::REPORT_CUSTOM_EXCEPTION, event_list is 
[39202:39202:0705/000451.305393:INFO:aha/components/towel/common/static_routing_ap.cc:181] [TOWEL][StaticRoutingAP::RunPendingRequestAndEvents] provider_name= monitor
[39202:39202:0705/000451.305416:INFO:aha/components/towel/common/ap_impl.cc:530] [TOWEL][APImpl::OnGetProviderMetaInfo]: RoutingId(39202, 1728920383) provider monitor
[39202:39202:0705/000451.305420:INFO:aha/components/towel/common/ap_impl.cc:540] [TOWEL][APImpl::OnGetProviderMetaInfo] update meta info for monitor method_list is monitor::MONITOR_EVENT|monitor::UPLOAD_LOGS|monitor::TOGGLE_LOGIFIER|monitor::REPORT_NETWORK_EVENT|monitor::REPORT_SLARDAR_WEB|monitor::REPORT_CPU_PROFILE|monitor::REPORT_SNAPSHOT|monitor::REPORT_CUSTOM_EXCEPTION, event_list is 
[39202:39202:0705/000451.305424:INFO:aha/components/towel/common/static_routing_ap.cc:181] [TOWEL][StaticRoutingAP::RunPendingRequestAndEvents] provider_name= monitor
[39202:39202:0705/000451.312745:INFO:aha/components/monitor/monitor.cc:159] [Monitor] SetDisableReport: SetDisableReport, disable_report: 0
[39205:39205:0705/000451.312783:INFO:third_party/crashpad/crashpad/handler/linux/crash_report_exception_handler.cc:344] [Crashpad] Append global param key: device_id
[39202:39202:0705/000451.312817:INFO:aha/components/monitor/monitor_service_instance_impl.cc:185] [MonitorService] UpdateConfig: UpdateConfig, device_id: 7649334840105879056, user_id: , tenant_id: 
[39205:39208:0705/000451.312855:INFO:aha/third_party/parfait/aha/parfait_client.cc:176] [Parfait] update ParfaitClient with config
	pft_version=1.3.0.0
	user_id=
	device_id=7649334840105879056
	session_id=
	data_report_url=https://pcmon-boot.trae.ai/monitor_pc/collect/api/pc_log
	crash_report_url=https://pcmon-boot.trae.ai/monitor_pc/collect/api/pc_crash
	gwpasan_report_url=https://pcmon-boot.trae.ai/monitor_pc/collect/api/pc_gwpasan
	block_report_url=https://pcmon-boot.trae.ai/monitor_pc/collect/api/pc_jank
	matrix_report_url=https://pcmon-boot.trae.ai/monitor_pc/collect/api/pc_matrix
	cpu_profile_report_url=https://pcmon-boot.trae.ai/monitor_pc/collect/file/pc_cpu_profile
	custom_exception_report_url=https://pcmon-boot.trae.ai/monitor_pc/collect/file/pc_custom_exception
	snapshot_report_url=https://pcmon-boot.trae.ai/monitor_pc/collect/file/pc_snapshot
	settings_url=
	tenant_id=
[39205:39205:0705/000451.312884:INFO:third_party/crashpad/crashpad/handler/linux/crash_report_exception_handler.cc:344] [Crashpad] Append global param key: machineId
[39205:39205:0705/000451.312921:INFO:third_party/crashpad/crashpad/handler/linux/crash_report_exception_handler.cc:344] [Crashpad] Append global param key: release
[39205:39205:0705/000451.312965:INFO:third_party/crashpad/crashpad/handler/linux/crash_report_exception_handler.cc:344] [Crashpad] Append global param key: hostname
[39205:39205:0705/000451.312997:INFO:third_party/crashpad/crashpad/handler/linux/crash_report_exception_handler.cc:344] [Crashpad] Append global param key: memory
[39205:39205:0705/000451.313021:INFO:third_party/crashpad/crashpad/handler/linux/crash_report_exception_handler.cc:344] [Crashpad] Append global param key: cpu
[39205:39205:0705/000451.313044:INFO:third_party/crashpad/crashpad/handler/linux/crash_report_exception_handler.cc:344] [Crashpad] Append global param key: memoryUsagePercentage
[39205:39205:0705/000451.313064:INFO:third_party/crashpad/crashpad/handler/linux/crash_report_exception_handler.cc:344] [Crashpad] Append global param key: usage
[39205:39205:0705/000451.313196:INFO:third_party/crashpad/crashpad/handler/linux/crash_report_exception_handler.cc:344] [Crashpad] Append global param key: region
[39202:39202:0705/000451.313486:INFO:aha/components/towel/embedder/master_binder.cc:60] [TOWEL]BindMasterInAnyProcess, ProcessType(2)
[39202:39202:0705/000451.313498:INFO:aha/components/towel/embedder/master_binder.cc:52] [TOWEL]BindMasterInBrowser, ProcessType(2)
[39202:39202:0705/000451.313509:INFO:aha/components/towel/embedder/master_binder.cc:55] [TOWEL]BindMasterInBrowser, run in main thread, bind.
[39202:39202:0705/000451.313532:INFO:aha/components/towel/public/provider.cc:76] [TOWEL][Provider::Mount] mount provider, name= trae-config-channel, force_reset=0
[39202:39202:0705/000451.314657:INFO:aha/components/ipc/ipc_client.cc:36] [AhaIpc] create socket, server: ai-agent, channel_id: c60de34b-f424-428b-af5e-859ee7733796
[39202:39202:0705/000451.314669:INFO:aha/components/ipc/ipc_client.cc:41] [AhaIpc] listen to server first time, server=ai-agent
[39202:39202:0705/000451.314675:WARNING:aha/components/towel/common/ap_impl.cc:220] [TOWEL][APImpl::ListensEvents] no provider for event ai-agent::PUSH_PACKET
[39202:39202:0705/000451.314679:INFO:aha/components/towel/common/ap_impl.cc:594] [TOWEL][APImpl::ListensEvents] start, RoutingId(39202, 1696485260)
[39202:39202:0705/000451.314683:INFO:aha/components/towel/common/ap_impl.cc:596] [TOWEL][APImpl::ListensEvents] no pending_listen_requests_, do nothing
[39202:39202:0705/000451.314688:INFO:aha/components/towel/common/static_routing_ap.cc:171] [TOWEL][StaticRoutingAP::TryAddPendingEvents] provider not ready, store event and wait. event ai-agent::PUSH_PACKET
[39202:39202:0705/000451.314697:INFO:aha/components/towel/common/static_routing_ap.cc:135] [TOWEL][StaticRoutingAP::TryAddPendingRequest] provider not ready, store request and wait. method ai-agent::SEND
[39202:39202:0705/000451.314702:INFO:aha/components/towel/common/static_routing_ap.cc:144] [TOWEL][StaticRoutingAP] start timeout checker
[39202:39202:0705/000451.319132:INFO:aha/components/perf/system_monitor/perf_system_monitor.cc:68] PerfSystemMonitor::Start 0x23ac003976c8, interval 15 s
[39202:39202:0705/000451.319157:INFO:aha/components/perf/perf_abnormal_observer.cc:545] [PerfAbnormal] GetInstance, 
[39202:39202:0705/000451.319163:INFO:aha/electron/shell/browser/api/electron_api_aha_system_monitor.cc:77] [AhaSystemMonitor] MonitorAbnormal
[39202:39202:0705/000451.336357:ERROR:aha/components/basil/core/native_extension_manager_impl.cc:51] [Basil][Basil] no extension found, name=ai
[39202:39202:0705/000451.336811:INFO:aha/components/basil/core/native_extension_impl.cc:105] [Basil]native_extension created, name=ai
[39202:39202:0705/000451.336823:INFO:aha/components/basil/core/native_extension_impl.cc:130] [Basil]launch native extension process start, name=ai
[39202:39202:0705/000451.336831:INFO:content/public/browser/service_process_host.cc:108] vscode_crash_reporter_process_type: is ai
[39202:39202:0705/000451.339125:ERROR:aha/components/basil/core/native_extension_manager_impl.cc:51] [Basil][Basil] no extension found, name=ckg
[39202:39202:0705/000451.339162:INFO:aha/components/basil/core/native_extension_impl.cc:105] [Basil]native_extension created, name=ckg
[39202:39202:0705/000451.339173:INFO:aha/components/basil/core/native_extension_impl.cc:130] [Basil]launch native extension process start, name=ckg
[39202:39202:0705/000451.339179:INFO:content/public/browser/service_process_host.cc:108] vscode_crash_reporter_process_type: is ckg
[39202:39202:0705/000451.341143:INFO:content/public/browser/service_process_host.cc:108] vscode_crash_reporter_process_type: is ai-server
[39202:39202:0705/000451.342959:INFO:aha/components/ipc/ipc_client.cc:36] [AhaIpc] create socket, server: cueServer, channel_id: 124f5d25-8095-4083-bc7f-d2ce46448104
[39202:39202:0705/000451.342972:INFO:aha/components/ipc/ipc_client.cc:41] [AhaIpc] listen to server first time, server=cueServer
[39202:39202:0705/000451.342981:WARNING:aha/components/towel/common/ap_impl.cc:220] [TOWEL][APImpl::ListensEvents] no provider for event cueServer::PUSH_PACKET
[39202:39202:0705/000451.342988:INFO:aha/components/towel/common/ap_impl.cc:594] [TOWEL][APImpl::ListensEvents] start, RoutingId(39202, 1696485260)
[39202:39202:0705/000451.342993:INFO:aha/components/towel/common/ap_impl.cc:596] [TOWEL][APImpl::ListensEvents] no pending_listen_requests_, do nothing
[39202:39202:0705/000451.343003:INFO:aha/components/towel/common/static_routing_ap.cc:171] [TOWEL][StaticRoutingAP::TryAddPendingEvents] provider not ready, store event and wait. event cueServer::PUSH_PACKET
[39202:39202:0705/000451.343019:INFO:aha/components/towel/common/static_routing_ap.cc:135] [TOWEL][StaticRoutingAP::TryAddPendingRequest] provider not ready, store request and wait. method cueServer::SEND
[39202:39202:0705/000451.343296:INFO:aha/components/towel/common/static_routing_ap.cc:135] [TOWEL][StaticRoutingAP::TryAddPendingRequest] provider not ready, store request and wait. method ai-agent::SEND
[39202:39202:0705/000451.343452:INFO:aha/components/towel/common/static_routing_ap.cc:135] [TOWEL][StaticRoutingAP::TryAddPendingRequest] provider not ready, store request and wait. method cueServer::SEND
[39202:39202:0705/000451.345154:INFO:aha/components/towel/common/master_impl.cc:153] [TOWEL][MasterImpl::RegisterProvider] success trae-config-channel provider size now is 4
[39202:39225:0705/000451.345185:INFO:aha/components/towel/common/ap_impl.cc:406] [TOWEL][APImpl::OnProviderAdded] provider_name trae-config-channel, RoutingId(39202, 1599031798)
[39202:39225:0705/000451.345198:INFO:aha/components/monitor/monitor.cc:173] [Monitor] OnProviderConnected: OnProviderConnected, name: trae-config-channel
[39202:39225:0705/000451.345203:INFO:aha/components/towel/common/static_routing_ap.cc:181] [TOWEL][StaticRoutingAP::RunPendingRequestAndEvents] provider_name= trae-config-channel
[39202:39202:0705/000451.345534:INFO:aha/components/basil/core/native_extension_impl.cc:212] [Basil]process launched, name=ai, pid=39323
[39202:39202:0705/000451.345716:INFO:aha/components/process_observer/aha_process_observer.cc:45] [process observer][process launched] type is:ai, pid is:39323
[39202:39225:0705/000451.345743:INFO:aha/components/perf/process/process_type_provider.cc:105] [ProcessTypeProvider] AddProcessOnTaskRunner, pid 39323, type ai
[39202:39202:0705/000451.345752:INFO:aha/components/perf/perf_manager_base.cc:448] [perf manager][function = AddProcess] add process:39323
[39202:39202:0705/000451.345795:INFO:aha/components/perf/collector/perf_collector_base.cc:29] [perf collector][function=ShouldCollectProcess] AddProcess pid:39323 cmd:/proc/self/exe --type=utility --utility-sub-type=basil.mojom.NativeExtensionService --lang=zh-CN --service-sandbox-type=none --render-node-override=/dev/dri/renderD129 --vscode-crash-reporter-process-type=ai --crashpad-handler-pid=39205 --enable-crash-reporter=cf0573c6-7444-4116-be82-e562a048b8e6,no_channel --user-data-dir=/home/eternity/.config/Trae --standard-schemes=vscode-webview,vscode-file --enable-sandbox --secure-schemes=vscode-webview,vscode-file --cors-schemes=vscode-webview,vscode-file --fetch-schemes=vscode-webview,vscode-file --service-worker-schemes=vscode-webview --code-cache-schemes=vscode-webview,vscode-file --shared-files=v8_context_snapshot_data:100 --field-trial-handle=3,i,2370827577125691552,7058806249113729252,262144 --enable-features=DocumentPolicyIncludeJSCallStacksInCrashReports,EarlyEstablishGpuChannel,EstablishGpuChannelAsync,PdfUseShowSaveFilePicker --disable-features=CalculateNativeWinOcclusion,LocalNetworkAccessChecks,ScreenAIOCREnabled,SpareRendererForSitePerProcess,TraceSiteInstanceGetProcessCreation --variations-seed-version --trace-process-track-uuid=3190708990997080739
[39202:39202:0705/000451.345823:INFO:aha/components/perf/collector/perf_collector_base.cc:29] [perf collector][function=ShouldCollectProcess] AddProcess pid:39323 cmd:/proc/self/exe --type=utility --utility-sub-type=basil.mojom.NativeExtensionService --lang=zh-CN --service-sandbox-type=none --render-node-override=/dev/dri/renderD129 --vscode-crash-reporter-process-type=ai --crashpad-handler-pid=39205 --enable-crash-reporter=cf0573c6-7444-4116-be82-e562a048b8e6,no_channel --user-data-dir=/home/eternity/.config/Trae --standard-schemes=vscode-webview,vscode-file --enable-sandbox --secure-schemes=vscode-webview,vscode-file --cors-schemes=vscode-webview,vscode-file --fetch-schemes=vscode-webview,vscode-file --service-worker-schemes=vscode-webview --code-cache-schemes=vscode-webview,vscode-file --shared-files=v8_context_snapshot_data:100 --field-trial-handle=3,i,2370827577125691552,7058806249113729252,262144 --enable-features=DocumentPolicyIncludeJSCallStacksInCrashReports,EarlyEstablishGpuChannel,EstablishGpuChannelAsync,PdfUseShowSaveFilePicker --disable-features=CalculateNativeWinOcclusion,LocalNetworkAccessChecks,ScreenAIOCREnabled,SpareRendererForSitePerProcess,TraceSiteInstanceGetProcessCreation --variations-seed-version --trace-process-track-uuid=3190708990997080739
[39202:39202:0705/000451.345847:INFO:aha/components/perf/collector/perf_collector_base.cc:29] [perf collector][function=ShouldCollectProcess] AddProcess pid:39323 cmd:/proc/self/exe --type=utility --utility-sub-type=basil.mojom.NativeExtensionService --lang=zh-CN --service-sandbox-type=none --render-node-override=/dev/dri/renderD129 --vscode-crash-reporter-process-type=ai --crashpad-handler-pid=39205 --enable-crash-reporter=cf0573c6-7444-4116-be82-e562a048b8e6,no_channel --user-data-dir=/home/eternity/.config/Trae --standard-schemes=vscode-webview,vscode-file --enable-sandbox --secure-schemes=vscode-webview,vscode-file --cors-schemes=vscode-webview,vscode-file --fetch-schemes=vscode-webview,vscode-file --service-worker-schemes=vscode-webview --code-cache-schemes=vscode-webview,vscode-file --shared-files=v8_context_snapshot_data:100 --field-trial-handle=3,i,2370827577125691552,7058806249113729252,262144 --enable-features=DocumentPolicyIncludeJSCallStacksInCrashReports,EarlyEstablishGpuChannel,EstablishGpuChannelAsync,PdfUseShowSaveFilePicker --disable-features=CalculateNativeWinOcclusion,LocalNetworkAccessChecks,ScreenAIOCREnabled,SpareRendererForSitePerProcess,TraceSiteInstanceGetProcessCreation --variations-seed-version --trace-process-track-uuid=3190708990997080739
[39202:39202:0705/000451.345889:INFO:aha/components/basil/core/native_extension_impl.cc:212] [Basil]process launched, name=ckg, pid=39324
[39202:39202:0705/000451.345978:INFO:aha/electron/shell/browser/api/electron_api_aha_reporter.cc:305] setPerfContextForProcess enableCkgAhaRequest true

[39202:39202:0705/000451.345992:INFO:aha/components/perf/perf_custom_param_manager.cc:25] Add custom category param enableCkgAhaRequest = true
 for process 39324
[39202:39202:0705/000451.346043:INFO:aha/components/process_observer/aha_process_observer.cc:45] [process observer][process launched] type is:ckg, pid is:39324
[39202:39225:0705/000451.346059:INFO:aha/components/perf/process/process_type_provider.cc:105] [ProcessTypeProvider] AddProcessOnTaskRunner, pid 39324, type ckg
[39202:39202:0705/000451.346062:INFO:aha/components/perf/perf_manager_base.cc:448] [perf manager][function = AddProcess] add process:39324
[39202:39202:0705/000451.346102:INFO:aha/components/perf/collector/perf_collector_base.cc:29] [perf collector][function=ShouldCollectProcess] AddProcess pid:39324 cmd:/proc/self/exe --type=utility --utility-sub-type=basil.mojom.NativeExtensionService --lang=zh-CN --service-sandbox-type=none --render-node-override=/dev/dri/renderD129 --vscode-crash-reporter-process-type=ckg --crashpad-handler-pid=39205 --enable-crash-reporter=cf0573c6-7444-4116-be82-e562a048b8e6,no_channel --user-data-dir=/home/eternity/.config/Trae --standard-schemes=vscode-webview,vscode-file --enable-sandbox --secure-schemes=vscode-webview,vscode-file --cors-schemes=vscode-webview,vscode-file --fetch-schemes=vscode-webview,vscode-file --service-worker-schemes=vscode-webview --code-cache-schemes=vscode-webview,vscode-file --shared-files=v8_context_snapshot_data:100 --field-trial-handle=3,i,2370827577125691552,7058806249113729252,262144 --enable-features=DocumentPolicyIncludeJSCallStacksInCrashReports,EarlyEstablishGpuChannel,EstablishGpuChannelAsync,PdfUseShowSaveFilePicker --disable-features=CalculateNativeWinOcclusion,LocalNetworkAccessChecks,ScreenAIOCREnabled,SpareRendererForSitePerProcess,TraceSiteInstanceGetProcessCreation --variations-seed-version --trace-process-track-uuid=3190708991934122588
[39202:39202:0705/000451.346116:INFO:aha/components/perf/collector/perf_collector_base.cc:29] [perf collector][function=ShouldCollectProcess] AddProcess pid:39324 cmd:/proc/self/exe --type=utility --utility-sub-type=basil.mojom.NativeExtensionService --lang=zh-CN --service-sandbox-type=none --render-node-override=/dev/dri/renderD129 --vscode-crash-reporter-process-type=ckg --crashpad-handler-pid=39205 --enable-crash-reporter=cf0573c6-7444-4116-be82-e562a048b8e6,no_channel --user-data-dir=/home/eternity/.config/Trae --standard-schemes=vscode-webview,vscode-file --enable-sandbox --secure-schemes=vscode-webview,vscode-file --cors-schemes=vscode-webview,vscode-file --fetch-schemes=vscode-webview,vscode-file --service-worker-schemes=vscode-webview --code-cache-schemes=vscode-webview,vscode-file --shared-files=v8_context_snapshot_data:100 --field-trial-handle=3,i,2370827577125691552,7058806249113729252,262144 --enable-features=DocumentPolicyIncludeJSCallStacksInCrashReports,EarlyEstablishGpuChannel,EstablishGpuChannelAsync,PdfUseShowSaveFilePicker --disable-features=CalculateNativeWinOcclusion,LocalNetworkAccessChecks,ScreenAIOCREnabled,SpareRendererForSitePerProcess,TraceSiteInstanceGetProcessCreation --variations-seed-version --trace-process-track-uuid=3190708991934122588
[39202:39202:0705/000451.346128:INFO:aha/components/perf/collector/perf_collector_base.cc:29] [perf collector][function=ShouldCollectProcess] AddProcess pid:39324 cmd:/proc/self/exe --type=utility --utility-sub-type=basil.mojom.NativeExtensionService --lang=zh-CN --service-sandbox-type=none --render-node-override=/dev/dri/renderD129 --vscode-crash-reporter-process-type=ckg --crashpad-handler-pid=39205 --enable-crash-reporter=cf0573c6-7444-4116-be82-e562a048b8e6,no_channel --user-data-dir=/home/eternity/.config/Trae --standard-schemes=vscode-webview,vscode-file --enable-sandbox --secure-schemes=vscode-webview,vscode-file --cors-schemes=vscode-webview,vscode-file --fetch-schemes=vscode-webview,vscode-file --service-worker-schemes=vscode-webview --code-cache-schemes=vscode-webview,vscode-file --shared-files=v8_context_snapshot_data:100 --field-trial-handle=3,i,2370827577125691552,7058806249113729252,262144 --enable-features=DocumentPolicyIncludeJSCallStacksInCrashReports,EarlyEstablishGpuChannel,EstablishGpuChannelAsync,PdfUseShowSaveFilePicker --disable-features=CalculateNativeWinOcclusion,LocalNetworkAccessChecks,ScreenAIOCREnabled,SpareRendererForSitePerProcess,TraceSiteInstanceGetProcessCreation --variations-seed-version --trace-process-track-uuid=3190708991934122588
[39202:39202:0705/000451.346479:INFO:aha/electron/shell/browser/api/electron_api_aha_reporter.cc:305] setPerfContextForProcess isSingletonCueServer true

[39202:39202:0705/000451.346492:INFO:aha/components/perf/perf_custom_param_manager.cc:25] Add custom category param isSingletonCueServer = true
 for process 39325
[39202:39202:0705/000451.346541:INFO:aha/components/process_observer/aha_process_observer.cc:45] [process observer][process launched] type is:ai-server, pid is:39325
[39202:39225:0705/000451.346557:INFO:aha/components/perf/process/process_type_provider.cc:105] [ProcessTypeProvider] AddProcessOnTaskRunner, pid 39325, type ai-server
[39202:39202:0705/000451.346559:INFO:aha/components/perf/perf_manager_base.cc:448] [perf manager][function = AddProcess] add process:39325
[39202:39202:0705/000451.346597:INFO:aha/components/perf/collector/perf_collector_base.cc:29] [perf collector][function=ShouldCollectProcess] AddProcess pid:39325 cmd:/proc/self/exe --type=utility --utility-sub-type=node.mojom.NodeService --lang=zh-CN --service-sandbox-type=none --render-node-override=/dev/dri/renderD129 --vscode-crash-reporter-process-type=ai-server --crashpad-handler-pid=39205 --enable-crash-reporter=cf0573c6-7444-4116-be82-e562a048b8e6,no_channel --user-data-dir=/home/eternity/.config/Trae --standard-schemes=vscode-webview,vscode-file --enable-sandbox --secure-schemes=vscode-webview,vscode-file --cors-schemes=vscode-webview,vscode-file --fetch-schemes=vscode-webview,vscode-file --service-worker-schemes=vscode-webview --code-cache-schemes=vscode-webview,vscode-file --shared-files=v8_context_snapshot_data:100 --field-trial-handle=3,i,2370827577125691552,7058806249113729252,262144 --enable-features=DocumentPolicyIncludeJSCallStacksInCrashReports,EarlyEstablishGpuChannel,EstablishGpuChannelAsync,PdfUseShowSaveFilePicker --disable-features=CalculateNativeWinOcclusion,LocalNetworkAccessChecks,ScreenAIOCREnabled,SpareRendererForSitePerProcess,TraceSiteInstanceGetProcessCreation --variations-seed-version --trace-process-track-uuid=3190708992871164437
[39202:39202:0705/000451.346613:INFO:aha/components/perf/collector/perf_collector_base.cc:29] [perf collector][function=ShouldCollectProcess] AddProcess pid:39325 cmd:/proc/self/exe --type=utility --utility-sub-type=node.mojom.NodeService --lang=zh-CN --service-sandbox-type=none --render-node-override=/dev/dri/renderD129 --vscode-crash-reporter-process-type=ai-server --crashpad-handler-pid=39205 --enable-crash-reporter=cf0573c6-7444-4116-be82-e562a048b8e6,no_channel --user-data-dir=/home/eternity/.config/Trae --standard-schemes=vscode-webview,vscode-file --enable-sandbox --secure-schemes=vscode-webview,vscode-file --cors-schemes=vscode-webview,vscode-file --fetch-schemes=vscode-webview,vscode-file --service-worker-schemes=vscode-webview --code-cache-schemes=vscode-webview,vscode-file --shared-files=v8_context_snapshot_data:100 --field-trial-handle=3,i,2370827577125691552,7058806249113729252,262144 --enable-features=DocumentPolicyIncludeJSCallStacksInCrashReports,EarlyEstablishGpuChannel,EstablishGpuChannelAsync,PdfUseShowSaveFilePicker --disable-features=CalculateNativeWinOcclusion,LocalNetworkAccessChecks,ScreenAIOCREnabled,SpareRendererForSitePerProcess,TraceSiteInstanceGetProcessCreation --variations-seed-version --trace-process-track-uuid=3190708992871164437
[39202:39202:0705/000451.346625:INFO:aha/components/perf/collector/perf_collector_base.cc:29] [perf collector][function=ShouldCollectProcess] AddProcess pid:39325 cmd:/proc/self/exe --type=utility --utility-sub-type=node.mojom.NodeService --lang=zh-CN --service-sandbox-type=none --render-node-override=/dev/dri/renderD129 --vscode-crash-reporter-process-type=ai-server --crashpad-handler-pid=39205 --enable-crash-reporter=cf0573c6-7444-4116-be82-e562a048b8e6,no_channel --user-data-dir=/home/eternity/.config/Trae --standard-schemes=vscode-webview,vscode-file --enable-sandbox --secure-schemes=vscode-webview,vscode-file --cors-schemes=vscode-webview,vscode-file --fetch-schemes=vscode-webview,vscode-file --service-worker-schemes=vscode-webview --code-cache-schemes=vscode-webview,vscode-file --shared-files=v8_context_snapshot_data:100 --field-trial-handle=3,i,2370827577125691552,7058806249113729252,262144 --enable-features=DocumentPolicyIncludeJSCallStacksInCrashReports,EarlyEstablishGpuChannel,EstablishGpuChannelAsync,PdfUseShowSaveFilePicker --disable-features=CalculateNativeWinOcclusion,LocalNetworkAccessChecks,ScreenAIOCREnabled,SpareRendererForSitePerProcess,TraceSiteInstanceGetProcessCreation --variations-seed-version --trace-process-track-uuid=3190708992871164437
[39202:39202:0705/000451.355536:WARNING:ui/ozone/platform/wayland/host/wayland_surface.cc:170] Server doesn't support zcr_alpha_compositing_v1.
[39202:39202:0705/000451.355556:WARNING:ui/ozone/platform/wayland/host/wayland_surface.cc:185] Server doesn't support overlay_prioritizer.
[39202:39202:0705/000451.355560:WARNING:ui/ozone/platform/wayland/host/wayland_surface.cc:200] Server doesn't support wp_content_type_v1
[39202:39202:0705/000451.355565:WARNING:ui/ozone/platform/wayland/host/wayland_surface.cc:214] Server doesn't support wp_color_management_surface_v1.
[39202:39202:0705/000451.361410:INFO:aha/components/metrics/metrics_base.cc:52] [startup] metric: createBrowserWindow, start
[39202:39202:0705/000451.361632:INFO:electron/shell/browser/api/electron_api_web_contents.cc:795] Create WebContents, this: 0x23ac0033f080, uuid: 
[39202:39202:0705/000451.362148:INFO:aha/content/public/browser/renderer_jank/aha_infra_render_block_detector.cc:88] [renderer block] AhaInfraRenderBlockDetector is created and set up!
[39202:39202:0705/000451.370309:INFO:aha/components/metrics/metrics_base.cc:64] [startup] metric: createBrowserWindow, end, latency: 9ms
[39202:39202:0705/000451.373592:INFO:components/viz/client/frame_evictor.cc:49] blank paint: FrameEvictor::SetVisible 0 -> 0, has_surface=0
[39202:39202:0705/000451.374283:INFO:content/browser/renderer_host/render_widget_host_view_aura.cc:590] blank paint: ShowImpl called, is_hidden=1, disable_hidden=0, visibility=0
[39202:39202:0705/000451.374305:INFO:content/browser/renderer_host/render_widget_host_view_base.cc:890] blank paint: OnShowWithPageVisibility called, is_hidden=1, disable_hidden=0, web_contents_is_visible=1
[39202:39202:0705/000451.374312:INFO:content/browser/renderer_host/render_widget_host_view_aura.cc:635] blank paint: NotifyHostAndDelegateOnWasShown called, FrameEvictor will be set visible
[39202:39202:0705/000451.374325:INFO:content/browser/renderer_host/delegated_frame_host.cc:98] blank paint: WasShown
[39202:39202:0705/000451.374330:INFO:components/viz/client/frame_evictor.cc:49] blank paint: FrameEvictor::SetVisible 0 -> 1, has_surface=0
[39202:39202:0705/000451.375992:INFO:aha/components/page_load_metrics/observers/page_load_metrics_observer.cc:133] [page_load_metrics][traceId-] this:0x23ac0000ee00, AhaPageLoadMetricsObserver::ctor
[39202:39202:0705/000451.376005:INFO:aha/components/page_load_metrics/observers/page_load_metrics_observer.cc:187] [page_load_metrics][traceId-] this:0x23ac0000ee00, OnStart: is_same_document:0, started_in_foreground:1
[39202:39202:0705/000451.376016:INFO:aha/components/page_load_metrics/observers/page_load_metrics_observer.cc:224] [page_load_metrics][traceId-] this:0x23ac0000ee00, TryRegisterWidgetObserver: widget:0x23ac0000cd00, visible:1, minimized:0, web_contents_visible:1
[39202:39202:0705/000451.383824:INFO:aha/components/towel/common/ap_impl.cc:406] [TOWEL][APImpl::OnProviderAdded] provider_name trae-config-channel, RoutingId(39202, 758987640)
[39202:39202:0705/000451.383841:INFO:aha/components/towel/common/static_routing_ap.cc:181] [TOWEL][StaticRoutingAP::RunPendingRequestAndEvents] provider_name= trae-config-channel
[39202:39202:0705/000451.383872:INFO:aha/components/towel/common/ap_impl.cc:406] [TOWEL][APImpl::OnProviderAdded] provider_name trae-config-channel, RoutingId(39202, 1696485260)
[39202:39202:0705/000451.383878:INFO:aha/components/ipc/ipc_client.cc:172] [AhaIpc] provider connected, name: trae-config-channel
[39202:39202:0705/000451.383883:INFO:aha/components/towel/common/static_routing_ap.cc:181] [TOWEL][StaticRoutingAP::RunPendingRequestAndEvents] provider_name= trae-config-channel
[39202:39202:0705/000451.383910:INFO:aha/components/towel/common/ap_impl.cc:406] [TOWEL][APImpl::OnProviderAdded] provider_name trae-config-channel, RoutingId(39202, 1728920383)
[39202:39202:0705/000451.383918:INFO:aha/components/towel/common/static_routing_ap.cc:181] [TOWEL][StaticRoutingAP::RunPendingRequestAndEvents] provider_name= trae-config-channel
[39202:39202:0705/000451.384157:ERROR:aha/components/basil/core/native_extension_impl.cc:259] [Basil]process crashed, name=ckg, code=256
[39202:39202:0705/000451.384168:INFO:aha/components/basil/core/native_extension_impl.cc:266] [Basil]HandleTermination, exit_code=256
[39202:39202:0705/000451.384605:INFO:aha/components/basil/core/native_extension_manager_impl.cc:96] [Basil]release native_extension, name=ckg
[39202:39202:0705/000451.384672:ERROR:aha/components/process_observer/aha_process_observer.cc:72] [process observer][process gone] type is: ckg, pid is: 39324, status is: 1, exit code is: 256, run time is: -1, is sandbox: 1
[39202:39225:0705/000451.384694:INFO:aha/components/perf/process/process_type_provider.cc:111] [ProcessTypeProvider] RemoveProcessOnTaskRunner, pid 39324
[39202:39202:0705/000451.384705:INFO:aha/components/perf/perf_manager_base.cc:509] [perf manager][function = RemoveProcess] remove exited process:39324
[39202:39202:0705/000451.385094:INFO:aha/components/process_observer/aha_child_process_observer.cc:56] [process observer]RenderProcess Launched, type = renderer, category = -1
[39202:39202:0705/000451.385104:INFO:aha/components/process_observer/aha_process_observer.cc:45] [process observer][process launched] type is:renderer, pid is:39347
[39202:39225:0705/000451.385120:INFO:aha/components/perf/process/process_type_provider.cc:105] [ProcessTypeProvider] AddProcessOnTaskRunner, pid 39347, type renderer
[39202:39202:0705/000451.385121:INFO:aha/components/perf/perf_manager_base.cc:448] [perf manager][function = AddProcess] add process:39347
[39202:39202:0705/000451.385159:INFO:aha/components/perf/collector/perf_collector_base.cc:29] [perf collector][function=ShouldCollectProcess] AddProcess pid:39347 cmd:/usr/share/trae/trae --type=zygote --crashpad-handler-pid=39205
[39202:39202:0705/000451.385172:INFO:aha/components/perf/collector/perf_collector_base.cc:29] [perf collector][function=ShouldCollectProcess] AddProcess pid:39347 cmd:/usr/share/trae/trae --type=zygote --crashpad-handler-pid=39205
[39202:39202:0705/000451.385182:INFO:aha/components/perf/collector/perf_collector_base.cc:29] [perf collector][function=ShouldCollectProcess] AddProcess pid:39347 cmd:/usr/share/trae/trae --type=zygote --crashpad-handler-pid=39205
[39202:39202:0705/000451.392155:INFO:aha/components/towel/common/static_routing_ap.cc:244] [TOWEL]run timeout checker
[39202:39202:0705/000451.392172:INFO:aha/components/towel/common/static_routing_ap.cc:267] [TOWEL]stop timeout checker
[39202:39202:0705/000451.404690:INFO:aha/components/towel/common/static_routing_ap.cc:135] [TOWEL][StaticRoutingAP::TryAddPendingRequest] provider not ready, store request and wait. method ai-agent::SEND
[39202:39202:0705/000451.405060:ERROR:aha/components/basil/core/native_extension_manager_impl.cc:51] [Basil][Basil] no extension found, name=ckg
[39202:39202:0705/000451.405086:INFO:aha/components/basil/core/native_extension_impl.cc:105] [Basil]native_extension created, name=ckg
[39202:39202:0705/000451.405096:INFO:aha/components/basil/core/native_extension_impl.cc:130] [Basil]launch native extension process start, name=ckg
[39202:39202:0705/000451.405103:INFO:content/public/browser/service_process_host.cc:108] vscode_crash_reporter_process_type: is ckg
[39202:39202:0705/000451.407654:INFO:aha/components/towel/public/provider.cc:196] [TOWEL][Provider::GetMetaInfo] provider trae-config-channel, method_size is 1 method_list is trae-config-channel::SEND
[39202:39202:0705/000451.412689:INFO:aha/components/basil/core/native_extension_impl.cc:212] [Basil]process launched, name=ckg, pid=39366
[39202:39202:0705/000451.412759:INFO:aha/electron/shell/browser/api/electron_api_aha_reporter.cc:305] setPerfContextForProcess enableCkgAhaRequest true

[39202:39202:0705/000451.412770:INFO:aha/components/perf/perf_custom_param_manager.cc:25] Add custom category param enableCkgAhaRequest = true
 for process 39366
[39202:39202:0705/000451.412822:INFO:aha/components/process_observer/aha_process_observer.cc:45] [process observer][process launched] type is:ckg, pid is:39366
[39202:39225:0705/000451.412850:INFO:aha/components/perf/process/process_type_provider.cc:105] [ProcessTypeProvider] AddProcessOnTaskRunner, pid 39366, type ckg
[39202:39202:0705/000451.412871:INFO:aha/components/perf/perf_manager_base.cc:448] [perf manager][function = AddProcess] add process:39366
[39202:39202:0705/000451.412902:INFO:aha/components/perf/collector/perf_collector_base.cc:29] [perf collector][function=ShouldCollectProcess] AddProcess pid:39366 cmd:
[39202:39202:0705/000451.412914:INFO:aha/components/perf/collector/perf_collector_base.cc:29] [perf collector][function=ShouldCollectProcess] AddProcess pid:39366 cmd:
[39202:39202:0705/000451.412926:INFO:aha/components/perf/collector/perf_collector_base.cc:29] [perf collector][function=ShouldCollectProcess] AddProcess pid:39366 cmd:
[39202:39202:0705/000451.412993:INFO:aha/components/towel/public/provider.cc:196] [TOWEL][Provider::GetMetaInfo] provider trae-config-channel, method_size is 1 method_list is trae-config-channel::SEND
[39202:39202:0705/000451.413034:INFO:aha/components/towel/public/provider.cc:196] [TOWEL][Provider::GetMetaInfo] provider trae-config-channel, method_size is 1 method_list is trae-config-channel::SEND
[39202:39225:0705/000451.413038:INFO:aha/components/towel/common/ap_impl.cc:530] [TOWEL][APImpl::OnGetProviderMetaInfo]: RoutingId(39202, 1599031798) provider trae-config-channel
[39202:39202:0705/000451.413052:INFO:aha/components/towel/public/provider.cc:196] [TOWEL][Provider::GetMetaInfo] provider trae-config-channel, method_size is 1 method_list is trae-config-channel::SEND
[39202:39225:0705/000451.413053:INFO:aha/components/towel/common/ap_impl.cc:540] [TOWEL][APImpl::OnGetProviderMetaInfo] update meta info for trae-config-channel method_list is trae-config-channel::SEND, event_list is trae-config-channel::PUSH_PACKET
[39202:39225:0705/000451.413067:INFO:aha/components/towel/common/static_routing_ap.cc:181] [TOWEL][StaticRoutingAP::RunPendingRequestAndEvents] provider_name= trae-config-channel
[39202:39202:0705/000451.413076:INFO:aha/components/towel/common/ap_impl.cc:530] [TOWEL][APImpl::OnGetProviderMetaInfo]: RoutingId(39202, 758987640) provider trae-config-channel
[39202:39202:0705/000451.413082:INFO:aha/components/towel/common/ap_impl.cc:540] [TOWEL][APImpl::OnGetProviderMetaInfo] update meta info for trae-config-channel method_list is trae-config-channel::SEND, event_list is trae-config-channel::PUSH_PACKET
[39202:39202:0705/000451.413090:INFO:aha/components/towel/common/static_routing_ap.cc:181] [TOWEL][StaticRoutingAP::RunPendingRequestAndEvents] provider_name= trae-config-channel
[39202:39202:0705/000451.414696:INFO:aha/components/towel/common/ap_impl.cc:530] [TOWEL][APImpl::OnGetProviderMetaInfo]: RoutingId(39202, 1696485260) provider trae-config-channel
[39202:39202:0705/000451.414708:INFO:aha/components/towel/common/ap_impl.cc:540] [TOWEL][APImpl::OnGetProviderMetaInfo] update meta info for trae-config-channel method_list is trae-config-channel::SEND, event_list is trae-config-channel::PUSH_PACKET
[39202:39202:0705/000451.414715:INFO:aha/components/towel/common/static_routing_ap.cc:181] [TOWEL][StaticRoutingAP::RunPendingRequestAndEvents] provider_name= trae-config-channel
[39202:39202:0705/000451.414737:INFO:aha/components/towel/common/ap_impl.cc:530] [TOWEL][APImpl::OnGetProviderMetaInfo]: RoutingId(39202, 1728920383) provider trae-config-channel
[39202:39202:0705/000451.414744:INFO:aha/components/towel/common/ap_impl.cc:540] [TOWEL][APImpl::OnGetProviderMetaInfo] update meta info for trae-config-channel method_list is trae-config-channel::SEND, event_list is trae-config-channel::PUSH_PACKET
[39202:39202:0705/000451.414749:INFO:aha/components/towel/common/static_routing_ap.cc:181] [TOWEL][StaticRoutingAP::RunPendingRequestAndEvents] provider_name= trae-config-channel
[39202:39202:0705/000451.415100:ERROR:aha/components/basil/core/native_extension_impl.cc:259] [Basil]process crashed, name=ckg, code=256
[39202:39202:0705/000451.415111:INFO:aha/components/basil/core/native_extension_impl.cc:266] [Basil]HandleTermination, exit_code=256
[39202:39202:0705/000451.415243:INFO:aha/components/basil/core/native_extension_manager_impl.cc:96] [Basil]release native_extension, name=ckg
[39202:39202:0705/000451.415289:ERROR:aha/components/process_observer/aha_process_observer.cc:72] [process observer][process gone] type is: ckg, pid is: 39366, status is: 1, exit code is: 256, run time is: -1, is sandbox: 1
[39202:39225:0705/000451.415304:INFO:aha/components/perf/process/process_type_provider.cc:111] [ProcessTypeProvider] RemoveProcessOnTaskRunner, pid 39366
[39202:39202:0705/000451.415318:INFO:aha/components/perf/perf_manager_base.cc:509] [perf manager][function = RemoveProcess] remove exited process:39366
[39202:39202:0705/000451.415606:INFO:aha/components/towel/common/static_routing_ap.cc:244] [TOWEL]run timeout checker
[39202:39202:0705/000451.440179:INFO:aha/components/device_service/device_service.cc:659] DeviceService, has cache, directly return cache: 7649334840105879056
[39202:39202:0705/000451.440204:INFO:aha/components/device_service/device_service.h:33] DeviceService GetDeviceId, cost time: 0 ms
[39202:39202:0705/000451.443883:ERROR:electron/shell/browser/electron_browser_client.cc:1997] bind receiver for utility
[39202:39202:0705/000451.443897:INFO:aha/components/towel/embedder/master_binder.cc:52] [TOWEL]BindMasterInBrowser, ProcessType(2)
[39202:39202:0705/000451.443917:INFO:aha/components/towel/embedder/master_binder.cc:55] [TOWEL]BindMasterInBrowser, run in main thread, bind.
[39202:39202:0705/000451.443946:INFO:aha/components/towel/common/master_impl.cc:39] [TOWEL][MasterImpl::AddAPWithId] add ap 121824604
[39202:39202:0705/000451.443960:INFO:aha/components/towel/common/master_impl.cc:55] [TOWEL][MasterImpl::AddAP] add ap 121824604
[39202:39202:0705/000451.444021:INFO:aha/components/towel/common/master_impl.cc:193] [TOWEL][MasterImpl::GetAllProviders] provider size is 4 given size is 4
[39202:39202:0705/000451.444951:INFO:content/browser/renderer_host/render_widget_host_view_aura.cc:590] blank paint: ShowImpl called, is_hidden=0, disable_hidden=0, visibility=2
[39202:39202:0705/000451.444963:INFO:content/browser/renderer_host/render_widget_host_view_base.cc:890] blank paint: OnShowWithPageVisibility called, is_hidden=0, disable_hidden=0, web_contents_is_visible=1
[39202:39202:0705/000451.445514:INFO:aha/components/page_load_metrics/observers/page_load_metrics_observer.cc:400] [page_load_metrics][traceId-] this:0x23ac0000ee00, OnCommit: vscode-file://vscode-app/usr/share/trae/resources/app/out/vs/code/electron-browser/workbench/workbench.html
[39202:39202:0705/000451.445529:INFO:aha/components/page_load_metrics/observers/page_load_metrics_observer.cc:224] [page_load_metrics][traceId-] this:0x23ac0000ee00, TryRegisterWidgetObserver: widget:0x23ac0000cd00, visible:1, minimized:0, web_contents_visible:1
[39202:39202:0705/000451.445791:ERROR:electron/shell/browser/electron_browser_client.cc:1997] bind receiver for utility
[39202:39202:0705/000451.445801:INFO:aha/components/towel/embedder/master_binder.cc:52] [TOWEL]BindMasterInBrowser, ProcessType(2)
[39202:39202:0705/000451.445810:INFO:aha/components/towel/embedder/master_binder.cc:55] [TOWEL]BindMasterInBrowser, run in main thread, bind.
[39202:39202:0705/000451.445912:INFO:aha/components/towel/common/master_impl.cc:153] [TOWEL][MasterImpl::RegisterProvider] success ai-agent provider size now is 5
[39202:39250:0705/000451.445924:INFO:aha/components/towel/common/ap_impl.cc:406] [TOWEL][APImpl::OnProviderAdded] provider_name ai-agent, RoutingId(39202, 1599031798)
[39202:39250:0705/000451.445937:INFO:aha/components/monitor/monitor.cc:173] [Monitor] OnProviderConnected: OnProviderConnected, name: ai-agent
[39202:39202:0705/000451.445946:INFO:aha/components/towel/common/ap_impl.cc:406] [TOWEL][APImpl::OnProviderAdded] provider_name ai-agent, RoutingId(39202, 758987640)
[39202:39202:0705/000451.445958:INFO:aha/components/towel/common/static_routing_ap.cc:181] [TOWEL][StaticRoutingAP::RunPendingRequestAndEvents] provider_name= ai-agent
[39202:39250:0705/000451.445948:INFO:aha/components/towel/common/static_routing_ap.cc:181] [TOWEL][StaticRoutingAP::RunPendingRequestAndEvents] provider_name= ai-agent
[39202:39202:0705/000451.445980:INFO:aha/components/towel/common/ap_impl.cc:406] [TOWEL][APImpl::OnProviderAdded] provider_name ai-agent, RoutingId(39202, 1696485260)
[39202:39202:0705/000451.445988:INFO:aha/components/ipc/ipc_client.cc:172] [AhaIpc] provider connected, name: ai-agent
[39202:39202:0705/000451.445999:WARNING:aha/components/towel/common/ap_impl.cc:220] [TOWEL][APImpl::ListensEvents] no provider for event ai-agent::PUSH_PACKET
[39202:39202:0705/000451.446005:INFO:aha/components/towel/common/ap_impl.cc:594] [TOWEL][APImpl::ListensEvents] start, RoutingId(39202, 1696485260)
[39202:39202:0705/000451.446009:INFO:aha/components/towel/common/ap_impl.cc:596] [TOWEL][APImpl::ListensEvents] no pending_listen_requests_, do nothing
[39202:39202:0705/000451.446013:INFO:aha/components/towel/common/static_routing_ap.cc:171] [TOWEL][StaticRoutingAP::TryAddPendingEvents] provider not ready, store event and wait. event ai-agent::PUSH_PACKET
[39202:39202:0705/000451.446017:INFO:aha/components/towel/common/static_routing_ap.cc:181] [TOWEL][StaticRoutingAP::RunPendingRequestAndEvents] provider_name= ai-agent
[39202:39202:0705/000451.446021:INFO:aha/components/towel/common/static_routing_ap.cc:195] [TOWEL][StaticRoutingAP::RunPendingEvents] run pending events, event_list is ai-agent::PUSH_PACKET,ai-agent::PUSH_PACKET
[39202:39202:0705/000451.446031:INFO:aha/components/towel/common/static_routing_ap.cc:217] [TOWEL][StaticRoutingAP::RunPendingRequestAndEvents] run pending requests, method= ai-agent::SEND
[39202:39202:0705/000451.446044:INFO:aha/components/towel/common/static_routing_ap.cc:217] [TOWEL][StaticRoutingAP::RunPendingRequestAndEvents] run pending requests, method= ai-agent::SEND
[39202:39202:0705/000451.446055:INFO:aha/components/towel/common/static_routing_ap.cc:217] [TOWEL][StaticRoutingAP::RunPendingRequestAndEvents] run pending requests, method= ai-agent::SEND
[39202:39202:0705/000451.446082:INFO:aha/components/towel/common/ap_impl.cc:406] [TOWEL][APImpl::OnProviderAdded] provider_name ai-agent, RoutingId(39202, 1728920383)
[39202:39202:0705/000451.446090:INFO:aha/components/towel/common/static_routing_ap.cc:181] [TOWEL][StaticRoutingAP::RunPendingRequestAndEvents] provider_name= ai-agent
[39202:39202:0705/000451.448670:ERROR:electron/shell/browser/electron_browser_client.cc:1997] bind receiver for utility
[39202:39202:0705/000451.448683:INFO:aha/components/towel/embedder/master_binder.cc:52] [TOWEL]BindMasterInBrowser, ProcessType(2)
[39202:39202:0705/000451.448694:INFO:aha/components/towel/embedder/master_binder.cc:55] [TOWEL]BindMasterInBrowser, run in main thread, bind.
[39202:39202:0705/000451.448717:INFO:aha/components/basil/core/native_extension_impl.cc:225] [Basil]start service success, name=ai
[39202:39202:0705/000451.448781:INFO:aha/components/towel/common/master_impl.cc:153] [TOWEL][MasterImpl::RegisterProvider] success ai provider size now is 6
[39202:39225:0705/000451.448789:INFO:aha/components/towel/common/ap_impl.cc:406] [TOWEL][APImpl::OnProviderAdded] provider_name ai, RoutingId(39202, 1599031798)
[39202:39225:0705/000451.448800:INFO:aha/components/monitor/monitor.cc:173] [Monitor] OnProviderConnected: OnProviderConnected, name: ai
[39202:39202:0705/000451.448793:ERROR:electron/shell/browser/electron_browser_client.cc:1997] bind receiver for utility
[39202:39202:0705/000451.448812:INFO:aha/components/towel/embedder/master_binder.cc:52] [TOWEL]BindMasterInBrowser, ProcessType(2)
[39202:39225:0705/000451.448807:INFO:aha/components/towel/common/static_routing_ap.cc:181] [TOWEL][StaticRoutingAP::RunPendingRequestAndEvents] provider_name= ai
[39202:39202:0705/000451.448820:INFO:aha/components/towel/embedder/master_binder.cc:55] [TOWEL]BindMasterInBrowser, run in main thread, bind.
[39202:39202:0705/000451.448858:INFO:aha/components/towel/common/ap_impl.cc:406] [TOWEL][APImpl::OnProviderAdded] provider_name ai, RoutingId(39202, 758987640)
[39202:39202:0705/000451.448863:INFO:aha/electron/shell/renderer/api/electron_api_towel.cc:131] [TOWEL]ai provider connected
[39202:39202:0705/000451.448868:INFO:aha/components/towel/common/static_routing_ap.cc:181] [TOWEL][StaticRoutingAP::RunPendingRequestAndEvents] provider_name= ai
[39202:39202:0705/000451.448872:INFO:aha/components/towel/common/static_routing_ap.cc:195] [TOWEL][StaticRoutingAP::RunPendingEvents] run pending events, event_list is ai::PUSH_PACKET
[39202:39202:0705/000451.448893:INFO:aha/components/towel/common/ap_impl.cc:406] [TOWEL][APImpl::OnProviderAdded] provider_name ai, RoutingId(39202, 1696485260)
[39202:39202:0705/000451.448897:INFO:aha/components/ipc/ipc_client.cc:172] [AhaIpc] provider connected, name: ai
[39202:39202:0705/000451.448901:INFO:aha/components/towel/common/static_routing_ap.cc:181] [TOWEL][StaticRoutingAP::RunPendingRequestAndEvents] provider_name= ai
[39202:39202:0705/000451.448916:INFO:aha/components/towel/common/ap_impl.cc:406] [TOWEL][APImpl::OnProviderAdded] provider_name ai, RoutingId(39202, 1728920383)
[39202:39202:0705/000451.448921:INFO:aha/components/towel/common/static_routing_ap.cc:181] [TOWEL][StaticRoutingAP::RunPendingRequestAndEvents] provider_name= ai
[39202:39202:0705/000451.448932:INFO:aha/components/towel/common/master_impl.cc:39] [TOWEL][MasterImpl::AddAPWithId] add ap 1339744610
[39202:39202:0705/000451.448940:INFO:aha/components/towel/common/master_impl.cc:55] [TOWEL][MasterImpl::AddAP] add ap 1339744610
[39202:39202:0705/000451.448957:INFO:aha/components/towel/public/provider.cc:196] [TOWEL][Provider::GetMetaInfo] provider BlockDetectorProvider, method_size is 1 method_list is BlockDetector::HEART_BEAT
[39202:39202:0705/000451.448972:INFO:aha/components/towel/public/provider.cc:196] [TOWEL][Provider::GetMetaInfo] provider trae-config-channel, method_size is 1 method_list is trae-config-channel::SEND
[39202:39202:0705/000451.449027:INFO:aha/components/towel/common/master_impl.cc:193] [TOWEL][MasterImpl::GetAllProviders] provider size is 6 given size is 6
[39202:39202:0705/000451.449057:INFO:aha/components/towel/public/provider.cc:310] [TOWEL][Provider::ListenEvent] start, from ap RoutingId(39202, 121824604), event_list is trae-config-channel::PUSH_PACKET
[39202:39202:0705/000451.449062:INFO:aha/components/towel/public/provider.cc:316] [TOWEL][Provider::ListenEvent] no APListenInfo, create one
[39202:39202:0705/000451.449066:INFO:aha/components/towel/public/provider.cc:325] [TOWEL][Provider::ListenEvent] no remote_ap for RoutingId(39202, 121824604), get it from master
[39202:39225:0705/000451.449185:INFO:aha/components/towel/common/ap_impl.cc:530] [TOWEL][APImpl::OnGetProviderMetaInfo]: RoutingId(39202, 1599031798) provider ai-agent
[39202:39225:0705/000451.449198:INFO:aha/components/towel/common/ap_impl.cc:540] [TOWEL][APImpl::OnGetProviderMetaInfo] update meta info for ai-agent method_list is ai-agent::SEND, event_list is ai-agent::PUSH_PACKET
[39202:39225:0705/000451.449206:INFO:aha/components/towel/common/static_routing_ap.cc:181] [TOWEL][StaticRoutingAP::RunPendingRequestAndEvents] provider_name= ai-agent
[39202:39225:0705/000451.449316:INFO:aha/components/towel/common/ap_impl.cc:530] [TOWEL][APImpl::OnGetProviderMetaInfo]: RoutingId(39202, 1599031798) provider ai
[39202:39225:0705/000451.449323:INFO:aha/components/towel/common/ap_impl.cc:540] [TOWEL][APImpl::OnGetProviderMetaInfo] update meta info for ai method_list is ai::SEND, event_list is ai::PUSH_PACKET
[39202:39225:0705/000451.449328:INFO:aha/components/towel/common/static_routing_ap.cc:181] [TOWEL][StaticRoutingAP::RunPendingRequestAndEvents] provider_name= ai
[39202:39202:0705/000451.449739:INFO:aha/components/towel/common/master_impl.cc:78] [TOWEL][MasterImpl::BindAP] success for 121824604
[39202:39202:0705/000451.449778:INFO:aha/components/towel/common/ap_impl.cc:530] [TOWEL][APImpl::OnGetProviderMetaInfo]: RoutingId(39202, 758987640) provider ai-agent
[39202:39202:0705/000451.449788:INFO:aha/components/towel/common/ap_impl.cc:540] [TOWEL][APImpl::OnGetProviderMetaInfo] update meta info for ai-agent method_list is ai-agent::SEND, event_list is ai-agent::PUSH_PACKET
[39202:39202:0705/000451.449794:INFO:aha/components/towel/common/static_routing_ap.cc:181] [TOWEL][StaticRoutingAP::RunPendingRequestAndEvents] provider_name= ai-agent
[39202:39202:0705/000451.449805:INFO:aha/components/towel/common/ap_impl.cc:530] [TOWEL][APImpl::OnGetProviderMetaInfo]: RoutingId(39202, 1696485260) provider ai-agent
[39202:39202:0705/000451.449811:INFO:aha/components/towel/common/ap_impl.cc:540] [TOWEL][APImpl::OnGetProviderMetaInfo] update meta info for ai-agent method_list is ai-agent::SEND, event_list is ai-agent::PUSH_PACKET
[39202:39202:0705/000451.449817:INFO:aha/components/towel/common/static_routing_ap.cc:181] [TOWEL][StaticRoutingAP::RunPendingRequestAndEvents] provider_name= ai-agent
[39202:39202:0705/000451.449826:INFO:aha/components/towel/common/ap_impl.cc:530] [TOWEL][APImpl::OnGetProviderMetaInfo]: RoutingId(39202, 1728920383) provider ai-agent
[39202:39202:0705/000451.449831:INFO:aha/components/towel/common/ap_impl.cc:540] [TOWEL][APImpl::OnGetProviderMetaInfo] update meta info for ai-agent method_list is ai-agent::SEND, event_list is ai-agent::PUSH_PACKET
[39202:39202:0705/000451.449837:INFO:aha/components/towel/common/static_routing_ap.cc:181] [TOWEL][StaticRoutingAP::RunPendingRequestAndEvents] provider_name= ai-agent
[39202:39202:0705/000451.449848:INFO:aha/components/towel/common/ap_impl.cc:530] [TOWEL][APImpl::OnGetProviderMetaInfo]: RoutingId(39202, 758987640) provider ai
[39202:39202:0705/000451.449853:INFO:aha/components/towel/common/ap_impl.cc:540] [TOWEL][APImpl::OnGetProviderMetaInfo] update meta info for ai method_list is ai::SEND, event_list is ai::PUSH_PACKET
[39202:39202:0705/000451.449858:INFO:aha/components/towel/common/static_routing_ap.cc:181] [TOWEL][StaticRoutingAP::RunPendingRequestAndEvents] provider_name= ai
[39202:39202:0705/000451.449864:INFO:aha/components/towel/common/ap_impl.cc:530] [TOWEL][APImpl::OnGetProviderMetaInfo]: RoutingId(39202, 1696485260) provider ai
[39202:39202:0705/000451.449868:INFO:aha/components/towel/common/ap_impl.cc:540] [TOWEL][APImpl::OnGetProviderMetaInfo] update meta info for ai method_list is ai::SEND, event_list is ai::PUSH_PACKET
[39202:39202:0705/000451.449872:INFO:aha/components/towel/common/static_routing_ap.cc:181] [TOWEL][StaticRoutingAP::RunPendingRequestAndEvents] provider_name= ai
[39202:39202:0705/000451.449881:INFO:aha/components/towel/common/ap_impl.cc:530] [TOWEL][APImpl::OnGetProviderMetaInfo]: RoutingId(39202, 1728920383) provider ai
[39202:39202:0705/000451.449887:INFO:aha/components/towel/common/ap_impl.cc:540] [TOWEL][APImpl::OnGetProviderMetaInfo] update meta info for ai method_list is ai::SEND, event_list is ai::PUSH_PACKET
[39202:39202:0705/000451.449892:INFO:aha/components/towel/common/static_routing_ap.cc:181] [TOWEL][StaticRoutingAP::RunPendingRequestAndEvents] provider_name= ai
[39202:39202:0705/000451.449923:INFO:aha/components/towel/common/master_impl.cc:78] [TOWEL][MasterImpl::BindAP] success for 1339744610
[39202:39202:0705/000451.449936:INFO:aha/components/towel/common/master_impl.cc:78] [TOWEL][MasterImpl::BindAP] success for 1696485260
[39202:39202:0705/000451.449947:INFO:aha/components/towel/common/master_impl.cc:78] [TOWEL][MasterImpl::BindAP] success for 758987640
[39202:39202:0705/000451.449956:INFO:aha/components/towel/public/provider.cc:196] [TOWEL][Provider::GetMetaInfo] provider BlockDetectorProvider, method_size is 1 method_list is BlockDetector::HEART_BEAT
[39202:39202:0705/000451.449971:INFO:aha/components/towel/public/provider.cc:196] [TOWEL][Provider::GetMetaInfo] provider trae-config-channel, method_size is 1 method_list is trae-config-channel::SEND
[39202:39202:0705/000451.456036:ERROR:electron/shell/browser/electron_browser_client.cc:1749] bind receiver for render
[39202:39202:0705/000451.456055:INFO:aha/components/towel/embedder/master_binder.cc:52] [TOWEL]BindMasterInBrowser, ProcessType(2)
[39202:39202:0705/000451.456070:INFO:aha/components/towel/embedder/master_binder.cc:55] [TOWEL]BindMasterInBrowser, run in main thread, bind.
[39202:39202:0705/000451.456088:INFO:aha/components/towel/common/master_impl.cc:39] [TOWEL][MasterImpl::AddAPWithId] add ap 1350400942
[39202:39202:0705/000451.456100:INFO:aha/components/towel/common/master_impl.cc:55] [TOWEL][MasterImpl::AddAP] add ap 1350400942
[39202:39202:0705/000451.456164:INFO:aha/components/towel/common/master_impl.cc:193] [TOWEL][MasterImpl::GetAllProviders] provider size is 6 given size is 6
[39202:39202:0705/000451.499659:INFO:aha/components/page_load_metrics/observers/page_load_metrics_observer.cc:448] [page_load_metrics][traceId-] this:0x23ac0000ee00, OnLoadedResource: request_start: -10818885, response_start: -10818885, response_end: 126, main_body_bytes: 1956B (1.910KiB)
[39202:39202:0705/000451.502488:INFO:aha/components/towel/public/provider.cc:196] [TOWEL][Provider::GetMetaInfo] provider BlockDetectorProvider, method_size is 1 method_list is BlockDetector::HEART_BEAT
[39202:39202:0705/000451.502642:INFO:aha/components/towel/public/provider.cc:196] [TOWEL][Provider::GetMetaInfo] provider trae-config-channel, method_size is 1 method_list is trae-config-channel::SEND
[39202:39202:0705/000451.522032:INFO:aha/components/towel/common/static_routing_ap.cc:244] [TOWEL]run timeout checker
[39202:39202:0705/000451.590647:ERROR:electron/shell/browser/electron_browser_client.cc:1997] bind receiver for utility
[39202:39202:0705/000451.590661:INFO:aha/components/towel/embedder/master_binder.cc:52] [TOWEL]BindMasterInBrowser, ProcessType(2)
[39202:39202:0705/000451.590674:INFO:aha/components/towel/embedder/master_binder.cc:55] [TOWEL]BindMasterInBrowser, run in main thread, bind.
[39202:39202:0705/000451.590689:INFO:aha/components/towel/common/master_impl.cc:39] [TOWEL][MasterImpl::AddAPWithId] add ap 1771703686
[39202:39202:0705/000451.590700:INFO:aha/components/towel/common/master_impl.cc:55] [TOWEL][MasterImpl::AddAP] add ap 1771703686
[39202:39202:0705/000451.590849:INFO:aha/components/towel/common/master_impl.cc:193] [TOWEL][MasterImpl::GetAllProviders] provider size is 6 given size is 6
[39202:39202:0705/000451.619379:INFO:aha/components/towel/public/provider.cc:196] [TOWEL][Provider::GetMetaInfo] provider BlockDetectorProvider, method_size is 1 method_list is BlockDetector::HEART_BEAT
[39202:39202:0705/000451.619442:INFO:aha/components/towel/public/provider.cc:196] [TOWEL][Provider::GetMetaInfo] provider trae-config-channel, method_size is 1 method_list is trae-config-channel::SEND
[39202:39202:0705/000451.619516:INFO:aha/components/towel/public/provider.cc:310] [TOWEL][Provider::ListenEvent] start, from ap RoutingId(39202, 1771703686), event_list is trae-config-channel::PUSH_PACKET
[39202:39202:0705/000451.619525:INFO:aha/components/towel/public/provider.cc:316] [TOWEL][Provider::ListenEvent] no APListenInfo, create one
[39202:39202:0705/000451.619530:INFO:aha/components/towel/public/provider.cc:325] [TOWEL][Provider::ListenEvent] no remote_ap for RoutingId(39202, 1771703686), get it from master
[39202:39202:0705/000451.619563:INFO:aha/components/towel/common/master_impl.cc:78] [TOWEL][MasterImpl::BindAP] success for 1771703686
[39202:39202:0705/000451.622217:INFO:aha/components/towel/common/static_routing_ap.cc:244] [TOWEL]run timeout checker
[39202:39202:0705/000451.722747:INFO:aha/components/towel/common/static_routing_ap.cc:244] [TOWEL]run timeout checker
[39202:39202:0705/000451.823034:INFO:aha/components/towel/common/static_routing_ap.cc:244] [TOWEL]run timeout checker
[39202:39202:0705/000451.920274:ERROR:aha/components/page_load_metrics/observers/page_load_metrics_observer.cc:764] [page_load_metrics][traceId-] this:0x23ac0000ee00, OnDidAddMessageToConsole: src:workbench.desktop.main.js:38, message:%c  ERR color: #f33 [IcubeWorktreeService] isUnderConfigWorktreePath: worktreeDir is not initialized
[39202:39202:0705/000451.922792:ERROR:aha/components/page_load_metrics/observers/page_load_metrics_observer.cc:764] [page_load_metrics][traceId-] this:0x23ac0000ee00, OnDidAddMessageToConsole: src:workbench.desktop.main.js:38, message:%c  ERR color: #f33 [IcubeWorktreeService] isUnderConfigWorktreePath: worktreeDir is not initialized
[39202:39202:0705/000451.923849:INFO:aha/components/towel/common/static_routing_ap.cc:244] [TOWEL]run timeout checker
[39202:39251:0705/000451.987870:ERROR:base/nix/mime_util_xdg.cc:139] Invalid mime.cache file does not contain null prior to ALIAS_LIST_OFFSET=44
[39202:39202:0705/000452.024492:INFO:aha/components/towel/common/static_routing_ap.cc:244] [TOWEL]run timeout checker
[39202:39202:0705/000452.031750:INFO:aha/components/perf/perf_custom_param_manager.cc:25] Add custom category param isSoloMode = false
 for process 39347
[39202:39202:0705/000452.031777:INFO:aha/components/perf/perf_custom_param_manager.cc:25] Add custom category param isAIChatting = false
 for process 39347
[39202:39202:0705/000452.031793:INFO:aha/components/perf/perf_custom_param_manager.cc:25] Add custom category param isStreaming = false
 for process 39347
[39202:39202:0705/000452.033899:INFO:aha/components/towel/common/master_impl.cc:78] [TOWEL][MasterImpl::BindAP] success for 1350400942
[39202:39202:0705/000452.120691:ERROR:electron/shell/browser/electron_browser_client.cc:1997] bind receiver for utility
[39202:39202:0705/000452.120706:INFO:aha/components/towel/embedder/master_binder.cc:52] [TOWEL]BindMasterInBrowser, ProcessType(2)
[39202:39202:0705/000452.120715:INFO:aha/components/towel/embedder/master_binder.cc:55] [TOWEL]BindMasterInBrowser, run in main thread, bind.
[39202:39202:0705/000452.120730:INFO:aha/components/towel/common/master_impl.cc:39] [TOWEL][MasterImpl::AddAPWithId] add ap 475244940
[39202:39225:0705/000452.120733:INFO:aha/electron/shell/browser/aha_feature_list/aha_remote_state.cc:178] [RemoteState] SerializeValueToFile, Writing to /home/eternity/.config/Trae/aha/Remote_State, success 1
[39202:39202:0705/000452.120741:INFO:aha/components/towel/common/master_impl.cc:55] [TOWEL][MasterImpl::AddAP] add ap 475244940
[39202:39202:0705/000452.120796:INFO:aha/components/towel/common/master_impl.cc:193] [TOWEL][MasterImpl::GetAllProviders] provider size is 6 given size is 6
[39202:39202:0705/000452.120989:INFO:aha/components/towel/public/provider.cc:196] [TOWEL][Provider::GetMetaInfo] provider BlockDetectorProvider, method_size is 1 method_list is BlockDetector::HEART_BEAT
[39202:39202:0705/000452.121012:INFO:aha/components/towel/public/provider.cc:196] [TOWEL][Provider::GetMetaInfo] provider trae-config-channel, method_size is 1 method_list is trae-config-channel::SEND
[39202:39202:0705/000452.125119:INFO:aha/components/towel/common/static_routing_ap.cc:244] [TOWEL]run timeout checker
[39202:39202:0705/000452.170132:ERROR:aha/components/page_load_metrics/observers/page_load_metrics_observer.cc:764] [page_load_metrics][traceId-] this:0x23ac0000ee00, OnDidAddMessageToConsole: src:workbench.desktop.main.js:38, message:%c  ERR color: #f33 not login: Error: not login
    at E9e.setup (vscode-file://vscode-app/usr/share/trae/resources/app/out/vs/workbench/workbench.desktop.main.js:3847:9167)
[39202:39202:0705/000452.209993:INFO:content/public/browser/service_process_host.cc:108] vscode_crash_reporter_process_type: is extensionHost
[39202:39202:0705/000452.213776:INFO:aha/components/process_observer/aha_process_observer.cc:45] [process observer][process launched] type is:extensionHost, pid is:39422
[39202:39225:0705/000452.213816:INFO:aha/components/perf/process/process_type_provider.cc:105] [ProcessTypeProvider] AddProcessOnTaskRunner, pid 39422, type extensionHost
[39202:39202:0705/000452.213824:INFO:aha/components/perf/perf_manager_base.cc:448] [perf manager][function = AddProcess] add process:39422
[39202:39202:0705/000452.213878:INFO:aha/components/perf/collector/perf_collector_base.cc:29] [perf collector][function=ShouldCollectProcess] AddProcess pid:39422 cmd:/proc/self/exe --type=utility --utility-sub-type=node.mojom.NodeService --lang=zh-CN --service-sandbox-type=none --render-node-override=/dev/dri/renderD129 --dns-result-order=ipv4first --experimental-network-inspection --inspect-port=0 --vscode-crash-reporter-process-type=extensionHost --crashpad-handler-pid=39205 --enable-crash-reporter=cf0573c6-7444-4116-be82-e562a048b8e6,no_channel --user-data-dir=/home/eternity/.config/Trae --standard-schemes=vscode-webview,vscode-file --enable-sandbox --secure-schemes=vscode-webview,vscode-file --cors-schemes=vscode-webview,vscode-file --fetch-schemes=vscode-webview,vscode-file --service-worker-schemes=vscode-webview --code-cache-schemes=vscode-webview,vscode-file --shared-files=v8_context_snapshot_data:100 --field-trial-handle=3,i,2370827577125691552,7058806249113729252,262144 --enable-features=DocumentPolicyIncludeJSCallStacksInCrashReports,EarlyEstablishGpuChannel,EstablishGpuChannelAsync,PdfUseShowSaveFilePicker --disable-features=CalculateNativeWinOcclusion,LocalNetworkAccessChecks,ScreenAIOCREnabled,SpareRendererForSitePerProcess,TraceSiteInstanceGetProcessCreation --variations-seed-version --trace-process-track-uuid=3190708995682289984
[39202:39202:0705/000452.213908:INFO:aha/components/perf/collector/perf_collector_base.cc:29] [perf collector][function=ShouldCollectProcess] AddProcess pid:39422 cmd:/proc/self/exe --type=utility --utility-sub-type=node.mojom.NodeService --lang=zh-CN --service-sandbox-type=none --render-node-override=/dev/dri/renderD129 --dns-result-order=ipv4first --experimental-network-inspection --inspect-port=0 --vscode-crash-reporter-process-type=extensionHost --crashpad-handler-pid=39205 --enable-crash-reporter=cf0573c6-7444-4116-be82-e562a048b8e6,no_channel --user-data-dir=/home/eternity/.config/Trae --standard-schemes=vscode-webview,vscode-file --enable-sandbox --secure-schemes=vscode-webview,vscode-file --cors-schemes=vscode-webview,vscode-file --fetch-schemes=vscode-webview,vscode-file --service-worker-schemes=vscode-webview --code-cache-schemes=vscode-webview,vscode-file --shared-files=v8_context_snapshot_data:100 --field-trial-handle=3,i,2370827577125691552,7058806249113729252,262144 --enable-features=DocumentPolicyIncludeJSCallStacksInCrashReports,EarlyEstablishGpuChannel,EstablishGpuChannelAsync,PdfUseShowSaveFilePicker --disable-features=CalculateNativeWinOcclusion,LocalNetworkAccessChecks,ScreenAIOCREnabled,SpareRendererForSitePerProcess,TraceSiteInstanceGetProcessCreation --variations-seed-version --trace-process-track-uuid=3190708995682289984
[39202:39202:0705/000452.213929:INFO:aha/components/perf/collector/perf_collector_base.cc:29] [perf collector][function=ShouldCollectProcess] AddProcess pid:39422 cmd:/proc/self/exe --type=utility --utility-sub-type=node.mojom.NodeService --lang=zh-CN --service-sandbox-type=none --render-node-override=/dev/dri/renderD129 --dns-result-order=ipv4first --experimental-network-inspection --inspect-port=0 --vscode-crash-reporter-process-type=extensionHost --crashpad-handler-pid=39205 --enable-crash-reporter=cf0573c6-7444-4116-be82-e562a048b8e6,no_channel --user-data-dir=/home/eternity/.config/Trae --standard-schemes=vscode-webview,vscode-file --enable-sandbox --secure-schemes=vscode-webview,vscode-file --cors-schemes=vscode-webview,vscode-file --fetch-schemes=vscode-webview,vscode-file --service-worker-schemes=vscode-webview --code-cache-schemes=vscode-webview,vscode-file --shared-files=v8_context_snapshot_data:100 --field-trial-handle=3,i,2370827577125691552,7058806249113729252,262144 --enable-features=DocumentPolicyIncludeJSCallStacksInCrashReports,EarlyEstablishGpuChannel,EstablishGpuChannelAsync,PdfUseShowSaveFilePicker --disable-features=CalculateNativeWinOcclusion,LocalNetworkAccessChecks,ScreenAIOCREnabled,SpareRendererForSitePerProcess,TraceSiteInstanceGetProcessCreation --variations-seed-version --trace-process-track-uuid=3190708995682289984
[39202:39202:0705/000452.225367:INFO:aha/components/towel/common/static_routing_ap.cc:244] [TOWEL]run timeout checker
[39202:39202:0705/000452.321069:INFO:content/public/browser/service_process_host.cc:108] vscode_crash_reporter_process_type: is shared-process
[39202:39202:0705/000452.324597:INFO:content/public/browser/service_process_host.cc:108] vscode_crash_reporter_process_type: is fileWatcher
[39202:39202:0705/000452.328523:INFO:aha/components/process_observer/aha_process_observer.cc:45] [process observer][process launched] type is:shared-process, pid is:39444
[39202:39202:0705/000452.328580:INFO:aha/components/perf/perf_manager_base.cc:448] [perf manager][function = AddProcess] add process:39444
[39202:39225:0705/000452.328571:INFO:aha/components/perf/process/process_type_provider.cc:105] [ProcessTypeProvider] AddProcessOnTaskRunner, pid 39444, type shared-process
[39202:39202:0705/000452.328619:INFO:aha/components/perf/collector/perf_collector_base.cc:29] [perf collector][function=ShouldCollectProcess] AddProcess pid:39444 cmd:/proc/self/exe --type=utility --utility-sub-type=node.mojom.NodeService --lang=zh-CN --service-sandbox-type=none --render-node-override=/dev/dri/renderD129 --vscode-crash-reporter-process-type=shared-process --crashpad-handler-pid=39205 --enable-crash-reporter=cf0573c6-7444-4116-be82-e562a048b8e6,no_channel --user-data-dir=/home/eternity/.config/Trae --standard-schemes=vscode-webview,vscode-file --enable-sandbox --secure-schemes=vscode-webview,vscode-file --cors-schemes=vscode-webview,vscode-file --fetch-schemes=vscode-webview,vscode-file --service-worker-schemes=vscode-webview --code-cache-schemes=vscode-webview,vscode-file --shared-files=v8_context_snapshot_data:100 --field-trial-handle=3,i,2370827577125691552,7058806249113729252,262144 --enable-features=DocumentPolicyIncludeJSCallStacksInCrashReports,EarlyEstablishGpuChannel,EstablishGpuChannelAsync,PdfUseShowSaveFilePicker --disable-features=CalculateNativeWinOcclusion,LocalNetworkAccessChecks,ScreenAIOCREnabled,SpareRendererForSitePerProcess,TraceSiteInstanceGetProcessCreation --variations-seed-version --trace-process-track-uuid=3190708996619331833
[39202:39202:0705/000452.328638:INFO:aha/components/perf/collector/perf_collector_base.cc:29] [perf collector][function=ShouldCollectProcess] AddProcess pid:39444 cmd:/proc/self/exe --type=utility --utility-sub-type=node.mojom.NodeService --lang=zh-CN --service-sandbox-type=none --render-node-override=/dev/dri/renderD129 --vscode-crash-reporter-process-type=shared-process --crashpad-handler-pid=39205 --enable-crash-reporter=cf0573c6-7444-4116-be82-e562a048b8e6,no_channel --user-data-dir=/home/eternity/.config/Trae --standard-schemes=vscode-webview,vscode-file --enable-sandbox --secure-schemes=vscode-webview,vscode-file --cors-schemes=vscode-webview,vscode-file --fetch-schemes=vscode-webview,vscode-file --service-worker-schemes=vscode-webview --code-cache-schemes=vscode-webview,vscode-file --shared-files=v8_context_snapshot_data:100 --field-trial-handle=3,i,2370827577125691552,7058806249113729252,262144 --enable-features=DocumentPolicyIncludeJSCallStacksInCrashReports,EarlyEstablishGpuChannel,EstablishGpuChannelAsync,PdfUseShowSaveFilePicker --disable-features=CalculateNativeWinOcclusion,LocalNetworkAccessChecks,ScreenAIOCREnabled,SpareRendererForSitePerProcess,TraceSiteInstanceGetProcessCreation --variations-seed-version --trace-process-track-uuid=3190708996619331833
[39202:39202:0705/000452.328654:INFO:aha/components/perf/collector/perf_collector_base.cc:29] [perf collector][function=ShouldCollectProcess] AddProcess pid:39444 cmd:/proc/self/exe --type=utility --utility-sub-type=node.mojom.NodeService --lang=zh-CN --service-sandbox-type=none --render-node-override=/dev/dri/renderD129 --vscode-crash-reporter-process-type=shared-process --crashpad-handler-pid=39205 --enable-crash-reporter=cf0573c6-7444-4116-be82-e562a048b8e6,no_channel --user-data-dir=/home/eternity/.config/Trae --standard-schemes=vscode-webview,vscode-file --enable-sandbox --secure-schemes=vscode-webview,vscode-file --cors-schemes=vscode-webview,vscode-file --fetch-schemes=vscode-webview,vscode-file --service-worker-schemes=vscode-webview --code-cache-schemes=vscode-webview,vscode-file --shared-files=v8_context_snapshot_data:100 --field-trial-handle=3,i,2370827577125691552,7058806249113729252,262144 --enable-features=DocumentPolicyIncludeJSCallStacksInCrashReports,EarlyEstablishGpuChannel,EstablishGpuChannelAsync,PdfUseShowSaveFilePicker --disable-features=CalculateNativeWinOcclusion,LocalNetworkAccessChecks,ScreenAIOCREnabled,SpareRendererForSitePerProcess,TraceSiteInstanceGetProcessCreation --variations-seed-version --trace-process-track-uuid=3190708996619331833
[39202:39202:0705/000452.328809:INFO:aha/components/process_observer/aha_process_observer.cc:45] [process observer][process launched] type is:fileWatcher, pid is:39445
[39202:39202:0705/000452.328836:INFO:aha/components/perf/perf_manager_base.cc:448] [perf manager][function = AddProcess] add process:39445
[39202:39225:0705/000452.328838:INFO:aha/components/perf/process/process_type_provider.cc:105] [ProcessTypeProvider] AddProcessOnTaskRunner, pid 39445, type fileWatcher
[39202:39202:0705/000452.328882:INFO:aha/components/perf/collector/perf_collector_base.cc:29] [perf collector][function=ShouldCollectProcess] AddProcess pid:39445 cmd:/proc/self/exe --type=utility --utility-sub-type=node.mojom.NodeService --lang=zh-CN --service-sandbox-type=none --render-node-override=/dev/dri/renderD129 --vscode-crash-reporter-process-type=fileWatcher --crashpad-handler-pid=39205 --enable-crash-reporter=cf0573c6-7444-4116-be82-e562a048b8e6,no_channel --user-data-dir=/home/eternity/.config/Trae --standard-schemes=vscode-webview,vscode-file --enable-sandbox --secure-schemes=vscode-webview,vscode-file --cors-schemes=vscode-webview,vscode-file --fetch-schemes=vscode-webview,vscode-file --service-worker-schemes=vscode-webview --code-cache-schemes=vscode-webview,vscode-file --shared-files=v8_context_snapshot_data:100 --field-trial-handle=3,i,2370827577125691552,7058806249113729252,262144 --enable-features=DocumentPolicyIncludeJSCallStacksInCrashReports,EarlyEstablishGpuChannel,EstablishGpuChannelAsync,PdfUseShowSaveFilePicker --disable-features=CalculateNativeWinOcclusion,LocalNetworkAccessChecks,ScreenAIOCREnabled,SpareRendererForSitePerProcess,TraceSiteInstanceGetProcessCreation --variations-seed-version --trace-process-track-uuid=3190708997556373682
[39202:39202:0705/000452.328911:INFO:aha/components/perf/collector/perf_collector_base.cc:29] [perf collector][function=ShouldCollectProcess] AddProcess pid:39445 cmd:/proc/self/exe --type=utility --utility-sub-type=node.mojom.NodeService --lang=zh-CN --service-sandbox-type=none --render-node-override=/dev/dri/renderD129 --vscode-crash-reporter-process-type=fileWatcher --crashpad-handler-pid=39205 --enable-crash-reporter=cf0573c6-7444-4116-be82-e562a048b8e6,no_channel --user-data-dir=/home/eternity/.config/Trae --standard-schemes=vscode-webview,vscode-file --enable-sandbox --secure-schemes=vscode-webview,vscode-file --cors-schemes=vscode-webview,vscode-file --fetch-schemes=vscode-webview,vscode-file --service-worker-schemes=vscode-webview --code-cache-schemes=vscode-webview,vscode-file --shared-files=v8_context_snapshot_data:100 --field-trial-handle=3,i,2370827577125691552,7058806249113729252,262144 --enable-features=DocumentPolicyIncludeJSCallStacksInCrashReports,EarlyEstablishGpuChannel,EstablishGpuChannelAsync,PdfUseShowSaveFilePicker --disable-features=CalculateNativeWinOcclusion,LocalNetworkAccessChecks,ScreenAIOCREnabled,SpareRendererForSitePerProcess,TraceSiteInstanceGetProcessCreation --variations-seed-version --trace-process-track-uuid=3190708997556373682
[39202:39202:0705/000452.328924:INFO:aha/components/perf/collector/perf_collector_base.cc:29] [perf collector][function=ShouldCollectProcess] AddProcess pid:39445 cmd:/proc/self/exe --type=utility --utility-sub-type=node.mojom.NodeService --lang=zh-CN --service-sandbox-type=none --render-node-override=/dev/dri/renderD129 --vscode-crash-reporter-process-type=fileWatcher --crashpad-handler-pid=39205 --enable-crash-reporter=cf0573c6-7444-4116-be82-e562a048b8e6,no_channel --user-data-dir=/home/eternity/.config/Trae --standard-schemes=vscode-webview,vscode-file --enable-sandbox --secure-schemes=vscode-webview,vscode-file --cors-schemes=vscode-webview,vscode-file --fetch-schemes=vscode-webview,vscode-file --service-worker-schemes=vscode-webview --code-cache-schemes=vscode-webview,vscode-file --shared-files=v8_context_snapshot_data:100 --field-trial-handle=3,i,2370827577125691552,7058806249113729252,262144 --enable-features=DocumentPolicyIncludeJSCallStacksInCrashReports,EarlyEstablishGpuChannel,EstablishGpuChannelAsync,PdfUseShowSaveFilePicker --disable-features=CalculateNativeWinOcclusion,LocalNetworkAccessChecks,ScreenAIOCREnabled,SpareRendererForSitePerProcess,TraceSiteInstanceGetProcessCreation --variations-seed-version --trace-process-track-uuid=3190708997556373682
[39202:39202:0705/000452.328990:INFO:aha/components/towel/common/static_routing_ap.cc:244] [TOWEL]run timeout checker
[39202:39202:0705/000452.416474:ERROR:aha/components/basil/core/native_extension_manager_impl.cc:51] [Basil][Basil] no extension found, name=ckg
[39202:39202:0705/000452.416507:INFO:aha/components/basil/core/native_extension_impl.cc:105] [Basil]native_extension created, name=ckg
[39202:39202:0705/000452.416520:INFO:aha/components/basil/core/native_extension_impl.cc:130] [Basil]launch native extension process start, name=ckg
[39202:39202:0705/000452.416528:INFO:content/public/browser/service_process_host.cc:108] vscode_crash_reporter_process_type: is ckg
[39202:39202:0705/000452.421521:ERROR:electron/shell/browser/electron_browser_client.cc:1997] bind receiver for utility
[39202:39202:0705/000452.421545:INFO:aha/components/towel/embedder/master_binder.cc:52] [TOWEL]BindMasterInBrowser, ProcessType(2)
[39202:39202:0705/000452.421569:INFO:aha/components/towel/embedder/master_binder.cc:55] [TOWEL]BindMasterInBrowser, run in main thread, bind.
[39202:39202:0705/000452.421734:INFO:aha/components/basil/core/native_extension_impl.cc:212] [Basil]process launched, name=ckg, pid=39485
[39202:39202:0705/000452.421884:INFO:aha/electron/shell/browser/api/electron_api_aha_reporter.cc:305] setPerfContextForProcess enableCkgAhaRequest true

[39202:39202:0705/000452.421898:INFO:aha/components/perf/perf_custom_param_manager.cc:25] Add custom category param enableCkgAhaRequest = true
 for process 39485
[39202:39202:0705/000452.422067:INFO:aha/components/process_observer/aha_process_observer.cc:45] [process observer][process launched] type is:ckg, pid is:39485
[39202:39250:0705/000452.422110:INFO:aha/components/perf/process/process_type_provider.cc:105] [ProcessTypeProvider] AddProcessOnTaskRunner, pid 39485, type ckg
[39202:39202:0705/000452.422126:INFO:aha/components/perf/perf_manager_base.cc:448] [perf manager][function = AddProcess] add process:39485
[39202:39202:0705/000452.422165:INFO:aha/components/perf/collector/perf_collector_base.cc:29] [perf collector][function=ShouldCollectProcess] AddProcess pid:39485 cmd:
[39202:39202:0705/000452.422181:INFO:aha/components/perf/collector/perf_collector_base.cc:29] [perf collector][function=ShouldCollectProcess] AddProcess pid:39485 cmd:
[39202:39202:0705/000452.422196:INFO:aha/components/perf/collector/perf_collector_base.cc:29] [perf collector][function=ShouldCollectProcess] AddProcess pid:39485 cmd:
[39202:39225:0705/000452.423409:INFO:aha/components/towel/common/ap_impl.cc:406] [TOWEL][APImpl::OnProviderAdded] provider_name cueServer, RoutingId(39202, 1599031798)
[39202:39225:0705/000452.423424:INFO:aha/components/monitor/monitor.cc:173] [Monitor] OnProviderConnected: OnProviderConnected, name: cueServer
[39202:39225:0705/000452.423429:INFO:aha/components/towel/common/static_routing_ap.cc:181] [TOWEL][StaticRoutingAP::RunPendingRequestAndEvents] provider_name= cueServer
[39202:39225:0705/000452.423678:INFO:aha/components/towel/common/ap_impl.cc:530] [TOWEL][APImpl::OnGetProviderMetaInfo]: RoutingId(39202, 1599031798) provider cueServer
[39202:39225:0705/000452.423690:INFO:aha/components/towel/common/ap_impl.cc:540] [TOWEL][APImpl::OnGetProviderMetaInfo] update meta info for cueServer method_list is cueServer::SEND, event_list is cueServer::PUSH_PACKET
[39202:39225:0705/000452.423703:INFO:aha/components/towel/common/static_routing_ap.cc:181] [TOWEL][StaticRoutingAP::RunPendingRequestAndEvents] provider_name= cueServer
[39202:39202:0705/000452.423893:INFO:aha/components/towel/common/master_impl.cc:153] [TOWEL][MasterImpl::RegisterProvider] success cueServer provider size now is 7
[39202:39202:0705/000452.424212:INFO:aha/components/towel/common/ap_impl.cc:406] [TOWEL][APImpl::OnProviderAdded] provider_name cueServer, RoutingId(39202, 758987640)
[39202:39202:0705/000452.424225:INFO:aha/components/towel/common/static_routing_ap.cc:181] [TOWEL][StaticRoutingAP::RunPendingRequestAndEvents] provider_name= cueServer
[39202:39202:0705/000452.424260:INFO:aha/components/towel/common/ap_impl.cc:406] [TOWEL][APImpl::OnProviderAdded] provider_name cueServer, RoutingId(39202, 1696485260)
[39202:39202:0705/000452.424268:INFO:aha/components/ipc/ipc_client.cc:172] [AhaIpc] provider connected, name: cueServer
[39202:39202:0705/000452.424276:WARNING:aha/components/towel/common/ap_impl.cc:220] [TOWEL][APImpl::ListensEvents] no provider for event cueServer::PUSH_PACKET
[39202:39202:0705/000452.424281:INFO:aha/components/towel/common/ap_impl.cc:594] [TOWEL][APImpl::ListensEvents] start, RoutingId(39202, 1696485260)
[39202:39202:0705/000452.424287:INFO:aha/components/towel/common/ap_impl.cc:596] [TOWEL][APImpl::ListensEvents] no pending_listen_requests_, do nothing
[39202:39202:0705/000452.424293:INFO:aha/components/towel/common/static_routing_ap.cc:171] [TOWEL][StaticRoutingAP::TryAddPendingEvents] provider not ready, store event and wait. event cueServer::PUSH_PACKET
[39202:39202:0705/000452.424301:INFO:aha/components/towel/common/static_routing_ap.cc:181] [TOWEL][StaticRoutingAP::RunPendingRequestAndEvents] provider_name= cueServer
[39202:39202:0705/000452.424306:INFO:aha/components/towel/common/static_routing_ap.cc:195] [TOWEL][StaticRoutingAP::RunPendingEvents] run pending events, event_list is cueServer::PUSH_PACKET,cueServer::PUSH_PACKET
[39202:39202:0705/000452.424317:INFO:aha/components/towel/common/static_routing_ap.cc:217] [TOWEL][StaticRoutingAP::RunPendingRequestAndEvents] run pending requests, method= cueServer::SEND
[39202:39202:0705/000452.424331:INFO:aha/components/towel/common/static_routing_ap.cc:217] [TOWEL][StaticRoutingAP::RunPendingRequestAndEvents] run pending requests, method= cueServer::SEND
[39202:39202:0705/000452.424358:INFO:aha/components/towel/common/ap_impl.cc:406] [TOWEL][APImpl::OnProviderAdded] provider_name cueServer, RoutingId(39202, 1728920383)
[39202:39202:0705/000452.424366:INFO:aha/components/towel/common/static_routing_ap.cc:181] [TOWEL][StaticRoutingAP::RunPendingRequestAndEvents] provider_name= cueServer
[39202:39202:0705/000452.424953:INFO:aha/components/towel/common/ap_impl.cc:530] [TOWEL][APImpl::OnGetProviderMetaInfo]: RoutingId(39202, 758987640) provider cueServer
[39202:39202:0705/000452.424963:INFO:aha/components/towel/common/ap_impl.cc:540] [TOWEL][APImpl::OnGetProviderMetaInfo] update meta info for cueServer method_list is cueServer::SEND, event_list is cueServer::PUSH_PACKET
[39202:39202:0705/000452.424969:INFO:aha/components/towel/common/static_routing_ap.cc:181] [TOWEL][StaticRoutingAP::RunPendingRequestAndEvents] provider_name= cueServer
[39202:39202:0705/000452.424983:INFO:aha/components/towel/common/ap_impl.cc:530] [TOWEL][APImpl::OnGetProviderMetaInfo]: RoutingId(39202, 1696485260) provider cueServer
[39202:39202:0705/000452.424993:INFO:aha/components/towel/common/ap_impl.cc:540] [TOWEL][APImpl::OnGetProviderMetaInfo] update meta info for cueServer method_list is cueServer::SEND, event_list is cueServer::PUSH_PACKET
[39202:39202:0705/000452.424999:INFO:aha/components/towel/common/static_routing_ap.cc:181] [TOWEL][StaticRoutingAP::RunPendingRequestAndEvents] provider_name= cueServer
[39202:39202:0705/000452.425012:INFO:aha/components/towel/common/ap_impl.cc:530] [TOWEL][APImpl::OnGetProviderMetaInfo]: RoutingId(39202, 1728920383) provider cueServer
[39202:39202:0705/000452.425017:INFO:aha/components/towel/common/ap_impl.cc:540] [TOWEL][APImpl::OnGetProviderMetaInfo] update meta info for cueServer method_list is cueServer::SEND, event_list is cueServer::PUSH_PACKET
[39202:39202:0705/000452.425027:INFO:aha/components/towel/common/static_routing_ap.cc:181] [TOWEL][StaticRoutingAP::RunPendingRequestAndEvents] provider_name= cueServer
[39202:39202:0705/000452.425072:INFO:aha/components/towel/common/master_impl.cc:78] [TOWEL][MasterImpl::BindAP] success for 1696485260
[39202:39202:0705/000452.428993:ERROR:aha/components/basil/core/native_extension_impl.cc:259] [Basil]process crashed, name=ckg, code=256
[39202:39202:0705/000452.429018:INFO:aha/components/basil/core/native_extension_impl.cc:266] [Basil]HandleTermination, exit_code=256
[39202:39202:0705/000452.429276:INFO:aha/components/basil/core/native_extension_manager_impl.cc:96] [Basil]release native_extension, name=ckg
[39202:39202:0705/000452.429396:ERROR:aha/components/process_observer/aha_process_observer.cc:72] [process observer][process gone] type is: ckg, pid is: 39485, status is: 1, exit code is: 256, run time is: -1, is sandbox: 1
[39202:39250:0705/000452.429423:INFO:aha/components/perf/process/process_type_provider.cc:111] [ProcessTypeProvider] RemoveProcessOnTaskRunner, pid 39485
[39202:39202:0705/000452.429440:INFO:aha/components/perf/perf_manager_base.cc:509] [perf manager][function = RemoveProcess] remove exited process:39485
[39202:39202:0705/000452.429602:INFO:aha/components/towel/common/static_routing_ap.cc:244] [TOWEL]run timeout checker
[39202:39202:0705/000452.429611:INFO:aha/components/towel/common/static_routing_ap.cc:267] [TOWEL]stop timeout checker
[39202:39202:0705/000452.450617:INFO:aha/components/ipc/ipc_client.cc:75] [AhaIpc] disconnect, channel_id: 124f5d25-8095-4083-bc7f-d2ce46448104
[39202:39202:0705/000452.450650:INFO:aha/components/ipc/ipc_socket.cc:22] [AhaIpc] destruct, channel_id: 124f5d25-8095-4083-bc7f-d2ce46448104
[39202:39202:0705/000452.450656:INFO:aha/components/ipc/ipc_socket.cc:69] [AhaIpc] socket on_disconnect, server: cueServer,  channel_id: 124f5d25-8095-4083-bc7f-d2ce46448104
[39202:39202:0705/000452.457673:ERROR:aha/components/page_load_metrics/observers/page_load_metrics_observer.cc:764] [page_load_metrics][traceId-] this:0x23ac0000ee00, OnDidAddMessageToConsole: src:workbench.desktop.main.js:3845, message:[SANDBOX_TO_MAIN_GET_SETUP_PAGE_LOGIN_FAILED_STATUS] reason: 
[39202:39202:0705/000452.468090:ERROR:aha/components/page_load_metrics/observers/page_load_metrics_observer.cc:764] [page_load_metrics][traceId-] this:0x23ac0000ee00, OnDidAddMessageToConsole: src:workbench.desktop.main.js:6663, message:This document requires 'TrustedScriptURL' assignment. The action has been blocked.
[39202:39202:0705/000452.511413:INFO:aha/components/page_load_metrics/observers/page_load_metrics_observer.cc:591] [page_load_metrics][traceId-] this:0x23ac0000ee00, LCP event triggered: LCP: 851, index: 1
[39202:39202:0705/000452.511460:INFO:aha/components/metrics/metrics_base.cc:112] [startup]  category: , metrics: basicStartupComplete=18;basicStartupComplete_end=36;basicStartupComplete_start=18;commitNavigation=22;commitNavigation_end=837;commitNavigation_start=815;crashReporterStartup=9;crashReporterStartup_end=48;crashReporterStartup_start=39;createBrowserWindow=9;createBrowserWindow_end=764;createBrowserWindow_start=755;createNodeEnv=44;createNodeEnv_end=162;createNodeEnv_start=118;dcl=153;dcl_end=920;dcl_start=767;emitReadyEvent=0;emitReadyEvent_end=574;emitReadyEvent_start=574;fcp=851;fcp_end=1618;fcp_start=767;fmp=0;fmp_end=767;fmp_start=767;fp=179;fp_end=946;fp_start=767;initNodeEnv=30;initNodeEnv_end=192;initNodeEnv_start=162;initRunBrowser=4;initRunBrowser_end=93;initRunBrowser_start=89;initializeICU=1;initializeICU_end=37;initializeICU_start=36;joinAppCode=0;joinAppCode_end=512;joinAppCode_start=512;l=153;l_end=920;l_start=767;lcp=851;lcp_end=1618;lcp_start=767;loadAppCode=320;loadAppCode_end=512;loadAppCode_start=192;loadV8Snapshot=0;loadV8Snapshot_end=37;loadV8Snapshot_start=37;parse=82;parse_end=920;parse_start=838;rendererReady=49;rendererReady_end=816;rendererReady_start=767;response=123;response_end=893;response_start=770;startup=1905;startup_end=1905;startup_start=0;
[39202:39202:0705/000452.579171:ERROR:electron/shell/browser/electron_browser_client.cc:1997] bind receiver for utility
[39202:39202:0705/000452.579191:INFO:aha/components/towel/embedder/master_binder.cc:52] [TOWEL]BindMasterInBrowser, ProcessType(2)
[39202:39202:0705/000452.579204:INFO:aha/components/towel/embedder/master_binder.cc:55] [TOWEL]BindMasterInBrowser, run in main thread, bind.
[39202:39202:0705/000452.579224:INFO:aha/components/towel/common/master_impl.cc:39] [TOWEL][MasterImpl::AddAPWithId] add ap 816741013
[39202:39202:0705/000452.579236:INFO:aha/components/towel/common/master_impl.cc:55] [TOWEL][MasterImpl::AddAP] add ap 816741013
[39202:39202:0705/000452.579304:INFO:aha/components/towel/common/master_impl.cc:193] [TOWEL][MasterImpl::GetAllProviders] provider size is 7 given size is 7
[39202:39202:0705/000452.623006:INFO:aha/components/towel/public/provider.cc:196] [TOWEL][Provider::GetMetaInfo] provider BlockDetectorProvider, method_size is 1 method_list is BlockDetector::HEART_BEAT
[39202:39202:0705/000452.623079:INFO:aha/components/towel/public/provider.cc:196] [TOWEL][Provider::GetMetaInfo] provider trae-config-channel, method_size is 1 method_list is trae-config-channel::SEND
[39202:39202:0705/000452.678756:INFO:aha/components/page_load_metrics/observers/page_load_metrics_observer.cc:591] [page_load_metrics][traceId-] this:0x23ac0000ee00, LCP event triggered: LCP: 857, index: 2
[39202:39202:0705/000452.714865:ERROR:aha/components/page_load_metrics/observers/page_load_metrics_observer.cc:764] [page_load_metrics][traceId-] this:0x23ac0000ee00, OnDidAddMessageToConsole: src:workbench.desktop.main.js:38, message:%c  ERR color: #f33 出现未知错误。有关详细信息，请参阅日志。
[39202:39202:0705/000452.760319:ERROR:aha/components/page_load_metrics/observers/page_load_metrics_observer.cc:764] [page_load_metrics][traceId-] this:0x23ac0000ee00, OnDidAddMessageToConsole: src:index.mjs:1, message:This document requires 'TrustedScript' assignment. The action has been blocked.
[39202:39202:0705/000452.834450:ERROR:aha/components/page_load_metrics/observers/page_load_metrics_observer.cc:764] [page_load_metrics][traceId-] this:0x23ac0000ee00, OnDidAddMessageToConsole: src:index.mjs:1, message:This document requires 'TrustedScript' assignment and no 'default' policy for 'TrustedScript' has been defined. The action has been blocked.
[39202:39202:0705/000452.857383:ERROR:aha/components/page_load_metrics/observers/page_load_metrics_observer.cc:764] [page_load_metrics][traceId-] this:0x23ac0000ee00, OnDidAddMessageToConsole: src:index.mjs:11009, message:This document requires 'TrustedScript' assignment and no 'default' policy for 'TrustedScript' has been defined. The action has been blocked.
[39202:39202:0705/000453.148796:INFO:aha/components/page_load_metrics/observers/page_load_metrics_observer.cc:591] [page_load_metrics][traceId-] this:0x23ac0000ee00, LCP event triggered: LCP: 1469, index: 3
[39202:39202:0705/000453.303571:INFO:aha/electron/shell/browser/api/electron_api_aha_process_monitor.cc:155] [AhaProcessMonitor] OnExtensionChildProcessLaunched, pid: 39566, name: trae, version: 1.0.0, caller_chain size: 1
[39202:39202:0705/000453.439303:ERROR:aha/components/page_load_metrics/observers/page_load_metrics_observer.cc:764] [page_load_metrics][traceId-] this:0x23ac0000ee00, OnDidAddMessageToConsole: src:workbench.desktop.main.js:38, message:%c  ERR color: #f33 [Extension Host] (node:39422) [DEP0040] DeprecationWarning: The `punycode` module is deprecated. Please use a userland alternative instead.
(Use `exe --trace-deprecation ...` to show where the warning was created)
[39202:39202:0705/000453.439362:ERROR:aha/components/page_load_metrics/observers/page_load_metrics_observer.cc:764] [page_load_metrics][traceId-] this:0x23ac0000ee00, OnDidAddMessageToConsole: src:workbench.desktop.main.js:549, message:%c[Extension Host] %c(node:39422) [DEP0040] DeprecationWarning: The `punycode` module is deprecated. Please use a userland alternative instead.
(Use `exe --trace-deprecation ...` to show where the warning was created) color: blue color: 
[39202:39202:0705/000453.466663:INFO:aha/electron/shell/browser/api/electron_api_aha_process_monitor.cc:155] [AhaProcessMonitor] OnExtensionChildProcessLaunched, pid: 39634, name: bash, version: 0.0.1, caller_chain size: 1
[39205:39205:0705/000453.693256:ERROR:third_party/crashpad/crashpad/snapshot/elf/elf_dynamic_array_reader.h:64] tag not found
[39205:39205:0705/000453.700173:INFO:aha/components/crash_monitor/exception_handler_impl.cc:497] OnCrashDumpEvent begin
[39205:39205:0705/000453.700242:INFO:aha/components/crash_monitor/exception_handler_impl.cc:527] OnCrashDumpEvent LookUpCrashReport Succ
[39205:39205:0705/000453.700248:INFO:aha/components/crash_monitor/exception_handler_impl.cc:572] Report: /home/eternity/.config/Electron/Crashpad/pending/74372dd6-79a1-4684-82a1-83e684c7d297.dmp
[39205:39205:0705/000453.700383:INFO:aha/components/crash_monitor/exception_handler_impl.cc:311] CalculateProcessType use process_type from annotation, process_type: browser
[39205:39205:0705/000453.700408:INFO:aha/components/crash_monitor/crash_monitor.cc:761] [CrashMonitor] CrashedCallback: crash report task post to main
[39205:39208:0705/000453.700434:INFO:aha/components/crash_monitor/crash_monitor.cc:827] [CrashMonitor] CrashedCallbackImpl: CrashMonitor::CrashedCallbackImpl. has_gwpasan = 0
[39205:39208:0705/000453.700527:INFO:aha/components/crash_monitor/crash_monitor.cc:979] [CrashMonitor] CrashedCallbackImpl: Start crash report
[39205:39207:0705/000453.700560:INFO:aha/third_party/parfait/aha/parfait_core_aha.cc:739] [Parfait] Record crash {"aid":"682161","app_version":"3.5.62","build_version":"2.3.33256","channel":"stable","client_timestamp":"1783181093000","context":{"aha_electron_version":"39.2.7-release.1.37.3","annotation_detail":"{\"arch\":\"x64\",\"chrome-trace-id\":\"708207142874137506\",\"lsb-release\":\"Arch Linux\",\"osarch\":\"x86_64\",\"pid\":\"39202\",\"plat\":\"Linux\",\"platform\":\"linux\",\"process_type\":\"browser\",\"prod\":\"Electron\",\"ptype\":\"browser\",\"system_params\":\"{\\\"release\\\":\\\"7.0.14-zen1-1-zen\\\",\\\"hostname\\\":\\\"QuantumArch\\\",\\\"memory\\\":32767541248,\\\"cpu\\\":[\\\"AMD Ryzen 7 7745HX with Radeon Graphics\\\",\\\"AMD Ryzen 7 7745HX with Radeon Graphics\\\",\\\"AMD Ryzen 7 7745HX with Radeon Graphics\\\",\\\"AMD Ryzen 7 7745HX with Radeon Graphics\\\",\\\"AMD Ryzen 7 7745HX with Radeon Graphics\\\",\\\"AMD Ryzen 7 7745HX with Radeon Graphics\\\",\\\"AMD Ryzen 7 7745HX with Radeon Graphics\\\",\\\"AMD Ryzen 7 7745HX with Radeon Graphics\\\",\\\"AMD Ryzen 7 7745HX with Radeon Graphics\\\",\\\"AMD Ryzen 7 7745HX with Radeon Graphics\\\",\\\"AMD Ryzen 7 7745HX with Radeon Graphics\\\",\\\"AMD Ryzen 7 7745HX with Radeon Graphics\\\",\\\"AMD Ryzen 7 7745HX with Radeon Graphics\\\",\\\"AMD Ryzen 7 7745HX with Radeon Graphics\\\",\\\"AMD Ryzen 7 7745HX with Radeon Graphics\\\",\\\"AMD Ryzen 7 7745HX with Radeon Graphics\\\"],\\\"memoryUsagePercentage\\\":\\\"25.617796149146088%\\\",\\\"usage\\\":\\\"2.5760581257263437%\\\"}\",\"total-discardable-memory-allocated\":\"4194304\",\"user_id\":\"e09f981585ab064aa9b0f2a3e11cf39fd8a3d112420c0e852c14494078daaf4c\",\"ver\":\"39.2.7\",\"���YTV\":\"6\"}","app_name":"Trae","buildVersion":"2.3.33256","cpu":"AMD Ryzen 7 7745HX with Radeon Graphics","exception_thread_id":"39225","exception_thread_name":"ThreadPoolForeg","hostname":"QuantumArch","is_non_crash":"0","is_shutdown_stage":"0","is_vscode_window_crash":"false","is_wer_crash":"0","last_login_device_id":"","last_login_user_id":"","lifecycle_stage":"MainRunLoopEnter","local_device_id":"b38695be47dc4b34b4945c7a809d8051","machineId":"e09f981585ab064aa9b0f2a3e11cf39fd8a3d112420c0e852c14494078daaf4c","main_thread_name":"trae","memory":"32767541248","memoryUsagePercentage":"25.617796149146088%","region":"SG","release":"7.0.14-zen1-1-zen","usage":"2.5760581257263437%"},"cpu_model":"AMD Ryzen 7 7745HX with Radeon Graphics","delete_file":true,"device_id":"7649334840105879056","device_model":"","file_path":"/home/eternity/.config/Electron/Crashpad/pending/74372dd6-79a1-4684-82a1-83e684c7d297.dmp","gpu_model":"","guid":"0ed8cb73-9d9f-4e25-a927-974b0f6f10c4","log_type":"pc_crash","os":"linux","os_version":"7.0.14-zen1-1-zen(Linux)","process_name":"Unknown(pid=39202)","process_type":"browser","report_url":"https://pcmon-boot.trae.ai/monitor_pc/collect/api/pc_crash","resource_monitor":{"memory_commit":0.0,"memory_commit_limit":0.0,"process_cpu_usage":0.0,"system_cpu_usage":0.0,"system_memory":13574.0,"system_total_memory":31249.0},"signature":"","user_id":""}
[39205:39207:0705/000453.700773:INFO:aha/third_party/parfait/aha/parfait_core_aha.cc:470] [Parfait] Try to upload crash report
[39205:39207:0705/000454.668328:INFO:aha/third_party/parfait/aha/parfait_core_aha.cc:767] [Parfait] Received crash report's network code 204
[39205:39207:0705/000454.668341:INFO:aha/third_party/parfait/aha/parfait_core_aha.cc:790] [Parfait] Finish one crash info
[39205:39207:0705/000454.668401:INFO:aha/third_party/parfait/core_common/file_manager.cc:238] [Parfait] Delete cache file /home/eternity/.config/Electron/Crashpad/parfait/crash/682161/dump_0_39205_1783181093700
[39205:39207:0705/000454.668470:INFO:aha/third_party/parfait/core_common/file_manager.cc:246] [Parfait] Delete file /home/eternity/.config/Electron/Crashpad/pending/74372dd6-79a1-4684-82a1-83e684c7d297.dmp
[39205:39205:0705/000454.668501:INFO:aha/components/crash_monitor/crash_monitor.cc:795] [CrashMonitor] CrashedCallback: crash report wait completed
[39205:39205:0705/000454.668519:INFO:aha/components/crash_monitor/crash_monitor.cc:798] [CrashMonitor] CrashedCallback: end ReportCrashEvent
[39205:39205:0705/000454.668527:INFO:aha/components/crash_monitor/exception_handler_impl.cc:690] OnCrashDumpEvent end
[39205:39205:0705/000533.491598:INFO:aha/third_party/crashpad/crashpad/handler/aha_handler_main.cc:111] #### AhaElectron (Crashpad) Shutdown
